mas-a-15-5-1 | Douglas Stinson | http://academic.research.microsoft.com/Author/1258479/douglas-stinson | organization:University of Waterloo
mas-a-15-5-2 | Paul M. Cobb | http://academic.research.microsoft.com/Author/23538922/paul-m-cobb | organization:Vanderbilt University
mas-a-15-5-3 | Jane M. Watson | http://academic.research.microsoft.com/Author/17963946/jane-m-watson | organization:University of Tasmania
mas-a-15-5-4 | Yu. G. Reshetnyak | http://academic.research.microsoft.com/Author/52738674/yu-g-reshetnyak | organization:University of Tasmania
mas-a-15-5-5 | David O. Tall | http://academic.research.microsoft.com/Author/2107913/david-o-tall | organization:University of Warwick
mas-a-15-5-6 | Martin A. Simon | http://academic.research.microsoft.com/Author/34453336/martin-a-simon | organization:Pennsylvania State University
mas-a-15-5-7 | Masaaki Harada (原田昌晃) | http://academic.research.microsoft.com/Author/254080/masaaki-harada | organization:Yamagata University
mas-a-15-5-8 | Dina Tirosh | http://academic.research.microsoft.com/Author/34195954/dina-tirosh | organization:Tel Aviv University
mas-a-15-5-9 | Aleksandr A. Borovkov | http://academic.research.microsoft.com/Author/12812745/aleksandr-a-borovkov | organization:Russian Academy of Sciences
mas-a-15-5-10 | Celia Hoyles | http://academic.research.microsoft.com/Author/586426/celia-hoyles | organization:Institute of Education University of London
mas-a-15-5-11 | Lieven Verschaffel | http://academic.research.microsoft.com/Author/17931595/lieven-verschaffel | organization:Catholic University of Leuven
mas-a-15-5-12 | V. A. Yakubovich | http://academic.research.microsoft.com/Author/18651681/v-a-yakubovich | organization:Catholic University of Leuven
mas-a-15-5-13 | Igor E. Shparlinski | http://academic.research.microsoft.com/Author/79827/igor-e-shparlinski | organization:Macquarie University
mas-a-15-5-14 | Ruhama Even | http://academic.research.microsoft.com/Author/34431758/ruhama-even | organization:Weizmann Institute of Science
mas-a-15-5-15 | Lloyd N. Trefethen | http://academic.research.microsoft.com/Author/230458/lloyd-n-trefethen | organization:University of Oxford
mas-a-15-5-16 | John Mason | http://academic.research.microsoft.com/Author/11267437/john-mason | organization:Open University UK
mas-a-15-5-17 | Helen M. Doerr | http://academic.research.microsoft.com/Author/17913980/helen-m-doerr | organization:Syracuse University
mas-a-15-5-18 | Leo Storme | http://academic.research.microsoft.com/Author/1034463/leo-storme | organization:Centre Hospitalier Régional Universitaire Lille
mas-a-15-5-19 | Charles Colbourn | http://academic.research.microsoft.com/Author/991693/charles-colbourn | organization:Arizona State University
mas-a-15-5-20 | Tor Helleseth | http://academic.research.microsoft.com/Author/1788553/tor-helleseth | organization:University of Bergen
mas-a-15-5-21 | Rina Zazkis | http://academic.research.microsoft.com/Author/34108931/rina-zazkis | organization:Simon Fraser University
mas-a-15-5-22 | Jurgen Bierbrauer (Jürgen Bierbrauer) | http://academic.research.microsoft.com/Author/776207/jurgen-bierbrauer | organization:Michigan Technological University
mas-a-15-5-23 | Jianxing Yin | http://academic.research.microsoft.com/Author/983212/jianxing-yin | organization:Soochow University
mas-a-15-5-24 | S. K. Vodop’yanov | http://academic.research.microsoft.com/Author/12903416/s-k-vodop-yanov | organization:Russian Academy of Sciences Siberian Branch
mas-a-15-5-25 | Tran Van Trung | http://academic.research.microsoft.com/Author/370789/tran-van-trung | organization:Faculty of Electrical Engineering Gerhard-Mercator-University Duisburg
mas-a-15-5-26 | Luis Radford | http://academic.research.microsoft.com/Author/30942878/luis-radford | organization:Laurentian University
mas-a-15-5-27 | Claude Carlet | http://academic.research.microsoft.com/Author/220692/claude-carlet | organization:The French National Institute for Research in Computer Science and Control
mas-a-15-5-28 | Joseph B. Keller | http://academic.research.microsoft.com/Author/12642545/joseph-b-keller | organization:Stanford University
mas-a-15-5-29 | Lyn D. English | http://academic.research.microsoft.com/Author/18183067/lyn-d-english | organization:Queensland University of Technology
mas-a-15-5-30 | Richard Noss | http://academic.research.microsoft.com/Author/985112/richard-noss | organization:Institute of Education University of London
mas-a-15-5-31 | Alfred Menezes | http://academic.research.microsoft.com/Author/189468/alfred-menezes | organization:University of Waterloo
mas-a-15-5-32 | Heinz Steinbring | http://academic.research.microsoft.com/Author/50433712/heinz-steinbring | organization:Faculty of Electrical Engineering Gerhard-Mercator-University Duisburg
mas-a-15-5-33 | Robert Calderbank | http://academic.research.microsoft.com/Author/751296/robert-calderbank | organization:Duke University
mas-a-15-5-34 | Jinfa Cai | http://academic.research.microsoft.com/Author/34306638/jinfa-cai | organization:University of Delaware
mas-a-15-5-35 | Alan Bell | http://academic.research.microsoft.com/Author/52863540/alan-bell | organization:University of Delaware
mas-a-15-5-36 | Hans Freudenthal | http://academic.research.microsoft.com/Author/12758872/hans-freudenthal | organization:Utrecht University
mas-a-15-5-37 | Joseph A. Thas | http://academic.research.microsoft.com/Author/1511066/joseph-a-thas | organization:Ghent University
mas-a-15-5-38 | John S. Berry | http://academic.research.microsoft.com/Author/41659447/john-s-berry | organization:University of Plymouth
mas-a-15-5-39 | Dieter Jungnickel | http://academic.research.microsoft.com/Author/637685/dieter-jungnickel | organization:University of Augsburg
mas-a-15-5-40 | Kenneth Ruthven | http://academic.research.microsoft.com/Author/18157037/kenneth-ruthven | organization:University of Cambridge
mas-a-15-5-41 | Vladimir D. Tonchev | http://academic.research.microsoft.com/Author/606934/vladimir-d-tonchev | organization:Michigan Technological University
mas-a-15-5-42 | T. Aaron Gulliver | http://academic.research.microsoft.com/Author/1073839/t-aaron-gulliver | organization:University of Victoria
mas-a-15-5-43 | G. V. Demidenko | http://academic.research.microsoft.com/Author/5257220/g-v-demidenko | organization:Russian Academy of Sciences Siberian Branch
mas-a-15-5-44 | R. Julian R. Abel | http://academic.research.microsoft.com/Author/750553/r-julian-r-abel | organization:University of New South Wales
mas-a-15-5-45 | Barbara Jaworski | http://academic.research.microsoft.com/Author/18155372/barbara-jaworski | organization:Loughborough University
mas-a-15-5-46 | A. P. Kopylov | http://academic.research.microsoft.com/Author/18651500/a-p-kopylov | organization:Loughborough University
mas-a-15-5-47 | Klaus Metsch | http://academic.research.microsoft.com/Author/554342/klaus-metsch | organization:Justus Liebig University Giessen
mas-a-15-5-48 | Julian Scott Williams | http://academic.research.microsoft.com/Author/13295309/julian-scott-williams | organization:University of Manchester
mas-a-15-5-49 | Roza Leikin | http://academic.research.microsoft.com/Author/18238639/roza-leikin | organization:University of Haifa
mas-a-15-5-50 | Yves Edel | http://academic.research.microsoft.com/Author/1330693/yves-edel | organization:Ghent University
mas-a-15-5-51 | Keith M. Martin | http://academic.research.microsoft.com/Author/2298218/keith-m-martin | organization:Massey University
mas-a-15-5-52 | Richard Kevin Coll | http://academic.research.microsoft.com/Author/22771630/richard-kevin-coll | organization:University of Waikato
mas-a-15-5-53 | Simon N. Litsyn | http://academic.research.microsoft.com/Author/297743/simon-n-litsyn | organization:Tel Aviv University
mas-a-15-5-54 | Wen-ai Jackson | http://academic.research.microsoft.com/Author/429828/wen-ai-jackson | organization:University of Adelaide
mas-a-15-5-55 | Anne Watson | http://academic.research.microsoft.com/Author/26391739/anne-watson | organization:University of Oxford
mas-a-15-5-56 | V. N. Berestovskii | http://academic.research.microsoft.com/Author/54151806/v-n-berestovskii | organization:Omsk State University
mas-a-15-5-57 | Uri Leron | http://academic.research.microsoft.com/Author/17936131/uri-leron | organization:Technion Israel Institute of Technology
mas-a-15-5-58 | Tatsuya Maruta (丸田辰哉) | http://academic.research.microsoft.com/Author/350761/tatsuya-maruta | organization:Osaka Prefecture University
mas-a-15-5-59 | Andrei Yu Vesnin | http://academic.research.microsoft.com/Author/1037508/andrei-yu-vesnin | organization:Russian Academy of Sciences Siberian Branch
mas-a-15-5-60 | Kevin T. Phelps | http://academic.research.microsoft.com/Author/1877655/kevin-t-phelps | organization:Auburn University
mas-a-15-5-61 | Norma C. Presmeg | http://academic.research.microsoft.com/Author/34288319/norma-c-presmeg | organization:Illinois State University
mas-a-15-5-62 | Geoff Wake | http://academic.research.microsoft.com/Author/46532924/geoff-wake | organization:University of Nottingham
mas-a-15-5-63 | John J. Monaghan | http://academic.research.microsoft.com/Author/53000201/john-j-monaghan | organization:University of Leeds
mas-a-15-5-64 | Alexei E. Ashikhmin | http://academic.research.microsoft.com/Author/12658629/alexei-e-ashikhmin | organization:Bell Labs (Lucent Technologies Inc.)
mas-a-15-5-65 | Michael O. J. Thomas | http://academic.research.microsoft.com/Author/51631771/michael-o-j-thomas | organization:University of Auckland
mas-a-15-5-66 | Desmond J. Higham | http://academic.research.microsoft.com/Author/134108/desmond-j-higham | organization:University of Strathclyde
mas-a-15-5-67 | Carlo Blundo | http://academic.research.microsoft.com/Author/875797/carlo-blundo | organization:Università degli Studi di Salerno
mas-a-15-5-68 | Olof Heden | http://academic.research.microsoft.com/Author/933653/olof-heden | organization:Royal Institute of Technology
mas-a-15-5-69 | Orit Zaslavsky | http://academic.research.microsoft.com/Author/18228210/orit-zaslavsky | organization:Technion Israel Institute of Technology
mas-a-15-5-70 | Tim Rowland | http://academic.research.microsoft.com/Author/34306342/tim-rowland | organization:University of Cambridge
mas-a-15-5-71 | Leone Burton | http://academic.research.microsoft.com/Author/42416936/leone-burton | organization:University of Birmingham
mas-a-15-5-72 | Scott A. Vanstone | http://academic.research.microsoft.com/Author/296317/scott-a-vanstone | organization:University of Waterloo
mas-a-15-5-73 | Qing Xiang | http://academic.research.microsoft.com/Author/2114564/qing-xiang | organization:Huazhong University of Science & Technology
mas-a-15-5-74 | Cunsheng Ding | http://academic.research.microsoft.com/Author/2469370/cunsheng-ding | organization:Hong Kong University of Science & Technology
mas-a-15-5-75 | Andreas J. Stylianides | http://academic.research.microsoft.com/Author/23828992/andreas-j-stylianides | organization:University of Cambridge
mas-a-15-5-76 | Peter L. Galbraith | http://academic.research.microsoft.com/Author/41799801/peter-l-galbraith | organization:European Organization for Nuclear Research CERN
mas-a-15-5-77 | Ed Dubinsky | http://academic.research.microsoft.com/Author/55075881/ed-dubinsky | organization:Kent State University
mas-a-15-5-78 | SIAM REV | http://academic.research.microsoft.com/Author/6822756/siam-rev | organization:Kent State University
mas-a-15-5-79 | Anna Sfard | http://academic.research.microsoft.com/Author/28379913/anna-sfard | organization:University of Haifa
mas-a-15-5-80 | Leen Streefland | http://academic.research.microsoft.com/Author/54026144/leen-streefland | organization:University of Haifa
mas-a-15-5-81 | Baruch B. Schwarz | http://academic.research.microsoft.com/Author/55254008/baruch-b-schwarz | organization:Hebrew University of Jerusalem
mas-a-15-5-82 | Gilbert Strang | http://academic.research.microsoft.com/Author/2006698/gilbert-strang | organization:Massachusetts Institute of Technology
mas-a-15-5-83 | Neal Koblitz | http://academic.research.microsoft.com/Author/2484445/neal-koblitz | organization:University of Washington
mas-a-15-5-84 | Carmen Diaz Batanero (Carmen Díaz Batanero) | http://academic.research.microsoft.com/Author/18757084/carmen-diaz-batanero | organization:Universidad de Granada
mas-a-15-5-85 | Efraim Fischbein | http://academic.research.microsoft.com/Author/28603654/efraim-fischbein | organization:Universidad de Granada
mas-a-15-5-86 | Liora Linchevski | http://academic.research.microsoft.com/Author/34365514/liora-linchevski | organization:Hebrew University of Jerusalem
mas-a-15-5-87 | Susan E. B. Pirie | http://academic.research.microsoft.com/Author/34553523/susan-e-b-pirie | organization:University of British Columbia
mas-a-15-5-88 | Sosina S. Martirosyan | http://academic.research.microsoft.com/Author/3416413/sosina-s-martirosyan | organization:University of Houston-Clear Lake
mas-a-15-5-89 | Ricardo Nemirovsky | http://academic.research.microsoft.com/Author/18155804/ricardo-nemirovsky | organization:San Diego State University
mas-a-15-5-90 | Patrick W. Thompson | http://academic.research.microsoft.com/Author/18173269/patrick-w-thompson | organization:Arizona State University
mas-a-15-5-91 | Pearla Nesher | http://academic.research.microsoft.com/Author/55010691/pearla-nesher | organization:Arizona State University
mas-a-15-5-92 | Patric R. J. Ostergard (Patric R. J. Östergård) | http://academic.research.microsoft.com/Author/1899670/patric-r-j-ostergard | organization:Aalto University
mas-a-15-5-93 | Vladimir G. Romanov | http://academic.research.microsoft.com/Author/18651432/vladimir-g-romanov | organization:Russian Academy of Sciences Siberian Branch
mas-a-15-5-94 | Pessia Tsamir | http://academic.research.microsoft.com/Author/22860490/pessia-tsamir | organization:Tel Aviv University
mas-a-15-5-95 | Ted Graham | http://academic.research.microsoft.com/Author/42249646/ted-graham | organization:University of Plymouth
mas-a-15-5-96 | Antonio Cossidente | http://academic.research.microsoft.com/Author/364853/antonio-cossidente | organization:Università degli Studi della Basilicata
mas-a-15-5-97 | Paul Ernest | http://academic.research.microsoft.com/Author/34120286/paul-ernest | organization:University of Exeter
mas-a-15-5-98 | Siu Lun Ma | http://academic.research.microsoft.com/Author/43413181/siu-lun-ma | organization:National University of Singapore
mas-a-15-5-99 | K. T. Arasu | http://academic.research.microsoft.com/Author/2558050/k-t-arasu | organization:Wright State University
mas-a-15-5-100 | Keith T. Weber | http://academic.research.microsoft.com/Author/13085929/keith-t-weber | organization:Rutgers, The State University of New Jersey
