mas-a-7-17-1 | Jason F. Shogren | http://academic.research.microsoft.com/Author/2604929/jason-f-shogren | organization:University of Wyoming
mas-a-7-17-2 | Robert Costanza | http://academic.research.microsoft.com/Author/23421384/robert-costanza | organization:Australian National University
mas-a-7-17-3 | David D. Zilberman | http://academic.research.microsoft.com/Author/1068152/david-d-zilberman | organization:University of California Berkeley
mas-a-7-17-4 | Nicholas D. Hanley | http://academic.research.microsoft.com/Author/213345/nicholas-d-hanley | organization:University of Stirling
mas-a-7-17-5 | V. Kerry Smith | http://academic.research.microsoft.com/Author/311168/v-kerry-smith | organization:Arizona State University
mas-a-7-17-6 | Jean-Paul Chavas | http://academic.research.microsoft.com/Author/2784501/jean-paul-chavas | organization:University of Wisconsin Madison
mas-a-7-17-7 | John B. Loomis | http://academic.research.microsoft.com/Author/2765707/john-b-loomis | organization:Colorado State University
mas-a-7-17-8 | Barry K. Goodwin | http://academic.research.microsoft.com/Author/15115/barry-k-goodwin | organization:North Carolina State University
mas-a-7-17-9 | Bruce A. McCarl | http://academic.research.microsoft.com/Author/22156877/bruce-a-mccarl | organization:Texas A&M University
mas-a-7-17-10 | Julian M. Alston | http://academic.research.microsoft.com/Author/12533092/julian-m-alston | organization:University of California Davis
mas-a-7-17-11 | Edward B. Barbier | http://academic.research.microsoft.com/Author/4768331/edward-b-barbier | organization:University of Wyoming
mas-a-7-17-12 | Ian J. Bateman | http://academic.research.microsoft.com/Author/483980/ian-j-bateman | organization:University of East Anglia
mas-a-7-17-13 | Jun-Jie Wu | http://academic.research.microsoft.com/Author/23416158/jun-jie-wu | organization:National University of Defense Technology, China
mas-a-7-17-14 | Richard C. Bishop | http://academic.research.microsoft.com/Author/2824510/richard-c-bishop | organization:University of Wisconsin Madison
mas-a-7-17-15 | Wiktor L. Adamowicz | http://academic.research.microsoft.com/Author/2750188/wiktor-l-adamowicz | organization:University of Alberta
mas-a-7-17-16 | Scott Rozelle | http://academic.research.microsoft.com/Author/2188241/scott-rozelle | organization:Stanford University
mas-a-7-17-17 | Richard S. J. Tol | http://academic.research.microsoft.com/Author/1023297/richard-s-j-tol | organization:University of Sussex
mas-a-7-17-18 | Richard J. Sexton | http://academic.research.microsoft.com/Author/2658502/richard-j-sexton | organization:University of California Davis
mas-a-7-17-19 | Daniel W. Bromley | http://academic.research.microsoft.com/Author/10598854/daniel-w-bromley | organization:University of Wisconsin Madison
mas-a-7-17-20 | Robert Mendelsohn | http://academic.research.microsoft.com/Author/1355385/robert-mendelsohn | organization:Yale University
mas-a-7-17-21 | Christopher B. Barrett | http://academic.research.microsoft.com/Author/961153/christopher-b-barrett | organization:Cornell University
mas-a-7-17-22 | Peter B. R. Hazell | http://academic.research.microsoft.com/Author/1528819/peter-b-r-hazell | organization:Imperial College London
mas-a-7-17-23 | Charles Perrings | http://academic.research.microsoft.com/Author/10763961/charles-perrings | organization:Arizona State University
mas-a-7-17-24 | Kenneth E. McConnell | http://academic.research.microsoft.com/Author/2630884/kenneth-e-mcconnell | organization:University of Maryland
mas-a-7-17-25 | G. Cornelis van Kooten | http://academic.research.microsoft.com/Author/18173697/g-cornelis-van-kooten | organization:University of Victoria
mas-a-7-17-26 | Robert G. Chambers | http://academic.research.microsoft.com/Author/18028955/robert-g-chambers | organization:University of Maryland
mas-a-7-17-27 | Erwin H. Bulte | http://academic.research.microsoft.com/Author/2621135/erwin-h-bulte | organization:Wageningen University & Research Centre
mas-a-7-17-28 | Wallace E. Huffman | http://academic.research.microsoft.com/Author/2720409/wallace-e-huffman | organization:Iowa State University
mas-a-7-17-29 | Rulon D. Pope | http://academic.research.microsoft.com/Author/951185/rulon-d-pope | organization:Brigham Young University
mas-a-7-17-30 | GianCarlo Moschini | http://academic.research.microsoft.com/Author/483590/giancarlo-moschini | organization:Iowa State University
mas-a-7-17-31 | Jikun Huang | http://academic.research.microsoft.com/Author/1740451/jikun-huang | organization:Chinese Academy of Sciences
mas-a-7-17-32 | Catherine L. Kling | http://academic.research.microsoft.com/Author/1130747/catherine-l-kling | organization:Iowa State University
mas-a-7-17-33 | Stephen Polasky | http://academic.research.microsoft.com/Author/2600368/stephen-polasky | organization:University of Minnesota
mas-a-7-17-34 | Jeffrey W. Bennett | http://academic.research.microsoft.com/Author/6941228/jeffrey-w-bennett | organization:Australian National University
mas-a-7-17-35 | Robert U. Ayres | http://academic.research.microsoft.com/Author/23463823/robert-u-ayres | organization:Cranfield University
mas-a-7-17-36 | Bruce A. Babcock | http://academic.research.microsoft.com/Author/18214522/bruce-a-babcock | organization:Iowa State University
mas-a-7-17-37 | John A. List | http://academic.research.microsoft.com/Author/342500/john-a-list | organization:University of Chicago
mas-a-7-17-38 | Carl S. Folke | http://academic.research.microsoft.com/Author/2167791/carl-s-folke | organization:Stockholm University
mas-a-7-17-39 | Richard E. Just | http://academic.research.microsoft.com/Author/830033/richard-e-just | organization:University of Maryland
mas-a-7-17-40 | Thomas W. Hertel | http://academic.research.microsoft.com/Author/149913/thomas-w-hertel | organization:Purdue University
mas-a-7-17-41 | Robert K. Kaufmann | http://academic.research.microsoft.com/Author/12631760/robert-k-kaufmann | organization:Boston University
mas-a-7-17-42 | James E. Wilen | http://academic.research.microsoft.com/Author/23398685/james-e-wilen | organization:University of California Davis
mas-a-7-17-43 | Dermot J. Hayes | http://academic.research.microsoft.com/Author/23399918/dermot-j-hayes | organization:Iowa State University
mas-a-7-17-44 | Richard B. Howarth | http://academic.research.microsoft.com/Author/2990208/richard-b-howarth | organization:Dartmouth College
mas-a-7-17-45 | Stephen C. Farber | http://academic.research.microsoft.com/Author/2832976/stephen-c-farber | organization:University of Pittsburgh
mas-a-7-17-46 | Thomas L. Cox | http://academic.research.microsoft.com/Author/2995178/thomas-l-cox | organization:University of Wisconsin Madison
mas-a-7-17-47 | Colin A. Carter | http://academic.research.microsoft.com/Author/10851844/colin-a-carter | organization:University of California Davis
mas-a-7-17-48 | Gordon C. Rausser | http://academic.research.microsoft.com/Author/877360/gordon-c-rausser | organization:University of California Berkeley
mas-a-7-17-49 | John C. Quiggin | http://academic.research.microsoft.com/Author/531437/john-c-quiggin | organization:University of Queensland
mas-a-7-17-50 | David J. Pannell | http://academic.research.microsoft.com/Author/18536489/david-j-pannell | organization:University of Western Australia
mas-a-7-17-51 | Henry W. Kinnucan | http://academic.research.microsoft.com/Author/2832888/henry-w-kinnucan | organization:Auburn University
mas-a-7-17-52 | Michael K. Wohlgenant | http://academic.research.microsoft.com/Author/2990477/michael-k-wohlgenant | organization:North Carolina State University
mas-a-7-17-53 | Jayson L. Lusk | http://academic.research.microsoft.com/Author/2822734/jayson-l-lusk | organization:Oklahoma State University
mas-a-7-17-54 | David A. Bessler | http://academic.research.microsoft.com/Author/270430/david-a-bessler | organization:Texas A&M University
mas-a-7-17-55 | Riccardo Scarpa | http://academic.research.microsoft.com/Author/13075612/riccardo-scarpa | organization:University of Waikato
mas-a-7-17-56 | Erik Lichtenberg | http://academic.research.microsoft.com/Author/2143682/erik-lichtenberg | organization:University of Maryland
mas-a-7-17-57 | Robert N. Stavins | http://academic.research.microsoft.com/Author/1657530/robert-n-stavins | organization:Harvard University
mas-a-7-17-58 | Madhu Khanna | http://academic.research.microsoft.com/Author/19876379/madhu-khanna | organization:University of Illinois Urbana Champaign
mas-a-7-17-59 | James A. Chalfant | http://academic.research.microsoft.com/Author/23403690/james-a-chalfant | organization:University of California Los Angeles
mas-a-7-17-60 | Thomas Reardon | http://academic.research.microsoft.com/Author/195193/thomas-reardon | organization:Michigan State University
mas-a-7-17-61 | Richard T. Carson | http://academic.research.microsoft.com/Author/815051/richard-t-carson | organization:University of California San Diego
mas-a-7-17-62 | David I. Stern | http://academic.research.microsoft.com/Author/44267887/david-i-stern | organization:Australian National University
mas-a-7-17-63 | Nancy E. Bockstael | http://academic.research.microsoft.com/Author/23384865/nancy-e-bockstael | organization:University of Maryland
mas-a-7-17-64 | Shawna Grosskopf | http://academic.research.microsoft.com/Author/504657/shawna-grosskopf | organization:Oregon State University
mas-a-7-17-65 | Richard G. Newell | http://academic.research.microsoft.com/Author/610146/richard-g-newell | organization:Duke University
mas-a-7-17-66 | Gregory L. Poe | http://academic.research.microsoft.com/Author/2594688/gregory-l-poe | organization:Cornell University
mas-a-7-17-67 | Gershon Feder | http://academic.research.microsoft.com/Author/3273665/gershon-feder | organization:World Bank
mas-a-7-17-68 | Alfons Weersink | http://academic.research.microsoft.com/Author/23504827/alfons-weersink | organization:University of Guelph
mas-a-7-17-69 | Peter Nijkamp | http://academic.research.microsoft.com/Author/802319/peter-nijkamp | organization:VU University of Amsterdam
mas-a-7-17-70 | Daniel A. Sumner | http://academic.research.microsoft.com/Author/23438426/daniel-a-sumner | organization:University of California Davis
mas-a-7-17-71 | Kym Anderson | http://academic.research.microsoft.com/Author/320568/kym-anderson | organization:University of Adelaide
mas-a-7-17-72 | Johan F. M. Swinnen | http://academic.research.microsoft.com/Author/2673405/johan-f-m-swinnen | organization:Catholic University of Leuven
mas-a-7-17-73 | Richard E. Just | http://academic.research.microsoft.com/Author/52748253/richard-e-just | organization:University of Maryland
mas-a-7-17-74 | Michael P. Burton | http://academic.research.microsoft.com/Author/5430869/michael-p-burton | organization:University of Western Australia
mas-a-7-17-75 | Peter C. Boxall | http://academic.research.microsoft.com/Author/11818062/peter-c-boxall | organization:University of Auckland
mas-a-7-17-76 | Soyeon Shim | http://academic.research.microsoft.com/Author/42784964/soyeon-shim | organization:University of Arizona
mas-a-7-17-77 | Frank Asche | http://academic.research.microsoft.com/Author/3951630/frank-asche | organization:University of Stavanger
mas-a-7-17-78 | Herman E. Daly | http://academic.research.microsoft.com/Author/11814302/herman-e-daly | organization:University of Leicester
mas-a-7-17-79 | Richard M. Adams | http://academic.research.microsoft.com/Author/23428693/richard-m-adams | organization:Oregon State University
mas-a-7-17-80 | John M. Antle | http://academic.research.microsoft.com/Author/53676134/john-m-antle | organization:University of California Davis
mas-a-7-17-81 | Karl-Goran Maler (Karl-Göran Mäler) | http://academic.research.microsoft.com/Author/2693587/karl-goran-maler | organization:Royal Swedish Academy of Sciences
mas-a-7-17-82 | Paul Ekins | http://academic.research.microsoft.com/Author/23414257/paul-ekins | organization:University College London
mas-a-7-17-83 | B. W. Ang | http://academic.research.microsoft.com/Author/50423071/b-w-ang | organization:National University of Singapore
mas-a-7-17-84 | Jeffrey M. Perloff | http://academic.research.microsoft.com/Author/1275109/jeffrey-m-perloff | organization:University of California Berkeley
mas-a-7-17-85 | Randall A. Kramer | http://academic.research.microsoft.com/Author/18234114/randall-a-kramer | organization:Duke University
mas-a-7-17-86 | Kevin J. Boyle | http://academic.research.microsoft.com/Author/2075272/kevin-j-boyle | organization:Virginia Polytechnic Institute and State University
mas-a-7-17-87 | John M. Antle | http://academic.research.microsoft.com/Author/188579/john-m-antle | organization:Montana State University
mas-a-7-17-88 | Ivar E. Strand Jr. | http://academic.research.microsoft.com/Author/10744821/ivar-e-strand-jr | organization:University of Maryland
mas-a-7-17-89 | Shenggen Fan | http://academic.research.microsoft.com/Author/1568192/shenggen-fan | organization:International Food Policy Research Institute
mas-a-7-17-90 | Olli Tahvonen | http://academic.research.microsoft.com/Author/13137426/olli-tahvonen | organization:Finnish Forest Research Institute
mas-a-7-17-91 | Luther G. Tweeten | http://academic.research.microsoft.com/Author/23450025/luther-g-tweeten | organization:Ohio State University
mas-a-7-17-92 | Colin G. Thirtle | http://academic.research.microsoft.com/Author/2733127/colin-g-thirtle | organization:Imperial College London
mas-a-7-17-93 | Terry L. Roe | http://academic.research.microsoft.com/Author/549693/terry-l-roe | organization:University of Minnesota
mas-a-7-17-94 | David A. Hennessy | http://academic.research.microsoft.com/Author/1790965/david-a-hennessy | organization:Iowa State University
mas-a-7-17-95 | Bruce L. Gardner | http://academic.research.microsoft.com/Author/10689337/bruce-l-gardner | organization:University of Maryland
mas-a-7-17-96 | Ariel Dinar | http://academic.research.microsoft.com/Author/23351033/ariel-dinar | organization:University of California Riverside
mas-a-7-17-97 | Richard D. Horan | http://academic.research.microsoft.com/Author/2330665/richard-d-horan | organization:Michigan State University
mas-a-7-17-98 | John C. Beghin | http://academic.research.microsoft.com/Author/2920489/john-c-beghin | organization:Iowa State University
mas-a-7-17-99 | Peter J. Barry | http://academic.research.microsoft.com/Author/23386692/peter-j-barry | organization:University of Illinois Urbana Champaign
mas-a-7-17-100 | Robert E. Evenson | http://academic.research.microsoft.com/Author/596244/robert-e-evenson | organization:Yale University
