mas-a-2-5-1 | Sebastian Thrun | http://academic.research.microsoft.com/Author/361346/sebastian-thrun | organization:Stanford University
mas-a-2-5-2 | Nicholas R. Jennings | http://academic.research.microsoft.com/Author/1704560/nicholas-r-jennings | organization:University of Southampton
mas-a-2-5-3 | Henri Prade | http://academic.research.microsoft.com/Author/1370738/henri-prade | organization:UMR5505 Institut de Recherche en Informatique de Toulouse
mas-a-2-5-4 | Didier Dubois | http://academic.research.microsoft.com/Author/385221/didier-dubois | organization:UMR5505 Institut de Recherche en Informatique de Toulouse
mas-a-2-5-5 | Wolfram Burgard | http://academic.research.microsoft.com/Author/410000/wolfram-burgard | organization:University of Fribourg
mas-a-2-5-6 | Dieter Fox | http://academic.research.microsoft.com/Author/764982/dieter-fox | organization:University of Washington
mas-a-2-5-7 | Henry Kautz | http://academic.research.microsoft.com/Author/787725/henry-kautz | organization:University of Rochester
mas-a-2-5-8 | Daphne Koller | http://academic.research.microsoft.com/Author/469846/daphne-koller | organization:Stanford University
mas-a-2-5-9 | Francisco Herrera | http://academic.research.microsoft.com/Author/53517104/francisco-herrera | organization:Universidad de Granada
mas-a-2-5-10 | Marco Dorigo | http://academic.research.microsoft.com/Author/1554161/marco-dorigo | organization:Université Libre de Bruxelles
mas-a-2-5-11 | Victor Lesser | http://academic.research.microsoft.com/Author/1825334/victor-lesser | organization:University of Massachusetts
mas-a-2-5-12 | Kalyanmoy Deb | http://academic.research.microsoft.com/Author/1599006/kalyanmoy-deb | organization:Michigan State University
mas-a-2-5-13 | Michael J. Wooldridge | http://academic.research.microsoft.com/Author/1731662/michael-j-wooldridge | organization:University of Oxford
mas-a-2-5-14 | Maja Mataric (Maja J Matarić) | http://academic.research.microsoft.com/Author/251027/maja-mataric | organization:University of Southern California
mas-a-2-5-15 | Ian Horrocks | http://academic.research.microsoft.com/Author/1622794/ian-horrocks | organization:University of Oxford
mas-a-2-5-16 | Ronald R. Yager | http://academic.research.microsoft.com/Author/792934/ronald-r-yager | organization:Iona College
mas-a-2-5-17 | David E. Goldberg | http://academic.research.microsoft.com/Author/201783/david-e-goldberg | organization:University of Illinois Urbana Champaign
mas-a-2-5-18 | Lotfi A. Zadeh | http://academic.research.microsoft.com/Author/2225746/lotfi-a-zadeh | organization:University of California Berkeley
mas-a-2-5-19 | Tuomas Sandholm | http://academic.research.microsoft.com/Author/2502031/tuomas-sandholm | organization:Carnegie Mellon University
mas-a-2-5-20 | Judea Pearl | http://academic.research.microsoft.com/Author/550342/judea-pearl | organization:University of California Los Angeles
mas-a-2-5-21 | Bart Selman | http://academic.research.microsoft.com/Author/479287/bart-selman | organization:Cornell University
mas-a-2-5-22 | Stuart Russell | http://academic.research.microsoft.com/Author/755374/stuart-russell | organization:University of California Berkeley
mas-a-2-5-23 | Joseph Y. Halpern | http://academic.research.microsoft.com/Author/359621/joseph-y-halpern | organization:Cornell University
mas-a-2-5-24 | Hector Levesque | http://academic.research.microsoft.com/Author/2476504/hector-levesque | organization:University of Toronto
mas-a-2-5-25 | James C. Bezdek | http://academic.research.microsoft.com/Author/396831/james-c-bezdek | organization:University of Melbourne
mas-a-2-5-26 | Michael Wellman | http://academic.research.microsoft.com/Author/544883/michael-wellman | organization:University of Michigan
mas-a-2-5-27 | Manuela M. Veloso | http://academic.research.microsoft.com/Author/1500287/manuela-m-veloso | organization:Carnegie Mellon University
mas-a-2-5-28 | Katia Sycara | http://academic.research.microsoft.com/Author/2428888/katia-sycara | organization:Carnegie Mellon University
mas-a-2-5-29 | Daniel S. Weld | http://academic.research.microsoft.com/Author/909851/daniel-s-weld | organization:University of Washington
mas-a-2-5-30 | Hugh Durrant-Whyte | http://academic.research.microsoft.com/Author/47029/hugh-durrant-whyte | organization:University of Sydney
mas-a-2-5-31 | Gaurav Sukhatme | http://academic.research.microsoft.com/Author/170453/gaurav-sukhatme | organization:University of Southern California
mas-a-2-5-32 | Edmund Durfee | http://academic.research.microsoft.com/Author/1180588/edmund-durfee | organization:University of Michigan
mas-a-2-5-33 | Reid G. Simmons | http://academic.research.microsoft.com/Author/448495/reid-g-simmons | organization:Carnegie Mellon University
mas-a-2-5-34 | Rina Dechter | http://academic.research.microsoft.com/Author/111850/rina-dechter | organization:University of California Irvine
mas-a-2-5-35 | Craig Boutilier | http://academic.research.microsoft.com/Author/927981/craig-boutilier | organization:University of Toronto
mas-a-2-5-36 | David Heckerman | http://academic.research.microsoft.com/Author/2457946/david-heckerman | organization:Microsoft
mas-a-2-5-37 | Milind Tambe | http://academic.research.microsoft.com/Author/240147/milind-tambe | organization:University of Southern California
mas-a-2-5-38 | Yoav Shoham | http://academic.research.microsoft.com/Author/506038/yoav-shoham | organization:Stanford University
mas-a-2-5-39 | Jean-claude Latombe | http://academic.research.microsoft.com/Author/1358177/jean-claude-latombe | organization:Stanford University
mas-a-2-5-40 | Tom M. Mitchell | http://academic.research.microsoft.com/Author/316778/tom-m-mitchell | organization:Carnegie Mellon University
mas-a-2-5-41 | Rodney Brooks | http://academic.research.microsoft.com/Author/1727787/rodney-brooks | organization:Massachusetts Institute of Technology
mas-a-2-5-42 | Thomas Eiter | http://academic.research.microsoft.com/Author/159751/thomas-eiter | organization:Vienna University of Technology
mas-a-2-5-43 | Benjamin Kuipers | http://academic.research.microsoft.com/Author/1236919/benjamin-kuipers | organization:University of Michigan
mas-a-2-5-44 | Oren Etzioni | http://academic.research.microsoft.com/Author/1483105/oren-etzioni | organization:University of Washington
mas-a-2-5-45 | Carles Sierra | http://academic.research.microsoft.com/Author/908907/carles-sierra | organization:Consejo Superior de Investigaciones Científicas
mas-a-2-5-46 | Bernhard Nebel | http://academic.research.microsoft.com/Author/1037860/bernhard-nebel | organization:University of Fribourg
mas-a-2-5-47 | Stefan Schaal | http://academic.research.microsoft.com/Author/613248/stefan-schaal | organization:University of Southern California
mas-a-2-5-48 | Jordan Pollack | http://academic.research.microsoft.com/Author/14426/jordan-pollack | organization:Brandeis University
mas-a-2-5-49 | Raymond Mooney | http://academic.research.microsoft.com/Author/195886/raymond-mooney | organization:University of Texas Austin
mas-a-2-5-50 | Vladimir Lifschitz | http://academic.research.microsoft.com/Author/304530/vladimir-lifschitz | organization:University of Texas Austin
mas-a-2-5-51 | Thomas G. Dietterich | http://academic.research.microsoft.com/Author/1622575/thomas-g-dietterich | organization:Oregon State University
mas-a-2-5-52 | Raymond Reiter | http://academic.research.microsoft.com/Author/1205470/raymond-reiter | organization:University of Toronto
mas-a-2-5-53 | Pattie Maes | http://academic.research.microsoft.com/Author/1005976/pattie-maes | organization:Massachusetts Institute of Technology
mas-a-2-5-54 | Sarit Kraus | http://academic.research.microsoft.com/Author/84132/sarit-kraus | organization:Bar Ilan University
mas-a-2-5-55 | Darrell Whitley | http://academic.research.microsoft.com/Author/1328499/darrell-whitley | organization:Colorado State University
mas-a-2-5-56 | Michael L. Littman | http://academic.research.microsoft.com/Author/171434/michael-l-littman | organization:Brown University
mas-a-2-5-57 | Franz Baader | http://academic.research.microsoft.com/Author/1085332/franz-baader | organization:Dresden University of Technology
mas-a-2-5-58 | Tim Finin | http://academic.research.microsoft.com/Author/24269365/tim-finin | organization:University of Maryland Baltimore County
mas-a-2-5-59 | Hisao Ishibuchi (石渕久生) | http://academic.research.microsoft.com/Author/396081/hisao-ishibuchi | organization:Osaka Prefecture University
mas-a-2-5-60 | Peter Stone | http://academic.research.microsoft.com/Author/563419/peter-stone | organization:University of Texas Austin
mas-a-2-5-61 | Vijay Kumar | http://academic.research.microsoft.com/Author/647270/vijay-kumar | organization:University of Pennsylvania
mas-a-2-5-62 | Edmund K. Burke | http://academic.research.microsoft.com/Author/234073/edmund-k-burke | organization:University of Stirling
mas-a-2-5-63 | Oussama Khatib | http://academic.research.microsoft.com/Author/1164539/oussama-khatib | organization:Stanford University
mas-a-2-5-64 | Toby Walsh | http://academic.research.microsoft.com/Author/683700/toby-walsh | organization:University of New South Wales
mas-a-2-5-65 | John R. Koza | http://academic.research.microsoft.com/Author/538807/john-r-koza | organization:Stanford University
mas-a-2-5-66 | Hirochika Inoue | http://academic.research.microsoft.com/Author/1116772/hirochika-inoue | organization:Toyota Technological Institute
mas-a-2-5-67 | Craig Knoblock | http://academic.research.microsoft.com/Author/1233895/craig-knoblock | organization:University of Southern California
mas-a-2-5-68 | Giuseppe De Giacomo | http://academic.research.microsoft.com/Author/973476/giuseppe-de-giacomo | organization:Università degli Studi di Roma La Sapienza
mas-a-2-5-69 | Stefano Nolfi | http://academic.research.microsoft.com/Author/201935/stefano-nolfi | organization:Consiglio Nazionale delle Ricerche
mas-a-2-5-70 | H. Van Dyke Parunak | http://academic.research.microsoft.com/Author/419072/h-van-dyke-parunak | organization:Consiglio Nazionale delle Ricerche
mas-a-2-5-71 | Mark A. Musen | http://academic.research.microsoft.com/Author/2149606/mark-a-musen | organization:Stanford University
mas-a-2-5-72 | Kenneth De Jong | http://academic.research.microsoft.com/Author/349682/kenneth-de-jong | organization:George Mason University
mas-a-2-5-73 | Xin Yao | http://academic.research.microsoft.com/Author/335424/xin-yao | organization:University of Birmingham
mas-a-2-5-74 | Yoshihiko Nakamura (中村仁彦) | http://academic.research.microsoft.com/Author/118342/yoshihiko-nakamura | organization:University of Tokyo
mas-a-2-5-75 | Enrique Herrera-viedma | http://academic.research.microsoft.com/Author/305694/enrique-herrera-viedma | organization:Universidad de Granada
mas-a-2-5-76 | Anthony Stentz | http://academic.research.microsoft.com/Author/297421/anthony-stentz | organization:Carnegie Mellon University
mas-a-2-5-77 | Takeo Kanade (金出武雄) | http://academic.research.microsoft.com/Author/112413/takeo-kanade | organization:Carnegie Mellon University
mas-a-2-5-78 | Mark R. Cutkosky | http://academic.research.microsoft.com/Author/948781/mark-r-cutkosky | organization:Stanford University
mas-a-2-5-79 | Steffen Staab | http://academic.research.microsoft.com/Author/285967/steffen-staab | organization:University of Koblenz Landau
mas-a-2-5-80 | David Aha | http://academic.research.microsoft.com/Author/223494/david-aha | organization:US Naval Research Laboratory
mas-a-2-5-81 | Kurt Konolige | http://academic.research.microsoft.com/Author/1862483/kurt-konolige | organization:SRI International
mas-a-2-5-82 | Zbigniew Michalewicz | http://academic.research.microsoft.com/Author/35611/zbigniew-michalewicz | organization:SRI International
mas-a-2-5-83 | Maurizio Lenzerini | http://academic.research.microsoft.com/Author/539831/maurizio-lenzerini | organization:Università degli Studi di Roma La Sapienza
mas-a-2-5-84 | Martha Pollack | http://academic.research.microsoft.com/Author/2342970/martha-pollack | organization:University of Michigan
mas-a-2-5-85 | Fred Glover | http://academic.research.microsoft.com/Author/2444451/fred-glover | organization:University of Colorado Boulder
mas-a-2-5-86 | Gilbert Laporte | http://academic.research.microsoft.com/Author/1298450/gilbert-laporte | organization:Université de Montreal
mas-a-2-5-87 | Nir Friedman | http://academic.research.microsoft.com/Author/1207329/nir-friedman | organization:Hebrew University of Jerusalem
mas-a-2-5-88 | Gerd Hirzinger | http://academic.research.microsoft.com/Author/93381/gerd-hirzinger | organization:German Aerospace Center
mas-a-2-5-89 | Carlos Artemio Coello Coello | http://academic.research.microsoft.com/Author/209510/carlos-artemio-coello-coello | organization:Centro de Investigación y de Estudios Avanzados
mas-a-2-5-90 | Masayuki Inaba (稲葉雅幸) | http://academic.research.microsoft.com/Author/1089335/masayuki-inaba | organization:University of Tokyo
mas-a-2-5-91 | Pradeep Khosla | http://academic.research.microsoft.com/Author/1225357/pradeep-khosla | organization:Carnegie Mellon University
mas-a-2-5-92 | Sven Koenig | http://academic.research.microsoft.com/Author/292951/sven-koenig | organization:University of Southern California
mas-a-2-5-93 | Dario Floreano | http://academic.research.microsoft.com/Author/2186265/dario-floreano | organization:École Polytechnique Fédérale de Lausanne
mas-a-2-5-94 | Dieter Fensel | http://academic.research.microsoft.com/Author/1692018/dieter-fensel | organization:Universität Innsbruck
mas-a-2-5-95 | Luc De Raedt | http://academic.research.microsoft.com/Author/1195621/luc-de-raedt | organization:Catholic University of Leuven
mas-a-2-5-96 | Ulrike Sattler | http://academic.research.microsoft.com/Author/1794500/ulrike-sattler | organization:University of Manchester
mas-a-2-5-97 | Leslie Pack Kaelbling | http://academic.research.microsoft.com/Author/289339/leslie-pack-kaelbling | organization:Massachusetts Institute of Technology
mas-a-2-5-98 | Satinder Singh | http://academic.research.microsoft.com/Author/306978/satinder-singh | organization:University of Michigan
mas-a-2-5-99 | Michel Gendreau | http://academic.research.microsoft.com/Author/890079/michel-gendreau | organization:Université Laval
mas-a-2-5-100 | Luc Steels | http://academic.research.microsoft.com/Author/1171078/luc-steels | organization:Free University of Brussels
