mas-a-4-3-1 | Klaus Schulten | http://academic.research.microsoft.com/Author/54246253/klaus-schulten | organization:University of Illinois Urbana Champaign
mas-a-4-3-2 | Mark S. P. Sansom | http://academic.research.microsoft.com/Author/26633/mark-s-p-sansom | organization:University of Oxford
mas-a-4-3-3 | Enrico Gratton | http://academic.research.microsoft.com/Author/3135449/enrico-gratton | organization:University of California Irvine
mas-a-4-3-4 | Pieter R. Cullis | http://academic.research.microsoft.com/Author/5153231/pieter-r-cullis | organization:University of British Columbia
mas-a-4-3-5 | Kuo-Chen Chou (周国城) | http://academic.research.microsoft.com/Author/271360/kuo-chen-chou | organization:Shanghai Jiao Tong University
mas-a-4-3-6 | Benoit Roux | http://academic.research.microsoft.com/Author/2593409/benoit-roux | organization:University of Chicago
mas-a-4-3-7 | Hisayuki Matsuo | http://academic.research.microsoft.com/Author/23474145/hisayuki-matsuo | organization:Nagoya City University
mas-a-4-3-8 | Kenji Kangawa | http://academic.research.microsoft.com/Author/55591737/kenji-kangawa | organization:National Cardiovascular Center, Japan
mas-a-4-3-9 | Naoto Minamino (南野直人) | http://academic.research.microsoft.com/Author/3069952/naoto-minamino | organization:National Cardiovascular Center, Japan
mas-a-4-3-10 | John H. Crowe | http://academic.research.microsoft.com/Author/12503513/john-h-crowe | organization:University of Nottingham
mas-a-4-3-11 | Erich Sackmann | http://academic.research.microsoft.com/Author/11384615/erich-sackmann | organization:Technical University Munich
mas-a-4-3-12 | Daniel A. Hammer | http://academic.research.microsoft.com/Author/12965953/daniel-a-hammer | organization:University of Pennsylvania
mas-a-4-3-13 | Richard M. Epand | http://academic.research.microsoft.com/Author/10807605/richard-m-epand | organization:McMaster University
mas-a-4-3-14 | John F. Nagle | http://academic.research.microsoft.com/Author/710120/john-f-nagle | organization:University of East London
mas-a-4-3-15 | Tzi Bun Ng (吳子斌) | http://academic.research.microsoft.com/Author/5050188/tzi-bun-ng | organization:Chinese University of Hong Kong
mas-a-4-3-16 | Kenji Kangawa (寒川賢治) | http://academic.research.microsoft.com/Author/2750764/kenji-kangawa | organization:National Cardiovascular Center, Japan
mas-a-4-3-17 | D. Peter Tieleman | http://academic.research.microsoft.com/Author/12736074/d-peter-tieleman | organization:University of Calgary
mas-a-4-3-18 | Vadivel Ganapathy | http://academic.research.microsoft.com/Author/52029804/vadivel-ganapathy | organization:Medical College of Georgia
mas-a-4-3-19 | Huey W. Huang | http://academic.research.microsoft.com/Author/4286241/huey-w-huang | organization:Rice University
mas-a-4-3-20 | Frederick H. Leibach | http://academic.research.microsoft.com/Author/24154979/frederick-h-leibach | organization:Medical College of Georgia
mas-a-4-3-21 | Salvador Moncada | http://academic.research.microsoft.com/Author/2677096/salvador-moncada | organization:University College London
mas-a-4-3-22 | Donald M. Bers | http://academic.research.microsoft.com/Author/23506448/donald-m-bers | organization:University of California Davis
mas-a-4-3-23 | J. Andrew McCammon | http://academic.research.microsoft.com/Author/12461715/j-andrew-mccammon | organization:University of California San Diego
mas-a-4-3-24 | Petra Schwille | http://academic.research.microsoft.com/Author/10733066/petra-schwille | organization:Dresden University of Technology
mas-a-4-3-25 | Thomas J. McIntosh | http://academic.research.microsoft.com/Author/12977704/thomas-j-mcintosh | organization:Duke University
mas-a-4-3-26 | Demetrios Papahadjopoulos | http://academic.research.microsoft.com/Author/54432625/demetrios-papahadjopoulos | organization:Duke University
mas-a-4-3-27 | Gerhard Meissner | http://academic.research.microsoft.com/Author/23386228/gerhard-meissner | organization:University of North Carolina Chapel Hill
mas-a-4-3-28 | Watt W. Webb | http://academic.research.microsoft.com/Author/3691864/watt-w-webb | organization:Cornell University
mas-a-4-3-29 | Barry H. Honig | http://academic.research.microsoft.com/Author/334876/barry-h-honig | organization:Columbia University
mas-a-4-3-30 | Micah Dembo | http://academic.research.microsoft.com/Author/680059/micah-dembo | organization:Boston University
mas-a-4-3-31 | Rienk van Grondelle | http://academic.research.microsoft.com/Author/2616022/rienk-van-grondelle | organization:VU University of Amsterdam
mas-a-4-3-32 | Alan S. Verkman | http://academic.research.microsoft.com/Author/2680301/alan-s-verkman | organization:University of California San Francisco
mas-a-4-3-33 | Barry Halliwell | http://academic.research.microsoft.com/Author/13159499/barry-halliwell | organization:National University of Singapore
mas-a-4-3-34 | Masamitsu Nakazato | http://academic.research.microsoft.com/Author/23496144/masamitsu-nakazato | organization:Miyazaki University
mas-a-4-3-35 | Ben de Kruijff | http://academic.research.microsoft.com/Author/3886050/ben-de-kruijff | organization:Utrecht University
mas-a-4-3-36 | Toshio Yanagida (柳田敏雄) | http://academic.research.microsoft.com/Author/10749565/toshio-yanagida | organization:Osaka University
mas-a-4-3-37 | Timothy A. Cross | http://academic.research.microsoft.com/Author/12810313/timothy-a-cross | organization:Florida State University
mas-a-4-3-38 | Yoshimi Takai | http://academic.research.microsoft.com/Author/4547114/yoshimi-takai | organization:Kobe University
mas-a-4-3-39 | Sergey M. Bezrukov | http://academic.research.microsoft.com/Author/12994234/sergey-m-bezrukov | organization:National Institutes of Health, United States
mas-a-4-3-40 | Ole G. Mouritsen | http://academic.research.microsoft.com/Author/10816051/ole-g-mouritsen | organization:University of Southern Denmark
mas-a-4-3-41 | Tadashi Inagami | http://academic.research.microsoft.com/Author/23699955/tadashi-inagami | organization:Vanderbilt University
mas-a-4-3-42 | Gordon Tollin | http://academic.research.microsoft.com/Author/23438176/gordon-tollin | organization:University of Arizona
mas-a-4-3-43 | George F. Oster | http://academic.research.microsoft.com/Author/1986519/george-f-oster | organization:University of California Berkeley
mas-a-4-3-44 | Gerd Schmitz | http://academic.research.microsoft.com/Author/13465046/gerd-schmitz | organization:University of Regensburg
mas-a-4-3-45 | Eric Jakobsson | http://academic.research.microsoft.com/Author/2913286/eric-jakobsson | organization:University of Illinois Urbana Champaign
mas-a-4-3-46 | Edward M. Brown | http://academic.research.microsoft.com/Author/54170446/edward-m-brown | organization:Harvard University
mas-a-4-3-47 | Paul K. Hansma | http://academic.research.microsoft.com/Author/12715167/paul-k-hansma | organization:University of California Santa Barbara
mas-a-4-3-48 | Derek Marsh | http://academic.research.microsoft.com/Author/23415820/derek-marsh | organization:Gesellschaft für Wissenschaftliche Datenverarbeitung Gottingen
mas-a-4-3-49 | L. L. M. van Deenen | http://academic.research.microsoft.com/Author/52741916/l-l-m-van-deenen | organization:Leiden University
mas-a-4-3-50 | Gregory A. Voth | http://academic.research.microsoft.com/Author/321489/gregory-a-voth | organization:University of Chicago
mas-a-4-3-51 | Luis A. Bagatolli | http://academic.research.microsoft.com/Author/2597814/luis-a-bagatolli | organization:University of Southern Denmark
mas-a-4-3-52 | Gerald W. Feigenson | http://academic.research.microsoft.com/Author/23425771/gerald-w-feigenson | organization:Cornell University
mas-a-4-3-53 | Magnus Ingelman-Sundberg | http://academic.research.microsoft.com/Author/23532385/magnus-ingelman-sundberg | organization:Karolinska Institute
mas-a-4-3-54 | Yoshio Yazaki | http://academic.research.microsoft.com/Author/10855968/yoshio-yazaki | organization:International Medical Center Japan
mas-a-4-3-55 | Joachim Seelig | http://academic.research.microsoft.com/Author/13453337/joachim-seelig | organization:Universität Basel
mas-a-4-3-56 | Victor A. Bloomfield | http://academic.research.microsoft.com/Author/11406156/victor-a-bloomfield | organization:University of Minnesota
mas-a-4-3-57 | Shin-Ho Chung | http://academic.research.microsoft.com/Author/2131203/shin-ho-chung | organization:Australian National University
mas-a-4-3-58 | Serdar Kuyucak | http://academic.research.microsoft.com/Author/1129571/serdar-kuyucak | organization:University of Sydney
mas-a-4-3-59 | Michael P. Sheetz | http://academic.research.microsoft.com/Author/10745025/michael-p-sheetz | organization:Columbia University
mas-a-4-3-60 | Rakesh K. Jain | http://academic.research.microsoft.com/Author/3545775/rakesh-k-jain | organization:Harvard University
mas-a-4-3-61 | Liliane Schoofs | http://academic.research.microsoft.com/Author/13316409/liliane-schoofs | organization:Catholic University of Leuven
mas-a-4-3-62 | Puttur D. Prasad | http://academic.research.microsoft.com/Author/11363354/puttur-d-prasad | organization:Medical College of Georgia
mas-a-4-3-63 | B DEKRUIJFF | http://academic.research.microsoft.com/Author/23588370/b-dekruijff | organization:Medical College of Georgia
mas-a-4-3-64 | Amitabha Chattopadhyay | http://academic.research.microsoft.com/Author/3973411/amitabha-chattopadhyay | organization:Council of Scientific and Industrial Research
mas-a-4-3-65 | Julio M. Fernandez | http://academic.research.microsoft.com/Author/10700443/julio-m-fernandez | organization:Columbia University
mas-a-4-3-66 | J. Peter Slotte | http://academic.research.microsoft.com/Author/10732680/j-peter-slotte | organization:Abo Akademi University
mas-a-4-3-67 | Kyung-Soo Hahm | http://academic.research.microsoft.com/Author/20388706/kyung-soo-hahm | organization:Chosun University
mas-a-4-3-68 | A. J. Verkleij | http://academic.research.microsoft.com/Author/55126926/a-j-verkleij | organization:Chosun University
mas-a-4-3-69 | Shu Chien | http://academic.research.microsoft.com/Author/3806460/shu-chien | organization:University of California San Diego
mas-a-4-3-70 | Klaus Gawrisch | http://academic.research.microsoft.com/Author/10669777/klaus-gawrisch | organization:National Institutes of Health, United States
mas-a-4-3-71 | Yechezkel Barenholz | http://academic.research.microsoft.com/Author/12782481/yechezkel-barenholz | organization:Hebrew University of Jerusalem
mas-a-4-3-72 | Masami Muramatsu (村松正實) | http://academic.research.microsoft.com/Author/4347692/masami-muramatsu | organization:Gifu University
mas-a-4-3-73 | Ml Klein | http://academic.research.microsoft.com/Author/12502732/ml-klein | organization:Gifu University
mas-a-4-3-74 | Yuji Matsuzawa | http://academic.research.microsoft.com/Author/23427302/yuji-matsuzawa | organization:Hokkaido University
mas-a-4-3-75 | Satoshi Inoue | http://academic.research.microsoft.com/Author/23011875/satoshi-inoue | organization:University of Tokyo
mas-a-4-3-76 | Hans-Joachim Galla | http://academic.research.microsoft.com/Author/23564006/hans-joachim-galla | organization:University of Münster
mas-a-4-3-77 | Kozo Kaibuchi (貝淵弘三) | http://academic.research.microsoft.com/Author/2627206/kozo-kaibuchi | organization:Nagoya University
mas-a-4-3-78 | Akihiro Kusumi (楠見明弘) | http://academic.research.microsoft.com/Author/2709673/akihiro-kusumi | organization:Kyoto University
mas-a-4-3-79 | Justin Teissie (Justin Teissié) | http://academic.research.microsoft.com/Author/17973058/justin-teissie | organization:UPS; IPBS (Institute of Pharmacology and Structural Biology)
mas-a-4-3-80 | Stuart M. McGill | http://academic.research.microsoft.com/Author/22260574/stuart-m-mcgill | organization:University of Waterloo
mas-a-4-3-81 | Kazuhiko Kinosita (木下一彦) | http://academic.research.microsoft.com/Author/2410433/kazuhiko-kinosita | organization:Waseda University
mas-a-4-3-82 | Claudio Franceschi | http://academic.research.microsoft.com/Author/12574146/claudio-franceschi | organization:Università di Bologna
mas-a-4-3-83 | Gregor Cevc | http://academic.research.microsoft.com/Author/3062986/gregor-cevc | organization:Technical University Munich
mas-a-4-3-84 | Takashi Kadowaki | http://academic.research.microsoft.com/Author/18528116/takashi-kadowaki | organization:University of Tokyo
mas-a-4-3-85 | Louis J. Ignarro | http://academic.research.microsoft.com/Author/2848729/louis-j-ignarro | organization:University of California Los Angeles
mas-a-4-3-86 | Masayasu Kojima | http://academic.research.microsoft.com/Author/5046503/masayasu-kojima | organization:Kurume University
mas-a-4-3-87 | Catherine A. Rice-Evans | http://academic.research.microsoft.com/Author/10932154/catherine-a-rice-evans | organization:King's College London
mas-a-4-3-88 | P. Lauger (P. Läuger) | http://academic.research.microsoft.com/Author/54081480/p-lauger | organization:King's College London
mas-a-4-3-89 | Olaf Sparre Andersen | http://academic.research.microsoft.com/Author/4327160/olaf-sparre-andersen | organization:Cornell University
mas-a-4-3-90 | Emad Tajkhorshid | http://academic.research.microsoft.com/Author/800885/emad-tajkhorshid | organization:University of Illinois Urbana Champaign
mas-a-4-3-91 | Felix M. Goni (Félix M. Goñi) | http://academic.research.microsoft.com/Author/11914934/felix-m-goni | organization:Universidad del País Vasco
mas-a-4-3-92 | Jesus Perez-Gil (Jesús Pérez-Gil) | http://academic.research.microsoft.com/Author/19785880/jesus-perez-gil | organization:Universidad Complutense de Madrid
mas-a-4-3-93 | Ronald N. McElhaney | http://academic.research.microsoft.com/Author/12864342/ronald-n-mcelhaney | organization:University of Alberta
mas-a-4-3-94 | Ivo H. M. van Stokkum | http://academic.research.microsoft.com/Author/1599965/ivo-h-m-van-stokkum | organization:VU University of Amsterdam
mas-a-4-3-95 | Yale E. Goldman | http://academic.research.microsoft.com/Author/2584010/yale-e-goldman | organization:University of Pennsylvania
mas-a-4-3-96 | Ayyalusamy Ramamoorthy | http://academic.research.microsoft.com/Author/2641155/ayyalusamy-ramamoorthy | organization:University of Michigan
mas-a-4-3-97 | Alan J. Waring | http://academic.research.microsoft.com/Author/2695855/alan-j-waring | organization:University of California Irvine
mas-a-4-3-98 | Paavo K. J. Kinnunen | http://academic.research.microsoft.com/Author/49858802/paavo-k-j-kinnunen | organization:University of Helsinki
mas-a-4-3-99 | Kevin M. W. Keough | http://academic.research.microsoft.com/Author/2739815/kevin-m-w-keough | organization:Memorial University of Newfoundland
mas-a-4-3-100 | Lutz E. Claes | http://academic.research.microsoft.com/Author/23476097/lutz-e-claes | organization:University of Ulm
