mas-a-7-13-1 | Scott John Vitell | http://academic.research.microsoft.com/Author/10865912/scott-john-vitell | organization:University of Mississippi
mas-a-7-13-2 | Michael A. Hitt | http://academic.research.microsoft.com/Author/1575142/michael-a-hitt | organization:Texas A&M University
mas-a-7-13-3 | G. Tomas M. Hult | http://academic.research.microsoft.com/Author/7637030/g-tomas-m-hult | organization:Michigan State University
mas-a-7-13-4 | Pradeep K. Chintagunta | http://academic.research.microsoft.com/Author/141096/pradeep-k-chintagunta | organization:University of Chicago
mas-a-7-13-5 | Roger J. Calantone | http://academic.research.microsoft.com/Author/10622530/roger-j-calantone | organization:Michigan State University
mas-a-7-13-6 | Jan-Benedict E. M. Steenkamp | http://academic.research.microsoft.com/Author/10244934/jan-benedict-e-m-steenkamp | organization:University of North Carolina Chapel Hill
mas-a-7-13-7 | Hugh C. Willmott | http://academic.research.microsoft.com/Author/23372789/hugh-c-willmott | organization:Cardiff University
mas-a-7-13-8 | Christian Homburg | http://academic.research.microsoft.com/Author/3981514/christian-homburg | organization:University of Mannheim
mas-a-7-13-9 | Roger G. Schroeder | http://academic.research.microsoft.com/Author/2630130/roger-g-schroeder | organization:University of Minnesota
mas-a-7-13-10 | Adamantios Diamantopoulos | http://academic.research.microsoft.com/Author/2938876/adamantios-diamantopoulos | organization:University of Vienna
mas-a-7-13-11 | Vijay Mahajan | http://academic.research.microsoft.com/Author/18028731/vijay-mahajan | organization:University of Texas Austin
mas-a-7-13-12 | Ram Narasimhan | http://academic.research.microsoft.com/Author/18052049/ram-narasimhan | organization:Michigan State University
mas-a-7-13-13 | James P. Guthrie | http://academic.research.microsoft.com/Author/18318761/james-p-guthrie | organization:Macquarie University
mas-a-7-13-14 | Dhruv Grewal | http://academic.research.microsoft.com/Author/1766672/dhruv-grewal | organization:Babson College
mas-a-7-13-15 | John R. Hauser | http://academic.research.microsoft.com/Author/2213057/john-r-hauser | organization:Massachusetts Institute of Technology
mas-a-7-13-16 | Stanley F. Slater | http://academic.research.microsoft.com/Author/2823175/stanley-f-slater | organization:Colorado State University
mas-a-7-13-17 | Hau L. Lee (李效良) | http://academic.research.microsoft.com/Author/2621262/hau-l-lee | organization:Stanford University
mas-a-7-13-18 | Danny Miller | http://academic.research.microsoft.com/Author/23163086/danny-miller | organization:Université de Lausanne
mas-a-7-13-19 | Shelby D. Hunt | http://academic.research.microsoft.com/Author/2702633/shelby-d-hunt | organization:Texas Tech University
mas-a-7-13-20 | Robert B. Handfield | http://academic.research.microsoft.com/Author/1407073/robert-b-handfield | organization:North Carolina State University
mas-a-7-13-21 | Robert G. Cooper | http://academic.research.microsoft.com/Author/18100806/robert-g-cooper | organization:Oak Ridge National Laboratory
mas-a-7-13-22 | Mary E. Barth | http://academic.research.microsoft.com/Author/2878482/mary-e-barth | organization:Stanford University
mas-a-7-13-23 | Morris B. Holbrook | http://academic.research.microsoft.com/Author/18004013/morris-b-holbrook | organization:Columbia University
mas-a-7-13-24 | Michel Wedel | http://academic.research.microsoft.com/Author/10674721/michel-wedel | organization:University of Maryland
mas-a-7-13-25 | Donald R. Lehmann | http://academic.research.microsoft.com/Author/118653/donald-r-lehmann | organization:Columbia University
mas-a-7-13-26 | Jan Mouritsen | http://academic.research.microsoft.com/Author/18057055/jan-mouritsen | organization:Copenhagen Business School
mas-a-7-13-27 | Aleda V. Roth | http://academic.research.microsoft.com/Author/52646567/aleda-v-roth | organization:Clemson University
mas-a-7-13-28 | Anusorn Singhapakdi | http://academic.research.microsoft.com/Author/27452155/anusorn-singhapakdi | organization:Old Dominion University
mas-a-7-13-29 | Cornelia Droge (Cornelia Dröge) | http://academic.research.microsoft.com/Author/23419982/cornelia-droge | organization:Michigan State University
mas-a-7-13-30 | Lisa M. Ellram | http://academic.research.microsoft.com/Author/10622747/lisa-m-ellram | organization:University of Oxford
mas-a-7-13-31 | Birger Wernerfelt | http://academic.research.microsoft.com/Author/1887338/birger-wernerfelt | organization:Massachusetts Institute of Technology
mas-a-7-13-32 | Ken Boyer | http://academic.research.microsoft.com/Author/23643590/ken-boyer | organization:Michigan State University
mas-a-7-13-33 | Richard Laughlin | http://academic.research.microsoft.com/Author/23846705/richard-laughlin | organization:King's College London
mas-a-7-13-34 | Scott A. Neslin | http://academic.research.microsoft.com/Author/2032297/scott-a-neslin | organization:Dartmouth College
mas-a-7-13-35 | Mike Wright | http://academic.research.microsoft.com/Author/7986929/mike-wright | organization:University of Nottingham
mas-a-7-13-36 | Mohamed Zairi | http://academic.research.microsoft.com/Author/1132483/mohamed-zairi | organization:University of Bradford
mas-a-7-13-37 | Leyland F. Pitt | http://academic.research.microsoft.com/Author/1768975/leyland-f-pitt | organization:Simon Fraser University
mas-a-7-13-38 | Lee D. Parker | http://academic.research.microsoft.com/Author/10823447/lee-d-parker | organization:University of South Australia
mas-a-7-13-39 | Ko de Ruyter | http://academic.research.microsoft.com/Author/2492259/ko-de-ruyter | organization:Faculty of Psychology and Neuroscience
mas-a-7-13-40 | Daniel C. Feldman | http://academic.research.microsoft.com/Author/23408791/daniel-c-feldman | organization:University of Georgia
mas-a-7-13-41 | William F. Mitchell | http://academic.research.microsoft.com/Author/301519/william-f-mitchell | organization:Duke University
mas-a-7-13-42 | Wagner A. Kamakura | http://academic.research.microsoft.com/Author/714552/wagner-a-kamakura | organization:Duke University
mas-a-7-13-43 | Vivien Beattie | http://academic.research.microsoft.com/Author/10744180/vivien-beattie | organization:University of Glasgow
mas-a-7-13-44 | Varun Grover | http://academic.research.microsoft.com/Author/2432896/varun-grover | organization:Clemson University
mas-a-7-13-45 | Jay B. Barney | http://academic.research.microsoft.com/Author/1682850/jay-b-barney | organization:Ohio State University
mas-a-7-13-46 | Dan R. Dalton | http://academic.research.microsoft.com/Author/5267981/dan-r-dalton | organization:Indiana University
mas-a-7-13-47 | Yadong Luo | http://academic.research.microsoft.com/Author/323914/yadong-luo | organization:University of Miami
mas-a-7-13-48 | David J. Ketchen Jr. | http://academic.research.microsoft.com/Author/2515640/david-j-ketchen-jr | organization:Auburn University
mas-a-7-13-49 | William O. Bearden | http://academic.research.microsoft.com/Author/2788114/william-o-bearden | organization:University of South Carolina
mas-a-7-13-50 | Vinod Kumar | http://academic.research.microsoft.com/Author/23356329/vinod-kumar | organization:Carleton University
mas-a-7-13-51 | Constantine S. Katsikeas | http://academic.research.microsoft.com/Author/4418089/constantine-s-katsikeas | organization:University of Leeds
mas-a-7-13-52 | Shaker A. Zahra | http://academic.research.microsoft.com/Author/18215544/shaker-a-zahra | organization:University of Minnesota
mas-a-7-13-53 | Salih Tamer Cavusgil | http://academic.research.microsoft.com/Author/4135184/salih-tamer-cavusgil | organization:Georgia State University
mas-a-7-13-54 | Jordan J. Louviere | http://academic.research.microsoft.com/Author/523531/jordan-j-louviere | organization:University of Technology Sydney
mas-a-7-13-55 | Luk N. Van Wassenhove | http://academic.research.microsoft.com/Author/196132/luk-n-van-wassenhove | organization:INSEAD Business School
mas-a-7-13-56 | Rob Gray | http://academic.research.microsoft.com/Author/10494348/rob-gray | organization:University of Saint Andrews
mas-a-7-13-57 | Rajiv D. Banker | http://academic.research.microsoft.com/Author/822013/rajiv-d-banker | organization:Temple University
mas-a-7-13-58 | S. P. Kothari | http://academic.research.microsoft.com/Author/115108/s-p-kothari | organization:Massachusetts Institute of Technology
mas-a-7-13-59 | A. Parasuraman | http://academic.research.microsoft.com/Author/2227508/a-parasuraman | organization:North Carolina State University
mas-a-7-13-60 | Izak Benbasat | http://academic.research.microsoft.com/Author/1524896/izak-benbasat | organization:University of British Columbia
mas-a-7-13-61 | Martin G. Christopher | http://academic.research.microsoft.com/Author/13217490/martin-g-christopher | organization:Cranfield University
mas-a-7-13-62 | Nirmala Venkatraman | http://academic.research.microsoft.com/Author/743135/nirmala-venkatraman | organization:Northern Arizona University
mas-a-7-13-63 | Ronald Earl Goldsmith | http://academic.research.microsoft.com/Author/2728995/ronald-earl-goldsmith | organization:Florida State University
mas-a-7-13-64 | Leslie de Chernatony | http://academic.research.microsoft.com/Author/5497364/leslie-de-chernatony | organization:Università della Svizzera Italiana
mas-a-7-13-65 | Dean Neu | http://academic.research.microsoft.com/Author/23438010/dean-neu | organization:University of Calgary
mas-a-7-13-66 | Jehoshua Eliashberg | http://academic.research.microsoft.com/Author/36580/jehoshua-eliashberg | organization:University of Pennsylvania
mas-a-7-13-67 | Gerard J. Tellis | http://academic.research.microsoft.com/Author/1025402/gerard-j-tellis | organization:University of Southern California
mas-a-7-13-68 | Jane Broadbent | http://academic.research.microsoft.com/Author/23846704/jane-broadbent | organization:Roehampton University
mas-a-7-13-69 | Ward Whitt | http://academic.research.microsoft.com/Author/318888/ward-whitt | organization:Columbia University
mas-a-7-13-70 | Manoj K. Malhotra | http://academic.research.microsoft.com/Author/22254720/manoj-k-malhotra | organization:University of South Carolina
mas-a-7-13-71 | David F. Larcker | http://academic.research.microsoft.com/Author/323520/david-f-larcker | organization:Stanford University
mas-a-7-13-72 | Richard G. Sloan | http://academic.research.microsoft.com/Author/4544/richard-g-sloan | organization:University of Southern California
mas-a-7-13-73 | Mark L. DeFond | http://academic.research.microsoft.com/Author/2370152/mark-l-defond | organization:University of Southern California
mas-a-7-13-74 | Scott Shane | http://academic.research.microsoft.com/Author/2736225/scott-shane | organization:Case Western Reserve University
mas-a-7-13-75 | Robert E. Verrecchia | http://academic.research.microsoft.com/Author/555145/robert-e-verrecchia | organization:University of Pennsylvania
mas-a-7-13-76 | Mark A. Vonderembse | http://academic.research.microsoft.com/Author/3216703/mark-a-vonderembse | organization:University of Toledo
mas-a-7-13-77 | Michael G. Harvey | http://academic.research.microsoft.com/Author/53686822/michael-g-harvey | organization:University of Mississippi
mas-a-7-13-78 | Rodney McAdam | http://academic.research.microsoft.com/Author/233567/rodney-mcadam | organization:University of Ulster
mas-a-7-13-79 | Leigh Sparks | http://academic.research.microsoft.com/Author/52732298/leigh-sparks | organization:University of Stirling
mas-a-7-13-80 | Pierre R. Berthon | http://academic.research.microsoft.com/Author/10532282/pierre-r-berthon | organization:Bentley College
mas-a-7-13-81 | Wesley J. Johnston | http://academic.research.microsoft.com/Author/10874921/wesley-j-johnston | organization:Georgia State University
mas-a-7-13-82 | Gerald R. Ferris | http://academic.research.microsoft.com/Author/10815792/gerald-r-ferris | organization:Florida State University
mas-a-7-13-83 | William W. Cooper | http://academic.research.microsoft.com/Author/1106900/william-w-cooper | organization:University of Texas Austin
mas-a-7-13-84 | Lloyd C. Harris | http://academic.research.microsoft.com/Author/53549177/lloyd-c-harris | organization:University of Warwick
mas-a-7-13-85 | Gary L. Lilien | http://academic.research.microsoft.com/Author/405954/gary-l-lilien | organization:Pennsylvania State University
mas-a-7-13-86 | Gordon R. Foxall | http://academic.research.microsoft.com/Author/18153043/gordon-r-foxall | organization:Cardiff University
mas-a-7-13-87 | Mike W. Peng | http://academic.research.microsoft.com/Author/3381367/mike-w-peng | organization:University of Texas Dallas
mas-a-7-13-88 | Chee W. Chow | http://academic.research.microsoft.com/Author/23465554/chee-w-chow | organization:University of California San Diego
mas-a-7-13-89 | Kannan Raghunandan | http://academic.research.microsoft.com/Author/3309350/kannan-raghunandan | organization:Florida International University
mas-a-7-13-90 | Jagdish N. Sheth | http://academic.research.microsoft.com/Author/3058625/jagdish-n-sheth | organization:Emory University
mas-a-7-13-91 | Robert E. Hoskisson | http://academic.research.microsoft.com/Author/2820757/robert-e-hoskisson | organization:Rice University
mas-a-7-13-92 | Marnik G. Dekimpe | http://academic.research.microsoft.com/Author/2960241/marnik-g-dekimpe | organization:University of Tilburg
mas-a-7-13-93 | Peter S. Fader | http://academic.research.microsoft.com/Author/937457/peter-s-fader | organization:University of Pennsylvania
mas-a-7-13-94 | Denis R. Towill | http://academic.research.microsoft.com/Author/12703840/denis-r-towill | organization:Cardiff University
mas-a-7-13-95 | Venkatesh Srinivasan | http://academic.research.microsoft.com/Author/313245/venkatesh-srinivasan | organization:Stanford University
mas-a-7-13-96 | Peter W. Wright | http://academic.research.microsoft.com/Author/10722591/peter-w-wright | organization:University of Sheffield
mas-a-7-13-97 | Craig R. Carter | http://academic.research.microsoft.com/Author/10821671/craig-r-carter | organization:Arizona State University
mas-a-7-13-98 | Charles R. Schwenk | http://academic.research.microsoft.com/Author/1855217/charles-r-schwenk | organization:Indiana University
mas-a-7-13-99 | Chris A. Janiszewski | http://academic.research.microsoft.com/Author/2628476/chris-a-janiszewski | organization:University of Florida
mas-a-7-13-100 | Sunil Gupta | http://academic.research.microsoft.com/Author/23384563/sunil-gupta | organization:Harvard University
