mas-a-7-15-1 | Mike Wright | http://academic.research.microsoft.com/Author/7986929/mike-wright | organization:University of Nottingham
mas-a-7-15-2 | X. Michael Song | http://academic.research.microsoft.com/Author/1376525/x-michael-song | organization:University of Washington
mas-a-7-15-3 | Ian C. MacMillan | http://academic.research.microsoft.com/Author/10666750/ian-c-macmillan | organization:University of Pennsylvania
mas-a-7-15-4 | Robert G. Cooper | http://academic.research.microsoft.com/Author/18100806/robert-g-cooper | organization:Oak Ridge National Laboratory
mas-a-7-15-5 | J. Scott Armstrong | http://academic.research.microsoft.com/Author/18064513/j-scott-armstrong | organization:University of Pennsylvania
mas-a-7-15-6 | Richard Nelson | http://academic.research.microsoft.com/Author/2040398/richard-nelson | organization:Columbia University
mas-a-7-15-7 | David C. Mowery | http://academic.research.microsoft.com/Author/289538/david-c-mowery | organization:University of California Berkeley
mas-a-7-15-8 | Shaker A. Zahra | http://academic.research.microsoft.com/Author/18215544/shaker-a-zahra | organization:University of Minnesota
mas-a-7-15-9 | Eric von. Hippel | http://academic.research.microsoft.com/Author/527178/eric-von-hippel | organization:Massachusetts Institute of Technology
mas-a-7-15-10 | Abbie Griffin | http://academic.research.microsoft.com/Author/2804217/abbie-griffin | organization:University of Utah
mas-a-7-15-11 | William W. Cooper | http://academic.research.microsoft.com/Author/1106900/william-w-cooper | organization:University of Texas Austin
mas-a-7-15-12 | Roger J. Calantone | http://academic.research.microsoft.com/Author/10622530/roger-j-calantone | organization:Michigan State University
mas-a-7-15-13 | Andy Lockett | http://academic.research.microsoft.com/Author/18429473/andy-lockett | organization:University of Warwick
mas-a-7-15-14 | Philip Hans Franses | http://academic.research.microsoft.com/Author/424296/philip-hans-franses | organization:Erasmus University of Rotterdam
mas-a-7-15-15 | Giovanni Dosi | http://academic.research.microsoft.com/Author/1696104/giovanni-dosi | organization:Scuola Superiore Sant'Anna
mas-a-7-15-16 | Paul A. David | http://academic.research.microsoft.com/Author/927459/paul-a-david | organization:Stanford University
mas-a-7-15-17 | Franco Malerba | http://academic.research.microsoft.com/Author/952873/franco-malerba | organization:Università Bocconi
mas-a-7-15-18 | Marcus J. O’Connor | http://academic.research.microsoft.com/Author/43146216/marcus-j-o-connor | organization:University of Sydney
mas-a-7-15-19 | Keith Pavitt | http://academic.research.microsoft.com/Author/653690/keith-pavitt | organization:University of Sussex
mas-a-7-15-20 | Staffan Jacobsson | http://academic.research.microsoft.com/Author/2829930/staffan-jacobsson | organization:Chalmers University of Technology
mas-a-7-15-21 | Vincent Mangematin | http://academic.research.microsoft.com/Author/2373321/vincent-mangematin | organization:Grenoble École de Management
mas-a-7-15-22 | Bruce Tether | http://academic.research.microsoft.com/Author/23353584/bruce-tether | organization:Imperial College London
mas-a-7-15-23 | Spyros Makridakis | http://academic.research.microsoft.com/Author/107142/spyros-makridakis | organization:INSEAD Business School
mas-a-7-15-24 | Erik Jan Hultink | http://academic.research.microsoft.com/Author/1162439/erik-jan-hultink | organization:Delft University of Technology
mas-a-7-15-25 | Albert N. Link | http://academic.research.microsoft.com/Author/120618/albert-n-link | organization:University of North Carolina Greensboro
mas-a-7-15-26 | Clive W. J. Granger | http://academic.research.microsoft.com/Author/10541987/clive-w-j-granger | organization:University of California San Diego
mas-a-7-15-27 | Sue Birley | http://academic.research.microsoft.com/Author/10854389/sue-birley | organization:Imperial College London
mas-a-7-15-28 | Bart Verspagen | http://academic.research.microsoft.com/Author/443133/bart-verspagen | organization:Maastricht University
mas-a-7-15-29 | Michael P. Clements | http://academic.research.microsoft.com/Author/1100440/michael-p-clements | organization:University of Warwick
mas-a-7-15-30 | Loet Leydesdorff | http://academic.research.microsoft.com/Author/1433786/loet-leydesdorff | organization:University of Amsterdam
mas-a-7-15-31 | Elko J. Kleinschmidt | http://academic.research.microsoft.com/Author/301232/elko-j-kleinschmidt | organization:McMaster University
mas-a-7-15-32 | Robert Fildes | http://academic.research.microsoft.com/Author/23356266/robert-fildes | organization:Lancaster University
mas-a-7-15-33 | Nicholas Crafts | http://academic.research.microsoft.com/Author/277854/nicholas-crafts | organization:University of Warwick
mas-a-7-15-34 | Dean A. Shepherd | http://academic.research.microsoft.com/Author/369910/dean-a-shepherd | organization:Indiana University
mas-a-7-15-35 | Paul Goodwin | http://academic.research.microsoft.com/Author/23384179/paul-goodwin | organization:University of Bath
mas-a-7-15-36 | Geert Duysters | http://academic.research.microsoft.com/Author/2787237/geert-duysters | organization:Eindhoven University of Technology
mas-a-7-15-37 | James W. Taylor | http://academic.research.microsoft.com/Author/12718467/james-w-taylor | organization:University of Oxford
mas-a-7-15-38 | Edward F. McDonough III | http://academic.research.microsoft.com/Author/325782/edward-f-mcdonough-iii | organization:Northeastern University
mas-a-7-15-39 | Edward Baer. Roberts | http://academic.research.microsoft.com/Author/2867627/edward-baer-roberts | organization:Stanford University
mas-a-7-15-40 | Kenneth B. Kahn | http://academic.research.microsoft.com/Author/23375950/kenneth-b-kahn | organization:Virginia Commonwealth University
mas-a-7-15-41 | Donald S. Siegel | http://academic.research.microsoft.com/Author/2697332/donald-s-siegel | organization:State University of New York at Albany
mas-a-7-15-42 | Frank W. Geels | http://academic.research.microsoft.com/Author/2887818/frank-w-geels | organization:University of Sussex
mas-a-7-15-43 | Bart Clarysse | http://academic.research.microsoft.com/Author/3435938/bart-clarysse | organization:Imperial College London
mas-a-7-15-44 | Martin Ravallion | http://academic.research.microsoft.com/Author/1574437/martin-ravallion | organization:World Bank
mas-a-7-15-45 | Kwaku Atuahene-Gima | http://academic.research.microsoft.com/Author/12122910/kwaku-atuahene-gima | organization:China Europe International Business School
mas-a-7-15-46 | Barry Bozeman | http://academic.research.microsoft.com/Author/43303271/barry-bozeman | organization:University of Georgia
mas-a-7-15-47 | Maryann P. Feldman | http://academic.research.microsoft.com/Author/189446/maryann-p-feldman | organization:University of North Carolina Chapel Hill
mas-a-7-15-48 | Marcel Fafchamps | http://academic.research.microsoft.com/Author/1455346/marcel-fafchamps | organization:University of Oxford
mas-a-7-15-49 | Scott Shane | http://academic.research.microsoft.com/Author/2736225/scott-shane | organization:Case Western Reserve University
mas-a-7-15-50 | Arnold C. Cooper | http://academic.research.microsoft.com/Author/2851087/arnold-c-cooper | organization:Purdue University
mas-a-7-15-51 | David. J. Teece | http://academic.research.microsoft.com/Author/123910/david-j-teece | organization:University of California Berkeley
mas-a-7-15-52 | Edmundas Kazimieras Zavadskas | http://academic.research.microsoft.com/Author/3432282/edmundas-kazimieras-zavadskas | organization:Vilnius Gediminas Technical University
mas-a-7-15-53 | David B. Audretsch | http://academic.research.microsoft.com/Author/10865361/david-b-audretsch | organization:Vilnius Gediminas Technical University
mas-a-7-15-54 | S. B. Saul | http://academic.research.microsoft.com/Author/23417351/s-b-saul | organization:University of Edinburgh
mas-a-7-15-55 | Timothy Bates | http://academic.research.microsoft.com/Author/47383464/timothy-bates | organization:Wayne State University
mas-a-7-15-56 | Leopold Simar | http://academic.research.microsoft.com/Author/442762/leopold-simar | organization:Université Catholique de Louvain
mas-a-7-15-57 | Ben R. Martin | http://academic.research.microsoft.com/Author/3230036/ben-r-martin | organization:University of Sussex
mas-a-7-15-58 | Nigel Meade | http://academic.research.microsoft.com/Author/12823357/nigel-meade | organization:Imperial College London
mas-a-7-15-59 | Shawna Grosskopf | http://academic.research.microsoft.com/Author/504657/shawna-grosskopf | organization:Oregon State University
mas-a-7-15-60 | John Bessant | http://academic.research.microsoft.com/Author/10622591/john-bessant | organization:University of Exeter
mas-a-7-15-61 | Massimo G. Colombo | http://academic.research.microsoft.com/Author/4164139/massimo-g-colombo | organization:Politecnico di Milano
mas-a-7-15-62 | John Hagedoorn | http://academic.research.microsoft.com/Author/2944577/john-hagedoorn | organization:Faculty of Psychology and Neuroscience
mas-a-7-15-63 | Nick Bontis | http://academic.research.microsoft.com/Author/378644/nick-bontis | organization:McMaster University
mas-a-7-15-64 | Jeremy R. Howells | http://academic.research.microsoft.com/Author/9073807/jeremy-r-howells | organization:University of Manchester
mas-a-7-15-65 | Rudy K. Moenaert | http://academic.research.microsoft.com/Author/10622479/rudy-k-moenaert | organization:Tiasnimbas Business School
mas-a-7-15-66 | Subal C. Kumbhakar | http://academic.research.microsoft.com/Author/11648961/subal-c-kumbhakar | organization:Binghamton University
mas-a-7-15-67 | Alfonso Gambardella | http://academic.research.microsoft.com/Author/13007831/alfonso-gambardella | organization:Università Bocconi
mas-a-7-15-68 | Pat Hudson | http://academic.research.microsoft.com/Author/11126277/pat-hudson | organization:Università Bocconi
mas-a-7-15-69 | Sidney Winter | http://academic.research.microsoft.com/Author/1388861/sidney-winter | organization:University of Pennsylvania
mas-a-7-15-70 | Steven H. Appelbaum | http://academic.research.microsoft.com/Author/18459132/steven-h-appelbaum | organization:Concordia University
mas-a-7-15-71 | Jeremy P. Smith | http://academic.research.microsoft.com/Author/6821844/jeremy-p-smith | organization:University of Warwick
mas-a-7-15-72 | Ashish Arora | http://academic.research.microsoft.com/Author/17945930/ashish-arora | organization:Sanjay Gandhi Postgraduate Institute of Medical Sciences
mas-a-7-15-73 | Vijay Mahajan | http://academic.research.microsoft.com/Author/18028731/vijay-mahajan | organization:University of Texas Austin
mas-a-7-15-74 | Paul Westhead | http://academic.research.microsoft.com/Author/23405991/paul-westhead | organization:Durham University
mas-a-7-15-75 | David Walters | http://academic.research.microsoft.com/Author/23443614/david-walters | organization:University of Western Sydney
mas-a-7-15-76 | Dietmar Harhoff | http://academic.research.microsoft.com/Author/336670/dietmar-harhoff | organization:Ludwig Maximilian University of Munich
mas-a-7-15-77 | Gloria Barczak | http://academic.research.microsoft.com/Author/10622685/gloria-barczak | organization:Northeastern University
mas-a-7-15-78 | Anthony F. J. Van Raan | http://academic.research.microsoft.com/Author/52851386/anthony-f-j-van-raan | organization:Leiden University
mas-a-7-15-79 | Ikujiro Nonaka (野中郁次郎) | http://academic.research.microsoft.com/Author/800084/ikujiro-nonaka | organization:Case Western Reserve University
mas-a-7-15-80 | Abraham Charnes | http://academic.research.microsoft.com/Author/17943653/abraham-charnes | organization:University of Texas Austin
mas-a-7-15-81 | Graham Beaver | http://academic.research.microsoft.com/Author/6085676/graham-beaver | organization:University of Brighton
mas-a-7-15-82 | Sidney Pollard | http://academic.research.microsoft.com/Author/2726023/sidney-pollard | organization:University of Sheffield
mas-a-7-15-83 | William Ashworth | http://academic.research.microsoft.com/Author/24031316/william-ashworth | organization:University of Sheffield
mas-a-7-15-84 | Peter Temin | http://academic.research.microsoft.com/Author/2956485/peter-temin | organization:Massachusetts Institute of Technology
mas-a-7-15-85 | Derek H. Aldcroft | http://academic.research.microsoft.com/Author/28121754/derek-h-aldcroft | organization:University of Glasgow
mas-a-7-15-86 | S. D. Chapman | http://academic.research.microsoft.com/Author/6156113/s-d-chapman | organization:University of Glasgow
mas-a-7-15-87 | Chris Chatfield | http://academic.research.microsoft.com/Author/2593475/chris-chatfield | organization:University of Bath
mas-a-7-15-88 | Geoffrey Jones | http://academic.research.microsoft.com/Author/23435684/geoffrey-jones | organization:Harvard University
mas-a-7-15-89 | Eric E. Lampard | http://academic.research.microsoft.com/Author/28121382/eric-e-lampard | organization:Harvard University
mas-a-7-15-90 | Alan S. Milward | http://academic.research.microsoft.com/Author/23417350/alan-s-milward | organization:Harvard University
mas-a-7-15-91 | Herman O. Stekler | http://academic.research.microsoft.com/Author/2672339/herman-o-stekler | organization:George Washington University
mas-a-7-15-92 | Rob J. Hyndman | http://academic.research.microsoft.com/Author/12524476/rob-j-hyndman | organization:Monash University
mas-a-7-15-93 | Jeffrey G. Williamson | http://academic.research.microsoft.com/Author/158108/jeffrey-g-williamson | organization:Harvard University
mas-a-7-15-94 | Fred Collopy | http://academic.research.microsoft.com/Author/1006431/fred-collopy | organization:Case Western Reserve University
mas-a-7-15-95 | Nathan Rosenberg | http://academic.research.microsoft.com/Author/1035721/nathan-rosenberg | organization:Stanford University
mas-a-7-15-96 | E. L. Jones | http://academic.research.microsoft.com/Author/23389334/e-l-jones | organization:Brunel University
mas-a-7-15-97 | Roy Rothwell | http://academic.research.microsoft.com/Author/23417501/roy-rothwell | organization:University of Sussex
mas-a-7-15-98 | Mark E. Parry | http://academic.research.microsoft.com/Author/10744240/mark-e-parry | organization:University of Missouri Kansas City
mas-a-7-15-99 | Hariolf Grupp | http://academic.research.microsoft.com/Author/23385615/hariolf-grupp | organization:Fraunhofer Society
mas-a-7-15-100 | Daniele Archibugi | http://academic.research.microsoft.com/Author/2784278/daniele-archibugi | organization:Birkbeck University of London
