mas-a-4-6-1 | Rudolf Amann | http://academic.research.microsoft.com/Author/2147238/rudolf-amann | organization:Max Planck Gesellschaft
mas-a-4-6-2 | Jim R. Ehleringer | http://academic.research.microsoft.com/Author/2612055/jim-r-ehleringer | organization:University of Utah
mas-a-4-6-3 | Ragan M. Callaway | http://academic.research.microsoft.com/Author/23496214/ragan-m-callaway | organization:University of Montana Missoula
mas-a-4-6-4 | Ralf Conrad | http://academic.research.microsoft.com/Author/23386518/ralf-conrad | organization:Max Planck Gesellschaft
mas-a-4-6-5 | Monica Goigel Turner | http://academic.research.microsoft.com/Author/3718085/monica-goigel-turner | organization:University of Wisconsin Madison
mas-a-4-6-6 | Derek Lovley | http://academic.research.microsoft.com/Author/2594760/derek-lovley | organization:University of Massachusetts
mas-a-4-6-7 | Bernhard Schmid | http://academic.research.microsoft.com/Author/3863658/bernhard-schmid | organization:Universität Zürich
mas-a-4-6-8 | Harold A. Mooney | http://academic.research.microsoft.com/Author/74475/harold-a-mooney | organization:Stanford University
mas-a-4-6-9 | David Tilman | http://academic.research.microsoft.com/Author/1042892/david-tilman | organization:University of Minnesota
mas-a-4-6-10 | Michael J. Wagner | http://academic.research.microsoft.com/Author/47460419/michael-j-wagner | organization:University of Bonn
mas-a-4-6-11 | Kevin J. Gaston | http://academic.research.microsoft.com/Author/2744093/kevin-j-gaston | organization:School of Pharmacy University of London
mas-a-4-6-12 | James I. Prosser | http://academic.research.microsoft.com/Author/4417925/james-i-prosser | organization:University of Aberdeen
mas-a-4-6-13 | Mark Westoby | http://academic.research.microsoft.com/Author/23409711/mark-westoby | organization:Macquarie University
mas-a-4-6-14 | Peter M. Vitousek | http://academic.research.microsoft.com/Author/28925260/peter-m-vitousek | organization:Stanford University
mas-a-4-6-15 | F. Stuart Chapin | http://academic.research.microsoft.com/Author/23428688/f-stuart-chapin | organization:University of Alaska Fairbanks
mas-a-4-6-16 | Teja Tscharntke | http://academic.research.microsoft.com/Author/23634793/teja-tscharntke | organization:University of Göttingen
mas-a-4-6-17 | Ernst-Detlef Schulze | http://academic.research.microsoft.com/Author/28925350/ernst-detlef-schulze | organization:Max Planck Gesellschaft
mas-a-4-6-18 | Hugh Possingham | http://academic.research.microsoft.com/Author/1381596/hugh-possingham | organization:University of Queensland
mas-a-4-6-19 | Marcel Dicke | http://academic.research.microsoft.com/Author/23834247/marcel-dicke | organization:Wageningen University & Research Centre
mas-a-4-6-20 | Fakhri A. Bazzaz | http://academic.research.microsoft.com/Author/23564527/fakhri-a-bazzaz | organization:Harvard University
mas-a-4-6-21 | Richard Shine | http://academic.research.microsoft.com/Author/18206755/richard-shine | organization:University of Sydney
mas-a-4-6-22 | Stephen R. Carpenter | http://academic.research.microsoft.com/Author/23410305/stephen-r-carpenter | organization:University of Wisconsin Madison
mas-a-4-6-23 | Louis Bernatchez | http://academic.research.microsoft.com/Author/2651767/louis-bernatchez | organization:Université Laval
mas-a-4-6-24 | S. Joseph Wright | http://academic.research.microsoft.com/Author/34108350/s-joseph-wright | organization:Smithsonian Tropical Research Institute
mas-a-4-6-25 | Thomas G. Whitham | http://academic.research.microsoft.com/Author/23458991/thomas-g-whitham | organization:Northern Arizona University
mas-a-4-6-26 | Ilkka Hanski | http://academic.research.microsoft.com/Author/392403/ilkka-hanski | organization:University of Helsinki
mas-a-4-6-27 | Ian Thomas Baldwin | http://academic.research.microsoft.com/Author/4042757/ian-thomas-baldwin | organization:Max Planck Gesellschaft
mas-a-4-6-28 | Robert B. Jackson | http://academic.research.microsoft.com/Author/2899043/robert-b-jackson | organization:Duke University
mas-a-4-6-29 | JAMES TIEDJE | http://academic.research.microsoft.com/Author/2708209/james-tiedje | organization:Michigan State University
mas-a-4-6-30 | Christopher B. Field | http://academic.research.microsoft.com/Author/23448927/christopher-b-field | organization:Carnegie Institution for Science
mas-a-4-6-31 | Mark E. Hay | http://academic.research.microsoft.com/Author/13276234/mark-e-hay | organization:Georgia Institute of Technology
mas-a-4-6-32 | Stefan Scheu | http://academic.research.microsoft.com/Author/34217209/stefan-scheu | organization:Gesellschaft für Wissenschaftliche Datenverarbeitung Gottingen
mas-a-4-6-33 | Richard L. Lindroth | http://academic.research.microsoft.com/Author/23505886/richard-l-lindroth | organization:University of Wisconsin Madison
mas-a-4-6-34 | Anurag A. Agrawal | http://academic.research.microsoft.com/Author/351233/anurag-a-agrawal | organization:Cornell University
mas-a-4-6-35 | David A. Wardle | http://academic.research.microsoft.com/Author/23405306/david-a-wardle | organization:Swedish University of Agricultural Sciences
mas-a-4-6-36 | Christian Korner (Christian Körner) | http://academic.research.microsoft.com/Author/23684448/christian-korner | organization:Universität Basel
mas-a-4-6-37 | William K. Lauenroth | http://academic.research.microsoft.com/Author/28453858/william-k-lauenroth | organization:University of Wyoming
mas-a-4-6-38 | James D. Nichols | http://academic.research.microsoft.com/Author/23669222/james-d-nichols | organization:US Geological Survey
mas-a-4-6-39 | Mark D. Bertness | http://academic.research.microsoft.com/Author/23422829/mark-d-bertness | organization:Brown University
mas-a-4-6-40 | Donald R. Zak | http://academic.research.microsoft.com/Author/23448926/donald-r-zak | organization:University of Michigan
mas-a-4-6-41 | Peter B. Reich | http://academic.research.microsoft.com/Author/3020834/peter-b-reich | organization:University of Minnesota
mas-a-4-6-42 | Alan Hastings | http://academic.research.microsoft.com/Author/18188479/alan-hastings | organization:University of California Davis
mas-a-4-6-43 | Martyn M. Caldwell | http://academic.research.microsoft.com/Author/23493400/martyn-m-caldwell | organization:Utah State University
mas-a-4-6-44 | Stephen P. Hubbell | http://academic.research.microsoft.com/Author/2611695/stephen-p-hubbell | organization:University of California Los Angeles
mas-a-4-6-45 | Steward T. A. Pickett | http://academic.research.microsoft.com/Author/23433301/steward-t-a-pickett | organization:Institute of Ecosystem Studies
mas-a-4-6-46 | John H Lawton | http://academic.research.microsoft.com/Author/1331914/john-h-lawton | organization:University of York
mas-a-4-6-47 | Wim H. van der Putten | http://academic.research.microsoft.com/Author/23510829/wim-h-van-der-putten | organization:Royal Netherlands Academy of Arts and Sciences
mas-a-4-6-48 | Jizhong Zhou | http://academic.research.microsoft.com/Author/3440377/jizhong-zhou | organization:University of Oklahoma
mas-a-4-6-49 | Gaius R. Shaver | http://academic.research.microsoft.com/Author/34165897/gaius-r-shaver | organization:Marine Biological Laboratory
mas-a-4-6-50 | Ingolf Steffan-Dewenter | http://academic.research.microsoft.com/Author/23630318/ingolf-steffan-dewenter | organization:University of Bayreuth
mas-a-4-6-51 | Erkki Haukioja | http://academic.research.microsoft.com/Author/22953128/erkki-haukioja | organization:University of Turku
mas-a-4-6-52 | John L. Maron | http://academic.research.microsoft.com/Author/23505854/john-l-maron | organization:University of Montana Missoula
mas-a-4-6-53 | John D. Aber | http://academic.research.microsoft.com/Author/10845951/john-d-aber | organization:University of New Hampshire
mas-a-4-6-54 | David B. Lindenmayer | http://academic.research.microsoft.com/Author/23392556/david-b-lindenmayer | organization:Australian National University
mas-a-4-6-55 | Richard J. Hobbs | http://academic.research.microsoft.com/Author/4017238/richard-j-hobbs | organization:University of Western Australia
mas-a-4-6-56 | Pierre Legendre | http://academic.research.microsoft.com/Author/880980/pierre-legendre | organization:Université de Montreal
mas-a-4-6-57 | Pierre Taberlet | http://academic.research.microsoft.com/Author/23406027/pierre-taberlet | organization:Joseph Fourier University
mas-a-4-6-58 | Peter M. Groffman | http://academic.research.microsoft.com/Author/23432790/peter-m-groffman | organization:Institute of Ecosystem Studies
mas-a-4-6-59 | Peter B. Reich | http://academic.research.microsoft.com/Author/23620159/peter-b-reich | organization:University of Minnesota
mas-a-4-6-60 | Lenore Fahrig | http://academic.research.microsoft.com/Author/1025025/lenore-fahrig | organization:Carleton University
mas-a-4-6-61 | James J. Elser | http://academic.research.microsoft.com/Author/71324/james-j-elser | organization:Arizona State University
mas-a-4-6-62 | David J. Mladenoff | http://academic.research.microsoft.com/Author/17940642/david-j-mladenoff | organization:University of Wisconsin Madison
mas-a-4-6-63 | Sandra Lavorel | http://academic.research.microsoft.com/Author/24157050/sandra-lavorel | organization:Joseph Fourier University
mas-a-4-6-64 | Robert V. O’Neill | http://academic.research.microsoft.com/Author/3417753/robert-v-o-neill | organization:University of Connecticut
mas-a-4-6-65 | Nils Chr. Stenseth | http://academic.research.microsoft.com/Author/1262201/nils-chr-stenseth | organization:University of Oslo
mas-a-4-6-66 | Frank Berendse | http://academic.research.microsoft.com/Author/23584164/frank-berendse | organization:Wageningen University & Research Centre
mas-a-4-6-67 | Tjakko Abee | http://academic.research.microsoft.com/Author/4228317/tjakko-abee | organization:Wageningen University & Research Centre
mas-a-4-6-68 | Vos de W. M | http://academic.research.microsoft.com/Author/47876051/vos-de-w-m | organization:Wageningen University & Research Centre
mas-a-4-6-69 | Peter A. Abrams | http://academic.research.microsoft.com/Author/23490778/peter-a-abrams | organization:University of Toronto
mas-a-4-6-70 | Rita R. Colwell | http://academic.research.microsoft.com/Author/623493/rita-r-colwell | organization:University of Maryland
mas-a-4-6-71 | Marten Scheffer | http://academic.research.microsoft.com/Author/19036502/marten-scheffer | organization:Wageningen University & Research Centre
mas-a-4-6-72 | Andrew R. Watkinson | http://academic.research.microsoft.com/Author/23560379/andrew-r-watkinson | organization:University of East Anglia
mas-a-4-6-73 | David A. Stahl | http://academic.research.microsoft.com/Author/3750601/david-a-stahl | organization:University of Washington
mas-a-4-6-74 | Kornelia Smalla | http://academic.research.microsoft.com/Author/3895194/kornelia-smalla | organization:Julius Kund Institut Bundesforschungsinstitut für Kulturpflanzen
mas-a-4-6-75 | Michel Loreau | http://academic.research.microsoft.com/Author/1936471/michel-loreau | organization:McGill University
mas-a-4-6-76 | Jakob Pernthaler | http://academic.research.microsoft.com/Author/2674458/jakob-pernthaler | organization:Universität Zürich
mas-a-4-6-77 | Alan N. Andersen | http://academic.research.microsoft.com/Author/34144498/alan-n-andersen | organization:Commonwealth Scientific and Industrial Research Organization
mas-a-4-6-78 | Rick A. Relyea | http://academic.research.microsoft.com/Author/23415596/rick-a-relyea | organization:University of Pittsburgh
mas-a-4-6-79 | Margaret A. Palmer | http://academic.research.microsoft.com/Author/12210036/margaret-a-palmer | organization:University of Maryland
mas-a-4-6-80 | Michael W. Friedrich | http://academic.research.microsoft.com/Author/10770415/michael-w-friedrich | organization:University of Bremen
mas-a-4-6-81 | Martin Hermy | http://academic.research.microsoft.com/Author/17940698/martin-hermy | organization:Catholic University of Leuven
mas-a-4-6-82 | Erkki Korpimaki (Erkki Korpimäki) | http://academic.research.microsoft.com/Author/10736849/erkki-korpimaki | organization:University of Turku
mas-a-4-6-83 | Jan PJ Bakker | http://academic.research.microsoft.com/Author/2982054/jan-pj-bakker | organization:Erasmus MC, University Medical Center Rotterdam
mas-a-4-6-84 | Bradford A. Hawkins | http://academic.research.microsoft.com/Author/23527393/bradford-a-hawkins | organization:University of California Irvine
mas-a-4-6-85 | Staffan J. Kjelleberg | http://academic.research.microsoft.com/Author/1790802/staffan-j-kjelleberg | organization:University of New South Wales
mas-a-4-6-86 | Robert E. Ricklefs | http://academic.research.microsoft.com/Author/23413867/robert-e-ricklefs | organization:University of Missouri Saint Louis
mas-a-4-6-87 | Nicholas J. Gotelli | http://academic.research.microsoft.com/Author/13056588/nicholas-j-gotelli | organization:University of Vermont
mas-a-4-6-88 | Charles D. Canham | http://academic.research.microsoft.com/Author/23687931/charles-d-canham | organization:Institute of Ecosystem Studies
mas-a-4-6-89 | Simon A. Levin | http://academic.research.microsoft.com/Author/10532872/simon-a-levin | organization:Princeton University
mas-a-4-6-90 | James S. Clark | http://academic.research.microsoft.com/Author/17953253/james-s-clark | organization:Duke University
mas-a-4-6-91 | Godfrey M. Hewitt | http://academic.research.microsoft.com/Author/861287/godfrey-m-hewitt | organization:University of East Anglia
mas-a-4-6-92 | Richard S. Condit | http://academic.research.microsoft.com/Author/34160195/richard-s-condit | organization:Smithsonian Tropical Research Institute
mas-a-4-6-93 | Anthony R. Ives | http://academic.research.microsoft.com/Author/23405640/anthony-r-ives | organization:University of Wisconsin Madison
mas-a-4-6-94 | Willy Verstraete | http://academic.research.microsoft.com/Author/56679783/willy-verstraete | organization:Ghent University
mas-a-4-6-95 | J. Colin Murrell | http://academic.research.microsoft.com/Author/1092711/j-colin-murrell | organization:University of Bristol
mas-a-4-6-96 | Rien Aerts | http://academic.research.microsoft.com/Author/3033747/rien-aerts | organization:VU University of Amsterdam
mas-a-4-6-97 | Tim M. Blackburn | http://academic.research.microsoft.com/Author/34176024/tim-m-blackburn | organization:Zoological Society London
mas-a-4-6-98 | Daniel Simberloff | http://academic.research.microsoft.com/Author/1306721/daniel-simberloff | organization:University of Tennessee Knoxville
mas-a-4-6-99 | Sarah E. Hobbie | http://academic.research.microsoft.com/Author/24157051/sarah-e-hobbie | organization:University of Minnesota
mas-a-4-6-100 | Scott L. Collins | http://academic.research.microsoft.com/Author/18270410/scott-l-collins | organization:University of New Mexico
