mas-a-7-16-1 | Gary Becker | http://academic.research.microsoft.com/Author/772100/gary-becker | organization:University of Chicago
mas-a-7-16-2 | Milton Friedman | http://academic.research.microsoft.com/Author/1202375/milton-friedman | organization:University of Chicago
mas-a-7-16-3 | V. Kerry Smith | http://academic.research.microsoft.com/Author/311168/v-kerry-smith | organization:Arizona State University
mas-a-7-16-4 | Martin S. Feldstein | http://academic.research.microsoft.com/Author/17114/martin-s-feldstein | organization:National Bureau of Economic Research, United States
mas-a-7-16-5 | Andrei lkjkl Shleifer | http://academic.research.microsoft.com/Author/1006987/andrei-lkjkl-shleifer | organization:Harvard University
mas-a-7-16-6 | Michael D. Mumford | http://academic.research.microsoft.com/Author/13171120/michael-d-mumford | organization:University of Oklahoma
mas-a-7-16-7 | George J. Stigler | http://academic.research.microsoft.com/Author/1631616/george-j-stigler | organization:University of Chicago
mas-a-7-16-8 | Thomas Sargent | http://academic.research.microsoft.com/Author/1113666/thomas-sargent | organization:New York University
mas-a-7-16-9 | Bruce J. Avolio | http://academic.research.microsoft.com/Author/10571362/bruce-j-avolio | organization:University of Washington
mas-a-7-16-10 | Jason F. Shogren | http://academic.research.microsoft.com/Author/2604929/jason-f-shogren | organization:University of Wyoming
mas-a-7-16-11 | Mark Rosenzweig | http://academic.research.microsoft.com/Author/2759850/mark-rosenzweig | organization:Yale University
mas-a-7-16-12 | Maureen L. Cropper | http://academic.research.microsoft.com/Author/846048/maureen-l-cropper | organization:University of Maryland
mas-a-7-16-13 | Edward N. Wolff | http://academic.research.microsoft.com/Author/106566/edward-n-wolff | organization:New York University
mas-a-7-16-14 | Vernon L. Smith | http://academic.research.microsoft.com/Author/293379/vernon-l-smith | organization:Chapman University
mas-a-7-16-15 | Barry R. Chiswick | http://academic.research.microsoft.com/Author/837445/barry-r-chiswick | organization:University of Illinois Chicago
mas-a-7-16-16 | Robert J. Barro | http://academic.research.microsoft.com/Author/1994133/robert-j-barro | organization:Harvard University
mas-a-7-16-17 | Kenneth E. McConnell | http://academic.research.microsoft.com/Author/2630884/kenneth-e-mcconnell | organization:University of Maryland
mas-a-7-16-18 | W. Kip Viscusi | http://academic.research.microsoft.com/Author/2589525/w-kip-viscusi | organization:University of Maryland
mas-a-7-16-19 | James Heckman | http://academic.research.microsoft.com/Author/183233/james-heckman | organization:University of Chicago
mas-a-7-16-20 | Boyan Jovanovic | http://academic.research.microsoft.com/Author/237981/boyan-jovanovic | organization:New York University
mas-a-7-16-21 | Kevin M. Murphy | http://academic.research.microsoft.com/Author/341322/kevin-m-murphy | organization:University of Chicago
mas-a-7-16-22 | Francis J. Yammarino | http://academic.research.microsoft.com/Author/23468207/francis-j-yammarino | organization:Binghamton University
mas-a-7-16-23 | Bjorn Anders Gustafsson (Björn Anders Gustafsson) | http://academic.research.microsoft.com/Author/2334162/bjorn-anders-gustafsson | organization:University of Gothenburg
mas-a-7-16-24 | Jakob de Haan | http://academic.research.microsoft.com/Author/1097480/jakob-de-haan | organization:University of Groningen
mas-a-7-16-25 | Xiao-yuan Dong | http://academic.research.microsoft.com/Author/3077596/xiao-yuan-dong | organization:University of Winnipeg
mas-a-7-16-26 | Manfred Lenzen | http://academic.research.microsoft.com/Author/3712782/manfred-lenzen | organization:University of Sydney
mas-a-7-16-27 | James E. Wilen | http://academic.research.microsoft.com/Author/23398685/james-e-wilen | organization:University of California Davis
mas-a-7-16-28 | Stephen Polasky | http://academic.research.microsoft.com/Author/2600368/stephen-polasky | organization:University of Minnesota
mas-a-7-16-29 | Simeon Djankov | http://academic.research.microsoft.com/Author/922127/simeon-djankov | organization:World Bank
mas-a-7-16-30 | Stephen W. Salant | http://academic.research.microsoft.com/Author/169035/stephen-w-salant | organization:University of Michigan
mas-a-7-16-31 | Robert A. Pollak | http://academic.research.microsoft.com/Author/61397/robert-a-pollak | organization:Washington University in St. Louis
mas-a-7-16-32 | Isaac Ehrlich | http://academic.research.microsoft.com/Author/426466/isaac-ehrlich | organization:State University of New York at Buffalo
mas-a-7-16-33 | Enrico C. Perotti | http://academic.research.microsoft.com/Author/874782/enrico-c-perotti | organization:University of Amsterdam
mas-a-7-16-34 | Jean Marcel Tirole | http://academic.research.microsoft.com/Author/928155/jean-marcel-tirole | organization:University of Toulouse
mas-a-7-16-35 | John A. List | http://academic.research.microsoft.com/Author/342500/john-a-list | organization:University of Chicago
mas-a-7-16-36 | Daron Acemoglu | http://academic.research.microsoft.com/Author/677385/daron-acemoglu | organization:Massachusetts Institute of Technology
mas-a-7-16-37 | James McGill Buchanan | http://academic.research.microsoft.com/Author/23399922/james-mcgill-buchanan | organization:George Mason University
mas-a-7-16-38 | Saul Estrin | http://academic.research.microsoft.com/Author/729661/saul-estrin | organization:London School of Economics and Political Science
mas-a-7-16-39 | Chester A. Schriesheim | http://academic.research.microsoft.com/Author/23574734/chester-a-schriesheim | organization:University of Miami
mas-a-7-16-40 | Dale W. Jorgenson | http://academic.research.microsoft.com/Author/12464814/dale-w-jorgenson | organization:Harvard University
mas-a-7-16-41 | Martin Paldam | http://academic.research.microsoft.com/Author/2671805/martin-paldam | organization:Aarhus University
mas-a-7-16-42 | William L. Gardner | http://academic.research.microsoft.com/Author/23642229/william-l-gardner | organization:Texas Tech University
mas-a-7-16-43 | David D. Zilberman | http://academic.research.microsoft.com/Author/1068152/david-d-zilberman | organization:University of California Berkeley
mas-a-7-16-44 | Katherine Terrell | http://academic.research.microsoft.com/Author/2681620/katherine-terrell | organization:University of Michigan
mas-a-7-16-45 | Gary H. Jefferson | http://academic.research.microsoft.com/Author/10767698/gary-h-jefferson | organization:Brandeis University
mas-a-7-16-46 | Hartmut Lehmann | http://academic.research.microsoft.com/Author/23391517/hartmut-lehmann | organization:Università di Bologna
mas-a-7-16-47 | Stephen J. Zaccaro | http://academic.research.microsoft.com/Author/23613332/stephen-j-zaccaro | organization:George Mason University
mas-a-7-16-48 | Joseph E. Stiglitz | http://academic.research.microsoft.com/Author/413894/joseph-e-stiglitz | organization:Columbia University
mas-a-7-16-49 | Arye L. Hillman | http://academic.research.microsoft.com/Author/1413611/arye-l-hillman | organization:Bar Ilan University
mas-a-7-16-50 | Sherwin Rosen | http://academic.research.microsoft.com/Author/1668692/sherwin-rosen | organization:University of Chicago
mas-a-7-16-51 | Boas Shamir | http://academic.research.microsoft.com/Author/23463280/boas-shamir | organization:Hebrew University of Jerusalem
mas-a-7-16-52 | Robert Mendelsohn | http://academic.research.microsoft.com/Author/1355385/robert-mendelsohn | organization:Yale University
mas-a-7-16-53 | Xin He Meng | http://academic.research.microsoft.com/Author/1429901/xin-he-meng | organization:Australian National University
mas-a-7-16-54 | Dennis L. Weisman | http://academic.research.microsoft.com/Author/10843738/dennis-l-weisman | organization:Kansas State University
mas-a-7-16-55 | Charles D. Kolstad | http://academic.research.microsoft.com/Author/121292/charles-d-kolstad | organization:University of California Santa Barbara
mas-a-7-16-56 | Randall Douglas Wright | http://academic.research.microsoft.com/Author/224622/randall-douglas-wright | organization:University of Pennsylvania
mas-a-7-16-57 | Edward P. Lazear | http://academic.research.microsoft.com/Author/415064/edward-p-lazear | organization:Stanford University
mas-a-7-16-58 | Anna Alberini | http://academic.research.microsoft.com/Author/443570/anna-alberini | organization:University of Maryland
mas-a-7-16-59 | Frank J. Chaloupka | http://academic.research.microsoft.com/Author/2660259/frank-j-chaloupka | organization:University of Illinois Chicago
mas-a-7-16-60 | Jeremy I. Bulow | http://academic.research.microsoft.com/Author/370725/jeremy-i-bulow | organization:Stanford University
mas-a-7-16-61 | Anthony C. Fisher | http://academic.research.microsoft.com/Author/2658572/anthony-c-fisher | organization:University of California Berkeley
mas-a-7-16-62 | William J. Baumol | http://academic.research.microsoft.com/Author/60597/william-j-baumol | organization:New York University
mas-a-7-16-63 | Louis Putterman | http://academic.research.microsoft.com/Author/2658551/louis-putterman | organization:Brown University
mas-a-7-16-64 | Erik Dietzenbacher | http://academic.research.microsoft.com/Author/3004610/erik-dietzenbacher | organization:University of Groningen
mas-a-7-16-65 | George J. Stigler | http://academic.research.microsoft.com/Author/53317637/george-j-stigler | organization:University of Groningen
mas-a-7-16-66 | Zvi Griliches | http://academic.research.microsoft.com/Author/1432097/zvi-griliches | organization:Harvard University
mas-a-7-16-67 | Byung-Yeon Kim | http://academic.research.microsoft.com/Author/3185657/byung-yeon-kim | organization:Seoul National University
mas-a-7-16-68 | Junsen Zhang | http://academic.research.microsoft.com/Author/2822326/junsen-zhang | organization:Chinese University of Hong Kong
mas-a-7-16-69 | Steven J. Keuning | http://academic.research.microsoft.com/Author/23701250/steven-j-keuning | organization:ABC Hogeschool Dordrecht en Omstreken
mas-a-7-16-70 | Ngo Van Long | http://academic.research.microsoft.com/Author/802865/ngo-van-long | organization:McGill University
mas-a-7-16-71 | Henk W. Volberda | http://academic.research.microsoft.com/Author/910017/henk-w-volberda | organization:RSM Erasmus University
mas-a-7-16-72 | Jere R. Behrman | http://academic.research.microsoft.com/Author/27979/jere-r-behrman | organization:University of Pennsylvania
mas-a-7-16-73 | Peter J. Sanfey | http://academic.research.microsoft.com/Author/2016947/peter-j-sanfey | organization:European Bank for Reconstruction and Development
mas-a-7-16-74 | Robert G. Lord | http://academic.research.microsoft.com/Author/3287710/robert-g-lord | organization:University of Akron
mas-a-7-16-75 | Per G. Fredriksson | http://academic.research.microsoft.com/Author/33115/per-g-fredriksson | organization:University of Louisville
mas-a-7-16-76 | Stephen Pryse Jenkins | http://academic.research.microsoft.com/Author/1157392/stephen-pryse-jenkins | organization:University of Essex
mas-a-7-16-77 | Timothy N. Cason | http://academic.research.microsoft.com/Author/1262657/timothy-n-cason | organization:Purdue University
mas-a-7-16-78 | John Sutherland Earle | http://academic.research.microsoft.com/Author/1816759/john-sutherland-earle | organization:George Mason University
mas-a-7-16-79 | Milan Vodopivec | http://academic.research.microsoft.com/Author/88476/milan-vodopivec | organization:World Bank
mas-a-7-16-80 | Richard Damania | http://academic.research.microsoft.com/Author/618480/richard-damania | organization:World Bank
mas-a-7-16-81 | Kathleen Segerson | http://academic.research.microsoft.com/Author/991965/kathleen-segerson | organization:University of Connecticut
mas-a-7-16-82 | Chong-En Bai | http://academic.research.microsoft.com/Author/2389499/chong-en-bai | organization:University of Hong Kong
mas-a-7-16-83 | Jun-Jie Wu | http://academic.research.microsoft.com/Author/23416158/jun-jie-wu | organization:National University of Defense Technology, China
mas-a-7-16-84 | Robert J. House | http://academic.research.microsoft.com/Author/54470561/robert-j-house | organization:University of Pennsylvania
mas-a-7-16-85 | Jozef Konings | http://academic.research.microsoft.com/Author/447347/jozef-konings | organization:Catholic University of Leuven
mas-a-7-16-86 | Edward Glaeser | http://academic.research.microsoft.com/Author/498362/edward-glaeser | organization:Harvard University
mas-a-7-16-87 | Guillermo Calvo | http://academic.research.microsoft.com/Author/1287542/guillermo-calvo | organization:Columbia University
mas-a-7-16-88 | Regina T. Riphahn | http://academic.research.microsoft.com/Author/1328203/regina-t-riphahn | organization:University of Erlangen Nuremberg
mas-a-7-16-89 | Elhanan Helpman | http://academic.research.microsoft.com/Author/1466016/elhanan-helpman | organization:Harvard University
mas-a-7-16-90 | Angus Deaton | http://academic.research.microsoft.com/Author/1544091/angus-deaton | organization:Princeton University
mas-a-7-16-91 | Yoram G. Weiss | http://academic.research.microsoft.com/Author/2089037/yoram-g-weiss | organization:Tel Aviv University
mas-a-7-16-92 | T. Paul Schultz | http://academic.research.microsoft.com/Author/2172894/t-paul-schultz | organization:Yale University
mas-a-7-16-93 | Belton M. Fleisher | http://academic.research.microsoft.com/Author/2671258/belton-m-fleisher | organization:Ohio State University
mas-a-7-16-94 | Edward R. Morey | http://academic.research.microsoft.com/Author/3029197/edward-r-morey | organization:University of Colorado Boulder
mas-a-7-16-95 | Martin Ravallion | http://academic.research.microsoft.com/Author/1574437/martin-ravallion | organization:World Bank
mas-a-7-16-96 | Robert N. Stavins | http://academic.research.microsoft.com/Author/1657530/robert-n-stavins | organization:Harvard University
mas-a-7-16-97 | Richard Rogerson | http://academic.research.microsoft.com/Author/2407647/richard-rogerson | organization:Arizona State University
mas-a-7-16-98 | Olli Tahvonen | http://academic.research.microsoft.com/Author/13137426/olli-tahvonen | organization:Finnish Forest Research Institute
mas-a-7-16-99 | Christopher J. Costello | http://academic.research.microsoft.com/Author/23422513/christopher-j-costello | organization:University of California Santa Barbara
mas-a-7-16-100 | Frank H. Knight | http://academic.research.microsoft.com/Author/23418672/frank-h-knight | organization:University of Chicago
