mas-a-4-7-1 | Eric H. Davidson | http://academic.research.microsoft.com/Author/2821743/eric-h-davidson | organization:California Institute of Technology
mas-a-4-7-2 | Masami Hasegawa | http://academic.research.microsoft.com/Author/591822/masami-hasegawa | organization:Fudan University
mas-a-4-7-3 | Wen-Hsiung Li | http://academic.research.microsoft.com/Author/59664/wen-hsiung-li | organization:University of Chicago
mas-a-4-7-4 | Richard. M. Schultz | http://academic.research.microsoft.com/Author/4293613/richard-m-schultz | organization:University of Pennsylvania
mas-a-4-7-5 | Allan C. Wilson | http://academic.research.microsoft.com/Author/52478739/allan-c-wilson | organization:University of California Berkeley
mas-a-4-7-6 | Ziheng Yang (杨子恒) | http://academic.research.microsoft.com/Author/1778657/ziheng-yang | organization:University College London
mas-a-4-7-7 | Derek A. Roff | http://academic.research.microsoft.com/Author/22944523/derek-a-roff | organization:University of California Riverside
mas-a-4-7-8 | Masatoshi Nei (根井正利) | http://academic.research.microsoft.com/Author/1678848/masatoshi-nei | organization:Pennsylvania State University
mas-a-4-7-9 | Eric N. Olson | http://academic.research.microsoft.com/Author/3216505/eric-n-olson | organization:University of Texas Southwestern Medical Center
mas-a-4-7-10 | John J. Eppig | http://academic.research.microsoft.com/Author/18218161/john-j-eppig | organization:Jackson Laboratory
mas-a-4-7-11 | Nori Satoh | http://academic.research.microsoft.com/Author/18172179/nori-satoh | organization:Okinawa Industrial Technology Center
mas-a-4-7-12 | Axel Meyer | http://academic.research.microsoft.com/Author/3136371/axel-meyer | organization:University of Konstanz
mas-a-4-7-13 | Irma Thesleff | http://academic.research.microsoft.com/Author/1334389/irma-thesleff | organization:University of Helsinki
mas-a-4-7-14 | Peter Gruss | http://academic.research.microsoft.com/Author/10778071/peter-gruss | organization:Gesellschaft für Wissenschaftliche Datenverarbeitung Gottingen
mas-a-4-7-15 | Ulfur Arnason | http://academic.research.microsoft.com/Author/817660/ulfur-arnason | organization:Lund University
mas-a-4-7-16 | Yoh Iwasa (巌佐　庸) | http://academic.research.microsoft.com/Author/1602933/yoh-iwasa | organization:Kyushu University
mas-a-4-7-17 | Marianne Bronner-Fraser | http://academic.research.microsoft.com/Author/23404337/marianne-bronner-fraser | organization:California Institute of Technology
mas-a-4-7-18 | Godfrey M. Hewitt | http://academic.research.microsoft.com/Author/861287/godfrey-m-hewitt | organization:University of East Anglia
mas-a-4-7-19 | Martin Nowak | http://academic.research.microsoft.com/Author/2122409/martin-nowak | organization:Harvard University
mas-a-4-7-20 | J L Jinks | http://academic.research.microsoft.com/Author/24144667/j-l-jinks | organization:University of Birmingham
mas-a-4-7-21 | R. Glenn Northcutt | http://academic.research.microsoft.com/Author/7351456/r-glenn-northcutt | organization:University of California San Diego
mas-a-4-7-22 | Volker Loeschcke | http://academic.research.microsoft.com/Author/23520512/volker-loeschcke | organization:Aarhus University
mas-a-4-7-23 | David R. McClay | http://academic.research.microsoft.com/Author/4053791/david-r-mcclay | organization:Duke University
mas-a-4-7-24 | Louis Bernatchez | http://academic.research.microsoft.com/Author/2651767/louis-bernatchez | organization:Université Laval
mas-a-4-7-25 | Nicholas H. Barton | http://academic.research.microsoft.com/Author/23398179/nicholas-h-barton | organization:University of Edinburgh
mas-a-4-7-26 | Yutaka Satou | http://academic.research.microsoft.com/Author/609770/yutaka-satou | organization:Kyoto University
mas-a-4-7-27 | John H. Postlethwait | http://academic.research.microsoft.com/Author/806692/john-h-postlethwait | organization:University of Oregon
mas-a-4-7-28 | Lynn M. Riddiford | http://academic.research.microsoft.com/Author/4412210/lynn-m-riddiford | organization:University of Washington
mas-a-4-7-29 | Andrew P. McMahon | http://academic.research.microsoft.com/Author/1302183/andrew-p-mcmahon | organization:Harvard University
mas-a-4-7-30 | Paul D. N. Hebert | http://academic.research.microsoft.com/Author/1094469/paul-d-n-hebert | organization:California Institute of Technology
mas-a-4-7-31 | Norihiro Okada (岡田典弘) | http://academic.research.microsoft.com/Author/3971437/norihiro-okada | organization:Tokyo Institute of Technology
mas-a-4-7-32 | Pascal Dolle (Pascal Dollé) | http://academic.research.microsoft.com/Author/2809489/pascal-dolle | organization:Institut de Génétique et de Biologie Moléculaire et Cellulaire
mas-a-4-7-33 | Jose A. Campos-Ortega (José A. Campos-Ortega) | http://academic.research.microsoft.com/Author/23444495/jose-a-campos-ortega | organization:University of Cologne
mas-a-4-7-34 | Janet Rossant | http://academic.research.microsoft.com/Author/10703134/janet-rossant | organization:University of Toronto
mas-a-4-7-35 | Daniel L. Hartl | http://academic.research.microsoft.com/Author/712651/daniel-l-hartl | organization:Max Planck Gesellschaft
mas-a-4-7-36 | Brian Charlesworth | http://academic.research.microsoft.com/Author/1389931/brian-charlesworth | organization:University of Edinburgh
mas-a-4-7-37 | David A. Penny | http://academic.research.microsoft.com/Author/1805818/david-a-penny | organization:Lund University
mas-a-4-7-38 | Steven A. Frank | http://academic.research.microsoft.com/Author/1569786/steven-a-frank | organization:University of California Irvine
mas-a-4-7-39 | Francois Rousset | http://academic.research.microsoft.com/Author/3937036/francois-rousset | organization:Centre National de la Recherche Scientifique
mas-a-4-7-40 | Pierre Chambon | http://academic.research.microsoft.com/Author/2579343/pierre-chambon | organization:Centre National de la Recherche Scientifique
mas-a-4-7-41 | Giorgio Bernardi | http://academic.research.microsoft.com/Author/710620/giorgio-bernardi | organization:Università degli Studi di Roma Tor Vergata
mas-a-4-7-42 | Roger R. Markwald | http://academic.research.microsoft.com/Author/18105348/roger-r-markwald | organization:Medical University of South Carolina
mas-a-4-7-43 | Mark Q. Martindale | http://academic.research.microsoft.com/Author/4147548/mark-q-martindale | organization:University of Hawaii System
mas-a-4-7-44 | Volker Hartenstein | http://academic.research.microsoft.com/Author/2701055/volker-hartenstein | organization:University of California Los Angeles
mas-a-4-7-45 | Ary A. Hoffmann | http://academic.research.microsoft.com/Author/3973941/ary-a-hoffmann | organization:University of Melbourne
mas-a-4-7-46 | Linda Z. Holland | http://academic.research.microsoft.com/Author/23418242/linda-z-holland | organization:University of California San Diego
mas-a-4-7-47 | William R. Jeffery | http://academic.research.microsoft.com/Author/4428947/william-r-jeffery | organization:University of Maryland
mas-a-4-7-48 | Hans Ellegren | http://academic.research.microsoft.com/Author/688830/hans-ellegren | organization:Uppsala University
mas-a-4-7-49 | Richard Shine | http://academic.research.microsoft.com/Author/18206755/richard-shine | organization:University of Sydney
mas-a-4-7-50 | Alan Perelson | http://academic.research.microsoft.com/Author/532029/alan-perelson | organization:Los Alamos National Laboratory
mas-a-4-7-51 | Deborah Charlesworth | http://academic.research.microsoft.com/Author/898984/deborah-charlesworth | organization:University of Edinburgh
mas-a-4-7-52 | Laurent Keller | http://academic.research.microsoft.com/Author/575369/laurent-keller | organization:Paul Scherrer Institut
mas-a-4-7-53 | Edward Holmes | http://academic.research.microsoft.com/Author/3906355/edward-holmes | organization:Pennsylvania State University
mas-a-4-7-54 | Linda Partridge | http://academic.research.microsoft.com/Author/2769935/linda-partridge | organization:University College London
mas-a-4-7-55 | Michael Solursh | http://academic.research.microsoft.com/Author/2750477/michael-solursh | organization:University of Iowa
mas-a-4-7-56 | David Warburton | http://academic.research.microsoft.com/Author/36935768/david-warburton | organization:University of Southern California
mas-a-4-7-57 | Alan Grafen | http://academic.research.microsoft.com/Author/2883550/alan-grafen | organization:University of Oxford
mas-a-4-7-58 | Eviatar Nevo | http://academic.research.microsoft.com/Author/18793973/eviatar-nevo | organization:University of Haifa
mas-a-4-7-59 | Leigh W. Simmons | http://academic.research.microsoft.com/Author/3902475/leigh-w-simmons | organization:University of Western Australia
mas-a-4-7-60 | John H. Werren | http://academic.research.microsoft.com/Author/2632482/john-h-werren | organization:University of Rochester
mas-a-4-7-61 | Clifford J. Tabin | http://academic.research.microsoft.com/Author/302665/clifford-j-tabin | organization:Harvard University
mas-a-4-7-62 | Jean R. David | http://academic.research.microsoft.com/Author/2706404/jean-r-david | organization:Centre National de la Recherche Scientifique
mas-a-4-7-63 | Loren H. Rieseberg | http://academic.research.microsoft.com/Author/141989/loren-h-rieseberg | organization:Indiana University
mas-a-4-7-64 | Stuart A. West | http://academic.research.microsoft.com/Author/2708246/stuart-a-west | organization:University of Oxford
mas-a-4-7-65 | Michael Lynch | http://academic.research.microsoft.com/Author/133879/michael-lynch | organization:Indiana University
mas-a-4-7-66 | Spencer C. H. Barrett | http://academic.research.microsoft.com/Author/3171291/spencer-c-h-barrett | organization:University of Toronto
mas-a-4-7-67 | Thomas C. Kaufman | http://academic.research.microsoft.com/Author/2642812/thomas-c-kaufman | organization:Indiana University
mas-a-4-7-68 | Jian-zhi Zhang | http://academic.research.microsoft.com/Author/3698177/jian-zhi-zhang | organization:University of Michigan
mas-a-4-7-69 | Nicholas D. Holland | http://academic.research.microsoft.com/Author/23404338/nicholas-d-holland | organization:University of California San Diego
mas-a-4-7-70 | Bikram S. Gill | http://academic.research.microsoft.com/Author/23398597/bikram-s-gill | organization:Kansas State University
mas-a-4-7-71 | Debashish Bhattacharya | http://academic.research.microsoft.com/Author/4288010/debashish-bhattacharya | organization:Rutgers, The State University of New Jersey
mas-a-4-7-72 | Randall T. Moon | http://academic.research.microsoft.com/Author/3896310/randall-t-moon | organization:University of Washington
mas-a-4-7-73 | Rudolf A. Raff | http://academic.research.microsoft.com/Author/18267085/rudolf-a-raff | organization:Indiana University
mas-a-4-7-74 | Philip W. Hedrick | http://academic.research.microsoft.com/Author/10778468/philip-w-hedrick | organization:Arizona State University
mas-a-4-7-75 | Gunter P. Wagner (Günter P. Wagner) | http://academic.research.microsoft.com/Author/18009694/gunter-p-wagner | organization:Yale University
mas-a-4-7-76 | Takashi Gojobori (五條堀孝) | http://academic.research.microsoft.com/Author/1953371/takashi-gojobori | organization:National Institute of Genetics Mishima, Japan
mas-a-4-7-77 | Juha Merila (Juha Merilä) | http://academic.research.microsoft.com/Author/22014/juha-merila | organization:University of Helsinki
mas-a-4-7-78 | Richard M. Harland | http://academic.research.microsoft.com/Author/3166454/richard-m-harland | organization:University of California Berkeley
mas-a-4-7-79 | Dan Graur | http://academic.research.microsoft.com/Author/1130699/dan-graur | organization:University of Houston
mas-a-4-7-80 | James J. Bull | http://academic.research.microsoft.com/Author/18221968/james-j-bull | organization:University of Texas Austin
mas-a-4-7-81 | Adam Eyre-Walker | http://academic.research.microsoft.com/Author/2652080/adam-eyre-walker | organization:University of Sussex
mas-a-4-7-82 | Bernard M. Degnan | http://academic.research.microsoft.com/Author/2605869/bernard-m-degnan | organization:University of Queensland
mas-a-4-7-83 | Rasmus Nielsen | http://academic.research.microsoft.com/Author/23368127/rasmus-nielsen | organization:University of California Berkeley
mas-a-4-7-84 | Noriyuki Satoh | http://academic.research.microsoft.com/Author/55932157/noriyuki-satoh | organization:Niigata University
mas-a-4-7-85 | Christine Thisse | http://academic.research.microsoft.com/Author/23401949/christine-thisse | organization:University of Virginia
mas-a-4-7-86 | Bernard Thisse | http://academic.research.microsoft.com/Author/23401950/bernard-thisse | organization:University of Virginia
mas-a-4-7-87 | Josephine M. Pemberton | http://academic.research.microsoft.com/Author/3956683/josephine-m-pemberton | organization:University of Edinburgh
mas-a-4-7-88 | Jerzy Jurka | http://academic.research.microsoft.com/Author/153254/jerzy-jurka | organization:University of California Los Angeles
mas-a-4-7-89 | Kuo-Chen Chou (周国城) | http://academic.research.microsoft.com/Author/271360/kuo-chen-chou | organization:Shanghai Jiao Tong University
mas-a-4-7-90 | Andreas Kispert | http://academic.research.microsoft.com/Author/10722719/andreas-kispert | organization:Medizinische Hochschule Hannover
mas-a-4-7-91 | Bodo Christ | http://academic.research.microsoft.com/Author/11550467/bodo-christ | organization:University of Fribourg
mas-a-4-7-92 | Raymond Keller | http://academic.research.microsoft.com/Author/53827/raymond-keller | organization:University of Virginia
mas-a-4-7-93 | Norbert Perrimon | http://academic.research.microsoft.com/Author/2527886/norbert-perrimon | organization:Harvard University
mas-a-4-7-94 | Yuji Kohara | http://academic.research.microsoft.com/Author/847701/yuji-kohara | organization:National Institute of Genetics Mishima, Japan
mas-a-4-7-95 | Paul Richard Sharp | http://academic.research.microsoft.com/Author/3422971/paul-richard-sharp | organization:University of Copenhagen
mas-a-4-7-96 | James P. Ferris | http://academic.research.microsoft.com/Author/12957756/james-p-ferris | organization:Rensselaer Polytechnic Institute
mas-a-4-7-97 | Roger K. Butlin | http://academic.research.microsoft.com/Author/2820603/roger-k-butlin | organization:University of Sheffield
mas-a-4-7-98 | Austin L. Hughes | http://academic.research.microsoft.com/Author/960044/austin-l-hughes | organization:University of South Carolina
mas-a-4-7-99 | Andres Moya (Andrés Moya) | http://academic.research.microsoft.com/Author/17924991/andres-moya | organization:Universitat de València
mas-a-4-7-100 | Pierre Capy | http://academic.research.microsoft.com/Author/2660398/pierre-capy | organization:Centre National de la Recherche Scientifique
