mas-a-7-7-1 | Campbell R. Harvey | http://academic.research.microsoft.com/Author/1867124/campbell-r-harvey | organization:Duke University
mas-a-7-7-2 | Eugene Fama | http://academic.research.microsoft.com/Author/993000/eugene-fama | organization:University of Chicago
mas-a-7-7-3 | Rene M. Stulz (René M. Stulz) | http://academic.research.microsoft.com/Author/11647059/rene-m-stulz | organization:Ohio State University
mas-a-7-7-4 | Allen N. Berger | http://academic.research.microsoft.com/Author/1091892/allen-n-berger | organization:University of South Carolina
mas-a-7-7-5 | Geert Bekaert | http://academic.research.microsoft.com/Author/1158053/geert-bekaert | organization:Columbia University
mas-a-7-7-6 | Kenneth French | http://academic.research.microsoft.com/Author/357865/kenneth-french | organization:Dartmouth College
mas-a-7-7-7 | Anthony Saunders | http://academic.research.microsoft.com/Author/304269/anthony-saunders | organization:New York University
mas-a-7-7-8 | Avanidhar Subrahmanyam | http://academic.research.microsoft.com/Author/814505/avanidhar-subrahmanyam | organization:University of California Los Angeles
mas-a-7-7-9 | Sheridan Titman | http://academic.research.microsoft.com/Author/1073758/sheridan-titman | organization:University of Texas Austin
mas-a-7-7-10 | Ross Levine | http://academic.research.microsoft.com/Author/2382752/ross-levine | organization:Brown University
mas-a-7-7-11 | Richard Roll | http://academic.research.microsoft.com/Author/111936/richard-roll | organization:University of California Los Angeles
mas-a-7-7-12 | Luc Laeven | http://academic.research.microsoft.com/Author/1097879/luc-laeven | organization:National Bureau of Economic Research, United States
mas-a-7-7-13 | Andrei lkjkl Shleifer | http://academic.research.microsoft.com/Author/1006987/andrei-lkjkl-shleifer | organization:Harvard University
mas-a-7-7-14 | Robert A. Jarrow | http://academic.research.microsoft.com/Author/456472/robert-a-jarrow | organization:Cornell University
mas-a-7-7-15 | Anjan V. Thakor | http://academic.research.microsoft.com/Author/817530/anjan-v-thakor | organization:Washington University in St. Louis
mas-a-7-7-16 | Stijn Claessens | http://academic.research.microsoft.com/Author/1124492/stijn-claessens | organization:University of Amsterdam
mas-a-7-7-17 | Michael J. Barclay | http://academic.research.microsoft.com/Author/1040570/michael-j-barclay | organization:Columbia University
mas-a-7-7-18 | Asli Demirgüç-Kunt | http://academic.research.microsoft.com/Author/3775277/asli-demirg-kunt | organization:New York University
mas-a-7-7-19 | Clifford Smith | http://academic.research.microsoft.com/Author/1387863/clifford-smith | organization:University of Rochester
mas-a-7-7-20 | Eduardo Schwartz | http://academic.research.microsoft.com/Author/887816/eduardo-schwartz | organization:National Bureau of Economic Research, United States
mas-a-7-7-21 | J. David Cummins | http://academic.research.microsoft.com/Author/1142630/j-david-cummins | organization:Temple University
mas-a-7-7-22 | William N. Goetzmann | http://academic.research.microsoft.com/Author/997092/william-n-goetzmann | organization:Yale University
mas-a-7-7-23 | Thorsten Beck | http://academic.research.microsoft.com/Author/10490500/thorsten-beck | organization:University of Tilburg
mas-a-7-7-24 | John Campbell | http://academic.research.microsoft.com/Author/369446/john-campbell | organization:Harvard University
mas-a-7-7-25 | Robert Whaley | http://academic.research.microsoft.com/Author/524016/robert-whaley | organization:Vanderbilt University
mas-a-7-7-26 | Maureen O'Hara | http://academic.research.microsoft.com/Author/1262205/maureen-o-hara | organization:Cornell University
mas-a-7-7-27 | Francis Longstaff | http://academic.research.microsoft.com/Author/341712/francis-longstaff | organization:University of California Los Angeles
mas-a-7-7-28 | John R. Graham | http://academic.research.microsoft.com/Author/56476243/john-r-graham | organization:Duke University
mas-a-7-7-29 | Tarun Chordia | http://academic.research.microsoft.com/Author/450522/tarun-chordia | organization:Emory University
mas-a-7-7-30 | Ananth Madhavan | http://academic.research.microsoft.com/Author/810763/ananth-madhavan | organization:Cornell University
mas-a-7-7-31 | Darrell Duffie | http://academic.research.microsoft.com/Author/600428/darrell-duffie | organization:Stanford University
mas-a-7-7-32 | Roni A. Michaely | http://academic.research.microsoft.com/Author/690202/roni-a-michaely | organization:Cornell University
mas-a-7-7-33 | Robert F. Stambaugh | http://academic.research.microsoft.com/Author/901272/robert-f-stambaugh | organization:University of Pennsylvania
mas-a-7-7-34 | Michael S. Weisbach | http://academic.research.microsoft.com/Author/919962/michael-s-weisbach | organization:Ohio State University
mas-a-7-7-35 | Robert W. Faff | http://academic.research.microsoft.com/Author/2671229/robert-w-faff | organization:University of Queensland
mas-a-7-7-36 | Michael A. Firth | http://academic.research.microsoft.com/Author/3318970/michael-a-firth | organization:Hong Kong Polytechnic University
mas-a-7-7-37 | Philippe Jorion | http://academic.research.microsoft.com/Author/10668724/philippe-jorion | organization:University of California Irvine
mas-a-7-7-38 | Gyula Karolyi | http://academic.research.microsoft.com/Author/61455/gyula-karolyi | organization:Ohio State University
mas-a-7-7-39 | Yakov Amihud | http://academic.research.microsoft.com/Author/824876/yakov-amihud | organization:New York University
mas-a-7-7-40 | John Hull | http://academic.research.microsoft.com/Author/486212/john-hull | organization:University of Toronto
mas-a-7-7-41 | Andrew W. Lo | http://academic.research.microsoft.com/Author/2393982/andrew-w-lo | organization:Massachusetts Institute of Technology
mas-a-7-7-42 | Jay R. Ritter | http://academic.research.microsoft.com/Author/189574/jay-r-ritter | organization:University of Florida
mas-a-7-7-43 | Wayne E. Ferson | http://academic.research.microsoft.com/Author/309444/wayne-e-ferson | organization:University of Southern California
mas-a-7-7-44 | Jeremy C. Stein | http://academic.research.microsoft.com/Author/1516363/jeremy-c-stein | organization:Harvard University
mas-a-7-7-45 | Vojislav Maksimovic | http://academic.research.microsoft.com/Author/1452575/vojislav-maksimovic | organization:University of Maryland
mas-a-7-7-46 | Ronald W. Masulis | http://academic.research.microsoft.com/Author/246090/ronald-w-masulis | organization:University of New South Wales
mas-a-7-7-47 | Josef Lakonishok | http://academic.research.microsoft.com/Author/40792/josef-lakonishok | organization:University of Illinois Urbana Champaign
mas-a-7-7-48 | G. William SCHWERT | http://academic.research.microsoft.com/Author/463316/g-william-schwert | organization:University of Rochester
mas-a-7-7-49 | Meir Statman | http://academic.research.microsoft.com/Author/346498/meir-statman | organization:Santa Clara University
mas-a-7-7-50 | Peter Carr | http://academic.research.microsoft.com/Author/94532/peter-carr | organization:New York University
mas-a-7-7-51 | Robert DeYoung | http://academic.research.microsoft.com/Author/1540256/robert-deyoung | organization:University of Kansas
mas-a-7-7-52 | Michael Brennan | http://academic.research.microsoft.com/Author/261908/michael-brennan | organization:Drexel University
mas-a-7-7-53 | Robert Engle | http://academic.research.microsoft.com/Author/33099/robert-engle | organization:New York University
mas-a-7-7-54 | Matthew Richardson | http://academic.research.microsoft.com/Author/739952/matthew-richardson | organization:Microsoft
mas-a-7-7-55 | Christopher M. James | http://academic.research.microsoft.com/Author/7286629/christopher-m-james | organization:University of Florida
mas-a-7-7-56 | David J. Denis | http://academic.research.microsoft.com/Author/1717063/david-j-denis | organization:Purdue University
mas-a-7-7-57 | Stephen J. Taylor | http://academic.research.microsoft.com/Author/53415467/stephen-j-taylor | organization:Lancaster University
mas-a-7-7-58 | Gregory F. Udell | http://academic.research.microsoft.com/Author/898059/gregory-f-udell | organization:Indiana University
mas-a-7-7-59 | K. Casey Chan | http://academic.research.microsoft.com/Author/10234877/k-casey-chan | organization:Hong Kong University of Science & Technology
mas-a-7-7-60 | Michael L. Lemmon | http://academic.research.microsoft.com/Author/1437005/michael-l-lemmon | organization:University of Utah
mas-a-7-7-61 | Hendrik Bessembinder | http://academic.research.microsoft.com/Author/1526565/hendrik-bessembinder | organization:University of Utah
mas-a-7-7-62 | David Hirshleifer | http://academic.research.microsoft.com/Author/1955072/david-hirshleifer | organization:University of California Irvine
mas-a-7-7-63 | Paul Harvey Schultz | http://academic.research.microsoft.com/Author/1504529/paul-harvey-schultz | organization:Google Inc.
mas-a-7-7-64 | Michael C. Jensen | http://academic.research.microsoft.com/Author/23353390/michael-c-jensen | organization:Harvard University
mas-a-7-7-65 | Mike Wright | http://academic.research.microsoft.com/Author/7986929/mike-wright | organization:University of Nottingham
mas-a-7-7-66 | Edward I. Altman | http://academic.research.microsoft.com/Author/415700/edward-i-altman | organization:New York University
mas-a-7-7-67 | Kee H. Chung | http://academic.research.microsoft.com/Author/2566883/kee-h-chung | organization:State University of New York at Buffalo
mas-a-7-7-68 | Dilip B. Madan | http://academic.research.microsoft.com/Author/144228/dilip-b-madan | organization:University of Maryland
mas-a-7-7-69 | Charles A. E. Goodhart | http://academic.research.microsoft.com/Author/248078/charles-a-e-goodhart | organization:National Aeronautics and Space Administration, United States
mas-a-7-7-70 | Roger G. Ibbotson | http://academic.research.microsoft.com/Author/160507/roger-g-ibbotson | organization:Yale University
mas-a-7-7-71 | Guofu Zhou | http://academic.research.microsoft.com/Author/246508/guofu-zhou | organization:Washington University in St. Louis
mas-a-7-7-72 | Howard C. Kunreuther | http://academic.research.microsoft.com/Author/388938/howard-c-kunreuther | organization:University of Pennsylvania
mas-a-7-7-73 | James A. Brickley | http://academic.research.microsoft.com/Author/1911286/james-a-brickley | organization:University of Rochester
mas-a-7-7-74 | William J. Wilhelm Jr. | http://academic.research.microsoft.com/Author/81600/william-j-wilhelm-jr | organization:University of Virginia
mas-a-7-7-75 | Larry H.P. Lang (郎咸平) | http://academic.research.microsoft.com/Author/159593/larry-h-p-lang | organization:Chinese University of Hong Kong
mas-a-7-7-76 | Laura T. Starks | http://academic.research.microsoft.com/Author/451398/laura-t-starks | organization:University of Texas Austin
mas-a-7-7-77 | Julian R. Franks | http://academic.research.microsoft.com/Author/1050384/julian-r-franks | organization:Swansea University
mas-a-7-7-78 | Jeff Madura | http://academic.research.microsoft.com/Author/3184981/jeff-madura | organization:Florida Atlantic University
mas-a-7-7-79 | Iftekhar Hasan | http://academic.research.microsoft.com/Author/82195/iftekhar-hasan | organization:Fordham University
mas-a-7-7-80 | Yiuman Tse | http://academic.research.microsoft.com/Author/10919555/yiuman-tse | organization:University of Texas San Antonio
mas-a-7-7-81 | Kose John | http://academic.research.microsoft.com/Author/174088/kose-john | organization:New York University
mas-a-7-7-82 | David Blake | http://academic.research.microsoft.com/Author/297891/david-blake | organization:City University London
mas-a-7-7-83 | G. Geoffrey Booth | http://academic.research.microsoft.com/Author/6963763/g-geoffrey-booth | organization:Michigan State University
mas-a-7-7-84 | John A. Doukas | http://academic.research.microsoft.com/Author/672566/john-a-doukas | organization:Old Dominion University
mas-a-7-7-85 | Fischer Black | http://academic.research.microsoft.com/Author/10560510/fischer-black | organization:Massachusetts Institute of Technology
mas-a-7-7-86 | Krishna N. Paudyal | http://academic.research.microsoft.com/Author/2805369/krishna-n-paudyal | organization:University of Leeds
mas-a-7-7-87 | Martin Weber | http://academic.research.microsoft.com/Author/1055434/martin-weber | organization:University of Mannheim
mas-a-7-7-88 | Loretta J. Mester | http://academic.research.microsoft.com/Author/129524/loretta-j-mester | organization:Temple University
mas-a-7-7-89 | Raghuram G. Rajan | http://academic.research.microsoft.com/Author/1751034/raghuram-g-rajan | organization:University of Chicago
mas-a-7-7-90 | Josh Lerner | http://academic.research.microsoft.com/Author/526056/josh-lerner | organization:Harvard University
mas-a-7-7-91 | Jeffrey Frankel | http://academic.research.microsoft.com/Author/1106852/jeffrey-frankel | organization:Harvard University
mas-a-7-7-92 | Frederic S. Mishkin | http://academic.research.microsoft.com/Author/1586748/frederic-s-mishkin | organization:Columbia University
mas-a-7-7-93 | Sergio Luis Schmukler | http://academic.research.microsoft.com/Author/696520/sergio-luis-schmukler | organization:World Bank
mas-a-7-7-94 | Robert C. Merton | http://academic.research.microsoft.com/Author/10667795/robert-c-merton | organization:Harvard University
mas-a-7-7-95 | Luigi Zingales | http://academic.research.microsoft.com/Author/1324760/luigi-zingales | organization:University of Chicago
mas-a-7-7-96 | Arnoud W. A. Boot | http://academic.research.microsoft.com/Author/1701596/arnoud-w-a-boot | organization:University of Amsterdam
mas-a-7-7-97 | Pedro Santa-Clara | http://academic.research.microsoft.com/Author/444807/pedro-santa-clara | organization:Universidade Nova de Lisboa
mas-a-7-7-98 | Mark Grinblatt | http://academic.research.microsoft.com/Author/875290/mark-grinblatt | organization:University of California Los Angeles
mas-a-7-7-99 | Paul A. Gompers | http://academic.research.microsoft.com/Author/1417564/paul-a-gompers | organization:Harvard University
mas-a-7-7-100 | Joel Hasbrouck | http://academic.research.microsoft.com/Author/1361520/joel-hasbrouck | organization:New York University
