mas-a-15-8-1 | Noga Alon | http://academic.research.microsoft.com/Author/103630/noga-alon | organization:Tel Aviv University
mas-a-15-8-2 | Nathan Linial | http://academic.research.microsoft.com/Author/2403517/nathan-linial | organization:Hebrew University of Jerusalem
mas-a-15-8-3 | Laszlo Lovasz (László Lovász) | http://academic.research.microsoft.com/Author/615494/laszlo-lovasz | organization:Eotvos Lorand University (University of Budapest)
mas-a-15-8-4 | Paul Erdos (Paul Erdös) | http://academic.research.microsoft.com/Author/1112639/paul-erdos | organization:Eotvos Lorand University (University of Budapest)
mas-a-15-8-5 | Peter Frankl (Péter Frankl) | http://academic.research.microsoft.com/Author/1526998/peter-frankl | organization:Hungarian Academy of Sciences
mas-a-15-8-6 | Paul D. Seymour | http://academic.research.microsoft.com/Author/333576/paul-d-seymour | organization:Princeton University
mas-a-15-8-7 | Endre Szemerédi | http://academic.research.microsoft.com/Author/1367299/endre-szemer-di | organization:Rutgers, The State University of New Jersey
mas-a-15-8-8 | Bela Bollobas (Béla Bollobás) | http://academic.research.microsoft.com/Author/129247/bela-bollobas | organization:University of Cambridge
mas-a-15-8-9 | Miklos Ajtai (Miklós Ajtai) | http://academic.research.microsoft.com/Author/787016/miklos-ajtai | organization:IBM
mas-a-15-8-10 | Harald Niederreiter | http://academic.research.microsoft.com/Author/2056105/harald-niederreiter | organization:National University of Singapore
mas-a-15-8-11 | Michael Atiyah | http://academic.research.microsoft.com/Author/2652594/michael-atiyah | organization:University of Edinburgh
mas-a-15-8-12 | Alan M. Frieze | http://academic.research.microsoft.com/Author/834493/alan-m-frieze | organization:Carnegie Mellon University
mas-a-15-8-13 | Zoltan Furedi (Zoltán Füredi) | http://academic.research.microsoft.com/Author/551195/zoltan-furedi | organization:University of Illinois Urbana Champaign
mas-a-15-8-14 | Michael E. Saks | http://academic.research.microsoft.com/Author/1660334/michael-e-saks | organization:Rutgers, The State University of New Jersey
mas-a-15-8-15 | Bruce A. Reed | http://academic.research.microsoft.com/Author/185630/bruce-a-reed | organization:McGill University
mas-a-15-8-16 | Avi Wigderson | http://academic.research.microsoft.com/Author/594318/avi-wigderson | organization:Institute for Advanced Study
mas-a-15-8-17 | S. S. Goncharov | http://academic.research.microsoft.com/Author/53488107/s-s-goncharov | organization:Institute for Advanced Study
mas-a-15-8-18 | Edmund Hlawka | http://academic.research.microsoft.com/Author/18663600/edmund-hlawka | organization:Institute for Advanced Study
mas-a-15-8-19 | Vojtech Rodl (Vojtech Rödl) | http://academic.research.microsoft.com/Author/490732/vojtech-rodl | organization:Emory University
mas-a-15-8-20 | Joel Friedman | http://academic.research.microsoft.com/Author/760337/joel-friedman | organization:University of British Columbia
mas-a-15-8-21 | Shahn Majid | http://academic.research.microsoft.com/Author/420501/shahn-majid | organization:Queen Mary University of London
mas-a-15-8-22 | Yu. L. Ershov | http://academic.research.microsoft.com/Author/55184889/yu-l-ershov | organization:Institute of Mathematics
mas-a-15-8-23 | Arkady L. Kholodenko | http://academic.research.microsoft.com/Author/4471493/arkady-l-kholodenko | organization:Clemson University
mas-a-15-8-24 | Izu Vaisman | http://academic.research.microsoft.com/Author/42984/izu-vaisman | organization:University of Haifa
mas-a-15-8-25 | Benjamin Steinberg | http://academic.research.microsoft.com/Author/484711/benjamin-steinberg | organization:Carleton University
mas-a-15-8-26 | THOMAS FRIEDRICH | http://academic.research.microsoft.com/Author/1725033/thomas-friedrich | organization:Humboldt University of Berlin
mas-a-15-8-27 | Tomasz Luczak | http://academic.research.microsoft.com/Author/2444094/tomasz-luczak | organization:Adam Mickiewicz University Poznan
mas-a-15-8-28 | WILLIAM DWYER | http://academic.research.microsoft.com/Author/869890/william-dwyer | organization:University of Notre Dame
mas-a-15-8-29 | Michael Krivelevich | http://academic.research.microsoft.com/Author/1046532/michael-krivelevich | organization:Tel Aviv University
mas-a-15-8-30 | Michel Cahen | http://academic.research.microsoft.com/Author/22847853/michel-cahen | organization:Université Libre de Bruxelles
mas-a-15-8-31 | Janos Komlos (János Komlós) | http://academic.research.microsoft.com/Author/332832/janos-komlos | organization:University of California San Diego
mas-a-15-8-32 | Bernd Sturmfels | http://academic.research.microsoft.com/Author/498231/bernd-sturmfels | organization:University of California Berkeley
mas-a-15-8-33 | Colin J. H. McDiarmid | http://academic.research.microsoft.com/Author/745528/colin-j-h-mcdiarmid | organization:University of Oxford
mas-a-15-8-34 | Miklos Simonovits (Miklós Simonovits) | http://academic.research.microsoft.com/Author/349854/miklos-simonovits | organization:Alfred Renyi Institute of Mathematics HAS
mas-a-15-8-35 | Andrew Thomason | http://academic.research.microsoft.com/Author/449922/andrew-thomason | organization:University of Cambridge
mas-a-15-8-36 | Paul Terwilliger | http://academic.research.microsoft.com/Author/417711/paul-terwilliger | organization:University of Wisconsin Madison
mas-a-15-8-37 | Ronald Graham | http://academic.research.microsoft.com/Author/1167585/ronald-graham | organization:University of California San Diego
mas-a-15-8-38 | Vladimir N. Remeslennikov | http://academic.research.microsoft.com/Author/1821182/vladimir-n-remeslennikov | organization:Russian Academy of Sciences
mas-a-15-8-39 | Carsten Thomassen | http://academic.research.microsoft.com/Author/1259912/carsten-thomassen | organization:Technical University of Denmark
mas-a-15-8-40 | Victor Danilovich Mazurov | http://academic.research.microsoft.com/Author/47761921/victor-danilovich-mazurov | organization:Russian Academy of Sciences
mas-a-15-8-41 | Jeff Kahn | http://academic.research.microsoft.com/Author/2410591/jeff-kahn | organization:Rutgers, The State University of New Jersey
mas-a-15-8-42 | Young Jin Suh | http://academic.research.microsoft.com/Author/13069988/young-jin-suh | organization:Kyungpook (Kyungbook) National University
mas-a-15-8-43 | Ivan P. Shestakov | http://academic.research.microsoft.com/Author/52681238/ivan-p-shestakov | organization:University of São Paulo
mas-a-15-8-44 | Larisa L. Maksimova | http://academic.research.microsoft.com/Author/52829366/larisa-l-maksimova | organization:Russian Academy of Sciences
mas-a-15-8-45 | Imre Z. Ruzsa | http://academic.research.microsoft.com/Author/68683/imre-z-ruzsa | organization:Alfred Renyi Institute of Mathematics HAS
mas-a-15-8-46 | Benjamin Sudakov | http://academic.research.microsoft.com/Author/467403/benjamin-sudakov | organization:University of California Los Angeles
mas-a-15-8-47 | Bang-Yen Chen | http://academic.research.microsoft.com/Author/12800834/bang-yen-chen | organization:Michigan State University
mas-a-15-8-48 | Louis H. Kauffman | http://academic.research.microsoft.com/Author/696173/louis-h-kauffman | organization:University of Illinois Chicago
mas-a-15-8-49 | Dhruv Mubayi | http://academic.research.microsoft.com/Author/1832170/dhruv-mubayi | organization:University of Illinois Chicago
mas-a-15-8-50 | Carolyn A. Maher | http://academic.research.microsoft.com/Author/18488798/carolyn-a-maher | organization:Rutgers, The State University of New Jersey
mas-a-15-8-51 | Wenbo V. Li | http://academic.research.microsoft.com/Author/291748/wenbo-v-li | organization:University of British Columbia
mas-a-15-8-52 | Stefan Ivanov | http://academic.research.microsoft.com/Author/328828/stefan-ivanov | organization:Sofia University Saint Kliment Ohridski
mas-a-15-8-53 | David M. Mason | http://academic.research.microsoft.com/Author/515047/david-m-mason | organization:University of Delaware
mas-a-15-8-54 | Janos Pach (János Pach) | http://academic.research.microsoft.com/Author/1626304/janos-pach | organization:New York University
mas-a-15-8-55 | E. V. Ferapontov | http://academic.research.microsoft.com/Author/12469335/e-v-ferapontov | organization:Loughborough University
mas-a-15-8-56 | Oldrich Kowalski (Oldřich Kowalski) | http://academic.research.microsoft.com/Author/12821105/oldrich-kowalski | organization:Academy of Sciences of the Czech Republic
mas-a-15-8-57 | Giovanni Landi | http://academic.research.microsoft.com/Author/47772664/giovanni-landi | organization:Università degli Studi di Trieste
mas-a-15-8-58 | Brendan McKay | http://academic.research.microsoft.com/Author/287263/brendan-mckay | organization:Australian National University
mas-a-15-8-59 | Nicholas Wormald | http://academic.research.microsoft.com/Author/485223/nicholas-wormald | organization:University of Waterloo
mas-a-15-8-60 | Chris D. Godsil | http://academic.research.microsoft.com/Author/535586/chris-d-godsil | organization:University of Waterloo
mas-a-15-8-61 | Jerrold E. Marsden | http://academic.research.microsoft.com/Author/642915/jerrold-e-marsden | organization:California Institute of Technology
mas-a-15-8-62 | Marc Yor | http://academic.research.microsoft.com/Author/1077880/marc-yor | organization:Pierre and Marie Curie University
mas-a-15-8-63 | Jorge Almeida | http://academic.research.microsoft.com/Author/52884982/jorge-almeida | organization:Universidade do Porto
mas-a-15-8-64 | Pascal Weil | http://academic.research.microsoft.com/Author/14757/pascal-weil | organization:UMR5800 Laboratoire Bordelais de Recherche en Informatique
mas-a-15-8-65 | Alexander Schrijver | http://academic.research.microsoft.com/Author/852265/alexander-schrijver | organization:Centrum Voor Wiskunde en Informatica
mas-a-15-8-66 | David Nualart | http://academic.research.microsoft.com/Author/1089402/david-nualart | organization:University of Kansas
mas-a-15-8-67 | Alexandre M. Vinogradov | http://academic.research.microsoft.com/Author/12555404/alexandre-m-vinogradov | organization:Università degli Studi di Salerno
mas-a-15-8-68 | Neil P. Strickland | http://academic.research.microsoft.com/Author/243660/neil-p-strickland | organization:University of Massachusetts
mas-a-15-8-69 | Micha Sharir | http://academic.research.microsoft.com/Author/508835/micha-sharir | organization:Tel Aviv University
mas-a-15-8-70 | Alain Connes | http://academic.research.microsoft.com/Author/869687/alain-connes | organization:Collège de France
mas-a-15-8-71 | John Adams | http://academic.research.microsoft.com/Author/47705515/john-adams | organization:Collège de France
mas-a-15-8-72 | D. Richard Kuhn | http://academic.research.microsoft.com/Author/516587/d-richard-kuhn | organization:National Institute of Standards and Technology, United States
mas-a-15-8-73 | Andras Frank (András Frank) | http://academic.research.microsoft.com/Author/2149764/andras-frank | organization:Eotvos Lorand University (University of Budapest)
mas-a-15-8-74 | G. Giovanni Sparano | http://academic.research.microsoft.com/Author/11440143/g-giovanni-sparano | organization:Università degli Studi di Salerno
mas-a-15-8-75 | Janos Komlos (János Komlós) | http://academic.research.microsoft.com/Author/55074906/janos-komlos | organization:Rutgers, The State University of New Jersey
mas-a-15-8-76 | Qi-Man Shao | http://academic.research.microsoft.com/Author/909404/qi-man-shao | organization:Hong Kong University of Science & Technology
mas-a-15-8-77 | Fan R. K. Chung (金芳蓉) | http://academic.research.microsoft.com/Author/953527/fan-r-k-chung | organization:University of California San Diego
mas-a-15-8-78 | Dennis Sullivan | http://academic.research.microsoft.com/Author/2734106/dennis-sullivan | organization:Stony Brook University
mas-a-15-8-79 | Giuseppe Marmo | http://academic.research.microsoft.com/Author/12538551/giuseppe-marmo | organization:Istituto Nazionale di Fisica Nucleare
mas-a-15-8-80 | Peter W. Michor | http://academic.research.microsoft.com/Author/56478458/peter-w-michor | organization:University of Vienna
mas-a-15-8-81 | Heinrich Brauner | http://academic.research.microsoft.com/Author/18645286/heinrich-brauner | organization:University of Vienna
mas-a-15-8-82 | V. T. Filippov | http://academic.research.microsoft.com/Author/18652162/v-t-filippov | organization:Institute of Mathematics
mas-a-15-8-83 | Mario Petrich | http://academic.research.microsoft.com/Author/54691454/mario-petrich | organization:Institute of Mathematics
mas-a-15-8-84 | Endre Csaki (Endre Csáki) | http://academic.research.microsoft.com/Author/2608989/endre-csaki | organization:Alfred Renyi Institute of Mathematics HAS
mas-a-15-8-85 | Alexei G. Myasnikov | http://academic.research.microsoft.com/Author/541945/alexei-g-myasnikov | organization:Stevens Institute of Technology
mas-a-15-8-86 | Joel Spencer | http://academic.research.microsoft.com/Author/782938/joel-spencer | organization:New York University
mas-a-15-8-87 | Daniel J. Kleitman | http://academic.research.microsoft.com/Author/372764/daniel-j-kleitman | organization:Massachusetts Institute of Technology
mas-a-15-8-88 | Vladimir V. Rybakov | http://academic.research.microsoft.com/Author/2004698/vladimir-v-rybakov | organization:Manchester Metropolitan University
mas-a-15-8-89 | V. P. Shunkov | http://academic.research.microsoft.com/Author/3290889/v-p-shunkov | organization:Manchester Metropolitan University
mas-a-15-8-90 | Andries E. Brouwer | http://academic.research.microsoft.com/Author/89575/andries-e-brouwer | organization:Centrum Voor Wiskunde en Informatica
mas-a-15-8-91 | Jack Koolen | http://academic.research.microsoft.com/Author/992674/jack-koolen | organization:Pohang University of Science & Technology
mas-a-15-8-92 | László Babai | http://academic.research.microsoft.com/Author/1546443/l-szl-babai | organization:University of Chicago
mas-a-15-8-93 | Vera T. Sos (T. Sós Vera) | http://academic.research.microsoft.com/Author/3416516/vera-t-sos | organization:Alfred Renyi Institute of Mathematics HAS
mas-a-15-8-94 | Bob Speiser | http://academic.research.microsoft.com/Author/47008725/bob-speiser | organization:Brigham Young University
mas-a-15-8-95 | Dragan Marusic | http://academic.research.microsoft.com/Author/368035/dragan-marusic | organization:University of Ljubljana
mas-a-15-8-96 | Ron Aharoni | http://academic.research.microsoft.com/Author/1013688/ron-aharoni | organization:Technion Israel Institute of Technology
mas-a-15-8-97 | Zhan Shi | http://academic.research.microsoft.com/Author/1637216/zhan-shi | organization:Pierre and Marie Curie University
mas-a-15-8-98 | Andrea Loi | http://academic.research.microsoft.com/Author/4169495/andrea-loi | organization:Università degli Studi di Cagliari
mas-a-15-8-99 | Takayuki Hibi (日比孝之) | http://academic.research.microsoft.com/Author/290289/takayuki-hibi | organization:Osaka University
mas-a-15-8-100 | Mark V. Sapir | http://academic.research.microsoft.com/Author/326971/mark-v-sapir | organization:Vanderbilt University
