mas-a-7-9-1 | Adam Wagstaff | http://academic.research.microsoft.com/Author/938231/adam-wagstaff | organization:World Bank
mas-a-7-9-2 | Eddy van Doorslaer | http://academic.research.microsoft.com/Author/2584859/eddy-van-doorslaer | organization:Erasmus University of Rotterdam
mas-a-7-9-3 | Magnus Johannesson | http://academic.research.microsoft.com/Author/18047533/magnus-johannesson | organization:Stockholm School of Economics
mas-a-7-9-4 | Andrew H. Briggs | http://academic.research.microsoft.com/Author/8440865/andrew-h-briggs | organization:University of Glasgow
mas-a-7-9-5 | Mark V. Pauly | http://academic.research.microsoft.com/Author/10694954/mark-v-pauly | organization:University of Pennsylvania
mas-a-7-9-6 | Ulf-G. Gerdtham | http://academic.research.microsoft.com/Author/3888387/ulf-g-gerdtham | organization:Lund University
mas-a-7-9-7 | Mandy Ryan | http://academic.research.microsoft.com/Author/23424221/mandy-ryan | organization:University of Aberdeen
mas-a-7-9-8 | Paul J. Dolan Jr. | http://academic.research.microsoft.com/Author/23444080/paul-j-dolan-jr | organization:London School of Economics and Political Science
mas-a-7-9-9 | Amiram Gafni | http://academic.research.microsoft.com/Author/17940797/amiram-gafni | organization:McMaster University
mas-a-7-9-10 | Cam Donaldson | http://academic.research.microsoft.com/Author/3176364/cam-donaldson | organization:University of Strathclyde
mas-a-7-9-11 | Karl Claxton | http://academic.research.microsoft.com/Author/18147035/karl-claxton | organization:University of York
mas-a-7-9-12 | Hugh Gravelle | http://academic.research.microsoft.com/Author/23432781/hugh-gravelle | organization:University of York
mas-a-7-9-13 | John E. Brazier | http://academic.research.microsoft.com/Author/23401846/john-e-brazier | organization:University of Sheffield
mas-a-7-9-14 | Han Bleichrodt | http://academic.research.microsoft.com/Author/31568/han-bleichrodt | organization:Erasmus University of Rotterdam
mas-a-7-9-15 | Mark J. Sculpher | http://academic.research.microsoft.com/Author/23598760/mark-j-sculpher | organization:University of York
mas-a-7-9-16 | Carol Propper | http://academic.research.microsoft.com/Author/2609639/carol-propper | organization:University of Bristol
mas-a-7-9-17 | Stephen Birch | http://academic.research.microsoft.com/Author/52917414/stephen-birch | organization:McMaster University
mas-a-7-9-18 | Edward C. Norton | http://academic.research.microsoft.com/Author/2780248/edward-c-norton | organization:University of Michigan
mas-a-7-9-19 | Bernie J. O’Brien | http://academic.research.microsoft.com/Author/23520817/bernie-j-o-brien | organization:McMaster University
mas-a-7-9-20 | Frans F. H. Rutten | http://academic.research.microsoft.com/Author/5997983/frans-f-h-rutten | organization:Erasmus MC, University Medical Center Rotterdam
mas-a-7-9-21 | Richard D. Smith | http://academic.research.microsoft.com/Author/23498916/richard-d-smith | organization:London School of Hygiene & Tropical Medicine
mas-a-7-9-22 | Andrew M. Jones | http://academic.research.microsoft.com/Author/23398800/andrew-m-jones | organization:University of York
mas-a-7-9-23 | Alan Williams | http://academic.research.microsoft.com/Author/53618961/alan-williams | organization:University of York
mas-a-7-9-24 | Thomas G. McGuire | http://academic.research.microsoft.com/Author/23371493/thomas-g-mcguire | organization:Harvard University
mas-a-7-9-25 | Jostein Grytten | http://academic.research.microsoft.com/Author/23467633/jostein-grytten | organization:University of Oslo
mas-a-7-9-26 | Martin J. Buxton | http://academic.research.microsoft.com/Author/44616462/martin-j-buxton | organization:Brunel University
mas-a-7-9-27 | Willard G. Manning | http://academic.research.microsoft.com/Author/52963353/willard-g-manning | organization:University of Chicago
mas-a-7-9-28 | Alistair McGuire | http://academic.research.microsoft.com/Author/23404272/alistair-mcguire | organization:London School of Economics and Political Science
mas-a-7-9-29 | Werner B. F. Brouwer | http://academic.research.microsoft.com/Author/48679755/werner-b-f-brouwer | organization:Erasmus MC, University Medical Center Rotterdam
mas-a-7-9-30 | Aki Tsuchiya | http://academic.research.microsoft.com/Author/23404216/aki-tsuchiya | organization:University of Sheffield
mas-a-7-9-31 | Gisela Kobelt | http://academic.research.microsoft.com/Author/5289401/gisela-kobelt | organization:Lund University
mas-a-7-9-32 | David M. Cutler | http://academic.research.microsoft.com/Author/2606971/david-m-cutler | organization:National Bureau of Economic Research, United States
mas-a-7-9-33 | Peter C. Smith | http://academic.research.microsoft.com/Author/47490477/peter-c-smith | organization:Imperial College London
mas-a-7-9-34 | David K. Whynes | http://academic.research.microsoft.com/Author/23453539/david-k-whynes | organization:University of Nottingham
mas-a-7-9-35 | David Dranove | http://academic.research.microsoft.com/Author/697536/david-dranove | organization:Northwestern University
mas-a-7-9-36 | Jan Abel Olsen | http://academic.research.microsoft.com/Author/10618696/jan-abel-olsen | organization:University of Tromso
mas-a-7-9-37 | John A. Cairns | http://academic.research.microsoft.com/Author/27332564/john-a-cairns | organization:Heriot-Watt University
mas-a-7-9-38 | Daniel Polsky | http://academic.research.microsoft.com/Author/2680074/daniel-polsky | organization:University of Pennsylvania
mas-a-7-9-39 | Maarten Lindeboom | http://academic.research.microsoft.com/Author/3986490/maarten-lindeboom | organization:VU University of Amsterdam
mas-a-7-9-40 | Christopher J. Ruhm | http://academic.research.microsoft.com/Author/2607314/christopher-j-ruhm | organization:University of North Carolina Greensboro
mas-a-7-9-41 | Bengt Jonsson | http://academic.research.microsoft.com/Author/1256848/bengt-jonsson | organization:Uppsala University
mas-a-7-9-42 | M. F. Drummond | http://academic.research.microsoft.com/Author/2792348/m-f-drummond | organization:University of York
mas-a-7-9-43 | Peter Lindgren | http://academic.research.microsoft.com/Author/12504732/peter-lindgren | organization:Karolinska Institute
mas-a-7-9-44 | Frank A. Sloan | http://academic.research.microsoft.com/Author/2692996/frank-a-sloan | organization:Duke University
mas-a-7-9-45 | Dorte E. Gyrd-Hansen | http://academic.research.microsoft.com/Author/21309678/dorte-e-gyrd-hansen | organization:University of Southern Denmark
mas-a-7-9-46 | Anthony J. Culyer | http://academic.research.microsoft.com/Author/10986801/anthony-j-culyer | organization:University of Toronto
mas-a-7-9-47 | Marc A. Koopmanschap | http://academic.research.microsoft.com/Author/4086838/marc-a-koopmanschap | organization:Erasmus University of Rotterdam
mas-a-7-9-48 | Unto Hakkinen (Unto Häkkinen) | http://academic.research.microsoft.com/Author/24077986/unto-hakkinen | organization:Erasmus University of Rotterdam
mas-a-7-9-49 | Michael Grossman | http://academic.research.microsoft.com/Author/818518/michael-grossman | organization:City University of New York
mas-a-7-9-50 | Matthew Sutton | http://academic.research.microsoft.com/Author/47855028/matthew-sutton | organization:University of Manchester
mas-a-7-9-51 | Christopher J. McCabe | http://academic.research.microsoft.com/Author/6195141/christopher-j-mccabe | organization:University of Leeds
mas-a-7-9-52 | Jan J. Van Busschbach | http://academic.research.microsoft.com/Author/23643585/jan-j-van-busschbach | organization:Erasmus MC, University Medical Center Rotterdam
mas-a-7-9-53 | John A. Nyman | http://academic.research.microsoft.com/Author/2639699/john-a-nyman | organization:University of Minnesota
mas-a-7-9-54 | Per-Olov Johansson | http://academic.research.microsoft.com/Author/10682768/per-olov-johansson | organization:Stockholm School of Economics
mas-a-7-9-55 | Randall P. Ellis | http://academic.research.microsoft.com/Author/23352200/randall-p-ellis | organization:Boston University
mas-a-7-9-56 | Ben A. Van Hout | http://academic.research.microsoft.com/Author/50755059/ben-a-van-hout | organization:Erasmus MC, University Medical Center Rotterdam
mas-a-7-9-57 | Jonathan Gruber | http://academic.research.microsoft.com/Author/972419/jonathan-gruber | organization:Massachusetts Institute of Technology
mas-a-7-9-58 | Patricia M. Danzon | http://academic.research.microsoft.com/Author/23950734/patricia-m-danzon | organization:University of Pennsylvania
mas-a-7-9-59 | Joseph P. Newhouse | http://academic.research.microsoft.com/Author/10761461/joseph-p-newhouse | organization:Harvard University
mas-a-7-9-60 | Nigel Rice | http://academic.research.microsoft.com/Author/3178940/nigel-rice | organization:University of York
mas-a-7-9-61 | Roger D. Feldman | http://academic.research.microsoft.com/Author/22589194/roger-d-feldman | organization:University of Minnesota
mas-a-7-9-62 | Jeffrey R. J. Richardson | http://academic.research.microsoft.com/Author/54901586/jeffrey-r-j-richardson | organization:Monash University
mas-a-7-9-63 | John Mullahy | http://academic.research.microsoft.com/Author/4857/john-mullahy | organization:University of Wisconsin Madison
mas-a-7-9-64 | Owen O’Donnell | http://academic.research.microsoft.com/Author/4091579/owen-o-donnell | organization:University of Macedonia
mas-a-7-9-65 | Jenny Berg | http://academic.research.microsoft.com/Author/27478399/jenny-berg | organization:University of Macedonia
mas-a-7-9-66 | Andrew R. Willan | http://academic.research.microsoft.com/Author/55210051/andrew-r-willan | organization:University of Toronto
mas-a-7-9-67 | Ernst R. Berndt | http://academic.research.microsoft.com/Author/10750672/ernst-r-berndt | organization:Massachusetts Institute of Technology
mas-a-7-9-68 | Jennifer R. Roberts | http://academic.research.microsoft.com/Author/52878889/jennifer-r-roberts | organization:University of Sheffield
mas-a-7-9-69 | Partha Deb | http://academic.research.microsoft.com/Author/1610363/partha-deb | organization:City University of New York
mas-a-7-9-70 | Richard C. Lindrooth | http://academic.research.microsoft.com/Author/2780249/richard-c-lindrooth | organization:University of Colorado Denver
mas-a-7-9-71 | Emmett B. Keeler | http://academic.research.microsoft.com/Author/10761368/emmett-b-keeler | organization:Rand Corporation
mas-a-7-9-72 | Jack Zwanziger | http://academic.research.microsoft.com/Author/23430752/jack-zwanziger | organization:University of Illinois Chicago
mas-a-7-9-73 | Stirling Bryan | http://academic.research.microsoft.com/Author/23437356/stirling-bryan | organization:University of Birmingham
mas-a-7-9-74 | Thomas C. Buchmueller | http://academic.research.microsoft.com/Author/922149/thomas-c-buchmueller | organization:University of Michigan
mas-a-7-9-75 | Robert Kaestner | http://academic.research.microsoft.com/Author/2660209/robert-kaestner | organization:University of Illinois Chicago
mas-a-7-9-76 | Sean Nicholson | http://academic.research.microsoft.com/Author/2754468/sean-nicholson | organization:Cornell University
mas-a-7-9-77 | John Wildman | http://academic.research.microsoft.com/Author/22856998/john-wildman | organization:Newcastle University
mas-a-7-9-78 | Anthony O’Hagan | http://academic.research.microsoft.com/Author/12546449/anthony-o-hagan | organization:University of Sheffield
mas-a-7-9-79 | Teh-wei Hu | http://academic.research.microsoft.com/Author/23461391/teh-wei-hu | organization:University of California Berkeley
mas-a-7-9-80 | Martin Schellhorn | http://academic.research.microsoft.com/Author/4127692/martin-schellhorn | organization:Institut Zur Zukunft der Arbeit
mas-a-7-9-81 | Wolfgang Greiner | http://academic.research.microsoft.com/Author/4203515/wolfgang-greiner | organization:University of Bielefeld
mas-a-7-9-82 | Alan Shiell | http://academic.research.microsoft.com/Author/10791786/alan-shiell | organization:University of Calgary
mas-a-7-9-83 | Joanna Coast | http://academic.research.microsoft.com/Author/23405289/joanna-coast | organization:University of Birmingham
mas-a-7-9-84 | Anthony Scott | http://academic.research.microsoft.com/Author/12507191/anthony-scott | organization:University of Melbourne
mas-a-7-9-85 | Anirban Basu | http://academic.research.microsoft.com/Author/12900526/anirban-basu | organization:University of Washington
mas-a-7-9-86 | Janet M. Currie | http://academic.research.microsoft.com/Author/685277/janet-m-currie | organization:Columbia University
mas-a-7-9-87 | Rune J. Sorensen (Rune J. Sørensen) | http://academic.research.microsoft.com/Author/4048806/rune-j-sorensen | organization:Bi Norwegian School of Management
mas-a-7-9-88 | Richard G. Frank | http://academic.research.microsoft.com/Author/23417185/richard-g-frank | organization:University of New Orleans
mas-a-7-9-89 | Kara G Hanson | http://academic.research.microsoft.com/Author/48010988/kara-g-hanson | organization:London School of Hygiene & Tropical Medicine
mas-a-7-9-90 | Winnie C. Yip | http://academic.research.microsoft.com/Author/355416/winnie-c-yip | organization:University of Oxford
mas-a-7-9-91 | Tor Iversen | http://academic.research.microsoft.com/Author/972809/tor-iversen | organization:University of Oslo
mas-a-7-9-92 | Rowena Jacobs | http://academic.research.microsoft.com/Author/1573954/rowena-jacobs | organization:Free University of Brussels
mas-a-7-9-93 | Terkel Christiansen | http://academic.research.microsoft.com/Author/2584853/terkel-christiansen | organization:University of Southern Denmark
mas-a-7-9-94 | Mickael Lothgren (Mickael Löthgren) | http://academic.research.microsoft.com/Author/10795412/mickael-lothgren | organization:Stockholm School of Economics
mas-a-7-9-95 | David O. Meltzer | http://academic.research.microsoft.com/Author/23403699/david-o-meltzer | organization:University of Chicago
mas-a-7-9-96 | Rob M. P. M. Baltussen | http://academic.research.microsoft.com/Author/23528352/rob-m-p-m-baltussen | organization:Radboud University Nijmegen
mas-a-7-9-97 | Karen Gerard | http://academic.research.microsoft.com/Author/24395965/karen-gerard | organization:University of Southampton
mas-a-7-9-98 | Christopher J. L. Murray | http://academic.research.microsoft.com/Author/2657309/christopher-j-l-murray | organization:University of Washington
mas-a-7-9-99 | Frank J. Chaloupka | http://academic.research.microsoft.com/Author/2660259/frank-j-chaloupka | organization:University of Illinois Chicago
mas-a-7-9-100 | Shin-Yi Chou | http://academic.research.microsoft.com/Author/2670269/shin-yi-chou | organization:Lehigh University
