mas-a-2-12-1 | Ben Shneiderman | http://academic.research.microsoft.com/Author/899177/ben-shneiderman | organization:University of Maryland
mas-a-2-12-2 | Saul Greenberg | http://academic.research.microsoft.com/Author/1304573/saul-greenberg | organization:University of Calgary
mas-a-2-12-3 | John M. Carroll | http://academic.research.microsoft.com/Author/415434/john-m-carroll | organization:Pennsylvania State University
mas-a-2-12-4 | Brad A. Myers | http://academic.research.microsoft.com/Author/134086/brad-a-myers | organization:Carnegie Mellon University
mas-a-2-12-5 | Paul Dourish | http://academic.research.microsoft.com/Author/1243408/paul-dourish | organization:University of California Irvine
mas-a-2-12-6 | Stuart K. Card | http://academic.research.microsoft.com/Author/1656477/stuart-k-card | organization:Palo Alto Research Center
mas-a-2-12-7 | Jonathan Grudin | http://academic.research.microsoft.com/Author/800748/jonathan-grudin | organization:Microsoft
mas-a-2-12-8 | William A. S. Buxton (Bill Buxton) | http://academic.research.microsoft.com/Author/663628/william-a-s-buxton | organization:Microsoft
mas-a-2-12-9 | Tom Rodden | http://academic.research.microsoft.com/Author/676091/tom-rodden | organization:University of Nottingham
mas-a-2-12-10 | Gregory D. Abowd | http://academic.research.microsoft.com/Author/2033428/gregory-d-abowd | organization:Georgia Institute of Technology
mas-a-2-12-11 | Thomas P. Moran | http://academic.research.microsoft.com/Author/960985/thomas-p-moran | organization:IBM
mas-a-2-12-12 | Mary Czerwinski | http://academic.research.microsoft.com/Author/497686/mary-czerwinski | organization:Microsoft
mas-a-2-12-13 | Robert E. Kraut | http://academic.research.microsoft.com/Author/341146/robert-e-kraut | organization:Carnegie Mellon University
mas-a-2-12-14 | Stephen A. Brewster | http://academic.research.microsoft.com/Author/1488357/stephen-a-brewster | organization:University of Glasgow
mas-a-2-12-15 | James A. Landay | http://academic.research.microsoft.com/Author/1401225/james-a-landay | organization:University of Washington
mas-a-2-12-16 | Steve Benford | http://academic.research.microsoft.com/Author/2426561/steve-benford | organization:University of Nottingham
mas-a-2-12-17 | Steve Whittaker | http://academic.research.microsoft.com/Author/131137/steve-whittaker | organization:University of Sheffield
mas-a-2-12-18 | Abigail Sellen | http://academic.research.microsoft.com/Author/160491/abigail-sellen | organization:Microsoft
mas-a-2-12-19 | Gerhard Fischer | http://academic.research.microsoft.com/Author/224552/gerhard-fischer | organization:University of Colorado Boulder
mas-a-2-12-20 | Ravin Balakrishnan | http://academic.research.microsoft.com/Author/271804/ravin-balakrishnan | organization:University of Toronto
mas-a-2-12-21 | Jakob Nielsen | http://academic.research.microsoft.com/Author/2341557/jakob-nielsen | organization:Technical University of Denmark
mas-a-2-12-22 | Rosalind W. Picard | http://academic.research.microsoft.com/Author/59666/rosalind-w-picard | organization:Massachusetts Institute of Technology
mas-a-2-12-23 | George Robertson | http://academic.research.microsoft.com/Author/361485/george-robertson | organization:Microsoft
mas-a-2-12-24 | Mary Beth Rosson | http://academic.research.microsoft.com/Author/1657286/mary-beth-rosson | organization:Pennsylvania State University
mas-a-2-12-25 | Carl Gutwin | http://academic.research.microsoft.com/Author/487414/carl-gutwin | organization:University of Saskatchewan
mas-a-2-12-26 | Ben Bederson | http://academic.research.microsoft.com/Author/136606/ben-bederson | organization:University of Maryland
mas-a-2-12-27 | Bonnie Nardi | http://academic.research.microsoft.com/Author/1573928/bonnie-nardi | organization:University of California Irvine
mas-a-2-12-28 | Elizabeth D. Mynatt | http://academic.research.microsoft.com/Author/155433/elizabeth-d-mynatt | organization:Georgia Institute of Technology
mas-a-2-12-29 | Scott E. Hudson | http://academic.research.microsoft.com/Author/440269/scott-e-hudson | organization:Carnegie Mellon University
mas-a-2-12-30 | Donald Arthur Norman (Don Norman) | http://academic.research.microsoft.com/Author/1368808/donald-arthur-norman | organization:Northwestern University
mas-a-2-12-31 | Hiroshi Ishii | http://academic.research.microsoft.com/Author/1822502/hiroshi-ishii | organization:Massachusetts Institute of Technology
mas-a-2-12-32 | Iain Mackenzie | http://academic.research.microsoft.com/Author/429328/iain-mackenzie | organization:University of Cambridge
mas-a-2-12-33 | Terry Winograd | http://academic.research.microsoft.com/Author/68578/terry-winograd | organization:Stanford University
mas-a-2-12-34 | Eric Horvitz | http://academic.research.microsoft.com/Author/1357043/eric-horvitz | organization:Microsoft
mas-a-2-12-35 | Yvonne Rogers | http://academic.research.microsoft.com/Author/732439/yvonne-rogers | organization:Open University UK
mas-a-2-12-36 | Anind K. Dey | http://academic.research.microsoft.com/Author/53218821/anind-k-dey | organization:Carnegie Mellon University
mas-a-2-12-37 | Shumin Zhai | http://academic.research.microsoft.com/Author/471503/shumin-zhai | organization:IBM
mas-a-2-12-38 | Victoria Bellotti | http://academic.research.microsoft.com/Author/577582/victoria-bellotti | organization:Palo Alto Research Center
mas-a-2-12-39 | William W. Gaver | http://academic.research.microsoft.com/Author/244150/william-w-gaver | organization:Goldsmiths College University of London
mas-a-2-12-40 | Ken Hinckley | http://academic.research.microsoft.com/Author/710773/ken-hinckley | organization:Microsoft
mas-a-2-12-41 | Sharon Oviatt | http://academic.research.microsoft.com/Author/529228/sharon-oviatt | organization:Oregon Health & Science University
mas-a-2-12-42 | Chris Greenhalgh | http://academic.research.microsoft.com/Author/429964/chris-greenhalgh | organization:University of Nottingham
mas-a-2-12-43 | Alex Pentland | http://academic.research.microsoft.com/Author/343120/alex-pentland | organization:Massachusetts Institute of Technology
mas-a-2-12-44 | Patrick Baudisch | http://academic.research.microsoft.com/Author/446687/patrick-baudisch | organization:University of Potsdam
mas-a-2-12-45 | Christian Heath | http://academic.research.microsoft.com/Author/530008/christian-heath | organization:King's College London
mas-a-2-12-46 | Jean Vanderdonckt | http://academic.research.microsoft.com/Author/495619/jean-vanderdonckt | organization:Université Catholique de Louvain
mas-a-2-12-47 | Joelle Coutaz (Joëlle Coutaz) | http://academic.research.microsoft.com/Author/2410387/joelle-coutaz | organization:Institut Informatique et Mathématiques Appliquées de Grenoble
mas-a-2-12-48 | Andrew Cockburn | http://academic.research.microsoft.com/Author/567264/andrew-cockburn | organization:Catholic University of Leuven
mas-a-2-12-49 | Bonnie E. John | http://academic.research.microsoft.com/Author/1022478/bonnie-e-john | organization:IBM
mas-a-2-12-50 | Loren G. Terveen | http://academic.research.microsoft.com/Author/175128/loren-g-terveen | organization:University of Minnesota
mas-a-2-12-51 | Peter Pirolli | http://academic.research.microsoft.com/Author/1511322/peter-pirolli | organization:Palo Alto Research Center
mas-a-2-12-52 | Gary M. Olson | http://academic.research.microsoft.com/Author/699444/gary-m-olson | organization:University of California Irvine
mas-a-2-12-53 | Gordon Kurtenbach | http://academic.research.microsoft.com/Author/6830732/gordon-kurtenbach | organization:Autodesk
mas-a-2-12-54 | Alan J. Dix | http://academic.research.microsoft.com/Author/544376/alan-j-dix | organization:Lancaster University
mas-a-2-12-55 | Allison Druin | http://academic.research.microsoft.com/Author/241725/allison-druin | organization:University of Maryland
mas-a-2-12-56 | Thomas R. G. Green | http://academic.research.microsoft.com/Author/1379905/thomas-r-g-green | organization:University of Leeds
mas-a-2-12-57 | Clifford I. Nass | http://academic.research.microsoft.com/Author/2100307/clifford-i-nass | organization:Stanford University
mas-a-2-12-58 | Chia Shen | http://academic.research.microsoft.com/Author/1595224/chia-shen | organization:Harvard University
mas-a-2-12-59 | Ian Smith | http://academic.research.microsoft.com/Author/1386765/ian-smith | organization:Palo Alto Research Center
mas-a-2-12-60 | Lucy Suchman | http://academic.research.microsoft.com/Author/1433277/lucy-suchman | organization:Lancaster University
mas-a-2-12-61 | Jock Mackinlay | http://academic.research.microsoft.com/Author/484075/jock-mackinlay | organization:Palo Alto Research Center
mas-a-2-12-62 | Fabio Paternò | http://academic.research.microsoft.com/Author/1043063/fabio-patern | organization:Consiglio Nazionale delle Ricerche
mas-a-2-12-63 | Catherine Plaisant | http://academic.research.microsoft.com/Author/111324/catherine-plaisant | organization:University of Maryland
mas-a-2-12-64 | Alistair G. Sutcliffe | http://academic.research.microsoft.com/Author/1072932/alistair-g-sutcliffe | organization:University of Manchester
mas-a-2-12-65 | Thad Starner | http://academic.research.microsoft.com/Author/1172044/thad-starner | organization:Georgia Institute of Technology
mas-a-2-12-66 | Mark S. Ackerman | http://academic.research.microsoft.com/Author/365133/mark-s-ackerman | organization:University of Michigan
mas-a-2-12-67 | Rebecca E. Grinter | http://academic.research.microsoft.com/Author/431388/rebecca-e-grinter | organization:Microsoft
mas-a-2-12-68 | John Stasko | http://academic.research.microsoft.com/Author/2181032/john-stasko | organization:Georgia Institute of Technology
mas-a-2-12-69 | W. Keith Edwards | http://academic.research.microsoft.com/Author/565394/w-keith-edwards | organization:Georgia Institute of Technology
mas-a-2-12-70 | Thomas A. Erickson | http://academic.research.microsoft.com/Author/691619/thomas-a-erickson | organization:University of Minnesota
mas-a-2-12-71 | Jun Rekimoto (暦本純一) | http://academic.research.microsoft.com/Author/1615809/jun-rekimoto | organization:University of Tokyo
mas-a-2-12-72 | Sara B. Kiesler | http://academic.research.microsoft.com/Author/2471321/sara-b-kiesler | organization:Carnegie Mellon University
mas-a-2-12-73 | John A. R. Hughes | http://academic.research.microsoft.com/Author/10511685/john-a-r-hughes | organization:University of California Davis
mas-a-2-12-74 | Michael J. Muller | http://academic.research.microsoft.com/Author/2316180/michael-j-muller | organization:IBM
mas-a-2-12-75 | Laurence Nigay | http://academic.research.microsoft.com/Author/1900724/laurence-nigay | organization:Institut Informatique et Mathématiques Appliquées de Grenoble
mas-a-2-12-76 | Wendy E. Mackay | http://academic.research.microsoft.com/Author/10928/wendy-e-mackay | organization:UMR8623 Laboratoire de Recherche en Informatique
mas-a-2-12-77 | Robert J. K. Jacob | http://academic.research.microsoft.com/Author/521103/robert-j-k-jacob | organization:Tufts University
mas-a-2-12-78 | Ronald M. Baecker | http://academic.research.microsoft.com/Author/737121/ronald-m-baecker | organization:University of Toronto
mas-a-2-12-79 | Alfred Kobsa | http://academic.research.microsoft.com/Author/79489/alfred-kobsa | organization:University of California Irvine
mas-a-2-12-80 | Jennifer Preece | http://academic.research.microsoft.com/Author/9144183/jennifer-preece | organization:University of Maryland
mas-a-2-12-81 | Clifton Forlines | http://academic.research.microsoft.com/Author/1926402/clifton-forlines | organization:Mitsubishi Electric Research Laboratories
mas-a-2-12-82 | Christopher Schmandt | http://academic.research.microsoft.com/Author/568642/christopher-schmandt | organization:Massachusetts Institute of Technology
mas-a-2-12-83 | Susan Wiedenbeck | http://academic.research.microsoft.com/Author/3333219/susan-wiedenbeck | organization:Drexel University
mas-a-2-12-84 | Martina Angela Sasse | http://academic.research.microsoft.com/Author/873324/martina-angela-sasse | organization:University College London
mas-a-2-12-85 | Paul Luff | http://academic.research.microsoft.com/Author/96861/paul-luff | organization:King's College London
mas-a-2-12-86 | David E. Kieras | http://academic.research.microsoft.com/Author/1314179/david-e-kieras | organization:University of Michigan
mas-a-2-12-87 | Colin Ware | http://academic.research.microsoft.com/Author/1989846/colin-ware | organization:University of New Hampshire
mas-a-2-12-88 | Judith S. Olson | http://academic.research.microsoft.com/Author/42016/judith-s-olson | organization:University of California Irvine
mas-a-2-12-89 | Philip R. Cohen | http://academic.research.microsoft.com/Author/227516/philip-r-cohen | organization:University of California Irvine
mas-a-2-12-90 | George Furnas | http://academic.research.microsoft.com/Author/282960/george-furnas | organization:University of Michigan
mas-a-2-12-91 | Anthony Lamarca | http://academic.research.microsoft.com/Author/1001133/anthony-lamarca | organization:Intel Corporation
mas-a-2-12-92 | Justine Cassell | http://academic.research.microsoft.com/Author/2156175/justine-cassell | organization:Carnegie Mellon University
mas-a-2-12-93 | Morten Kyng | http://academic.research.microsoft.com/Author/1328617/morten-kyng | organization:Aarhus University
mas-a-2-12-94 | CONSTANTINE STEPHANIDIS | http://academic.research.microsoft.com/Author/1852055/constantine-stephanidis | organization:Foundation for Research and Technology Hellas
mas-a-2-12-95 | Albrecht Schmidt | http://academic.research.microsoft.com/Author/2013238/albrecht-schmidt | organization:University of Stuttgart
mas-a-2-12-96 | Richard Harper | http://academic.research.microsoft.com/Author/558983/richard-harper | organization:Microsoft
mas-a-2-12-97 | Henry Lieberman | http://academic.research.microsoft.com/Author/10562893/henry-lieberman | organization:Massachusetts Institute of Technology
mas-a-2-12-98 | Desney S. Tan | http://academic.research.microsoft.com/Author/261737/desney-s-tan | organization:Microsoft
mas-a-2-12-99 | Joseph Konstan | http://academic.research.microsoft.com/Author/68554/joseph-konstan | organization:University of Minnesota
mas-a-2-12-100 | Jason I. Hong | http://academic.research.microsoft.com/Author/1733023/jason-i-hong | organization:Carnegie Mellon University
