mas-a-7-12-1 | Anna S. Mattila | http://academic.research.microsoft.com/Author/23476144/anna-s-mattila | organization:Pennsylvania State University
mas-a-7-12-2 | Mike Wright | http://academic.research.microsoft.com/Author/7986929/mike-wright | organization:University of Nottingham
mas-a-7-12-3 | Shaker A. Zahra | http://academic.research.microsoft.com/Author/18215544/shaker-a-zahra | organization:University of Minnesota
mas-a-7-12-4 | Paul Westhead | http://academic.research.microsoft.com/Author/23405991/paul-westhead | organization:Durham University
mas-a-7-12-5 | Ian C. MacMillan | http://academic.research.microsoft.com/Author/10666750/ian-c-macmillan | organization:University of Pennsylvania
mas-a-7-12-6 | David B. Audretsch | http://academic.research.microsoft.com/Author/10865361/david-b-audretsch | organization:University of Pennsylvania
mas-a-7-12-7 | Dean A. Shepherd | http://academic.research.microsoft.com/Author/369910/dean-a-shepherd | organization:Indiana University
mas-a-7-12-8 | Ko de Ruyter | http://academic.research.microsoft.com/Author/2492259/ko-de-ruyter | organization:Faculty of Psychology and Neuroscience
mas-a-7-12-9 | Rob Law (罗振雄) | http://academic.research.microsoft.com/Author/453797/rob-law | organization:Hong Kong Polytechnic University
mas-a-7-12-10 | Jochen Wirtz | http://academic.research.microsoft.com/Author/4338246/jochen-wirtz | organization:National University of Singapore
mas-a-7-12-11 | Dhruv Grewal | http://academic.research.microsoft.com/Author/1766672/dhruv-grewal | organization:Babson College
mas-a-7-12-12 | Sue Birley | http://academic.research.microsoft.com/Author/10854389/sue-birley | organization:Imperial College London
mas-a-7-12-13 | Robert A. Baron | http://academic.research.microsoft.com/Author/31800/robert-a-baron | organization:Oklahoma State University
mas-a-7-12-14 | Michael H. Levy | http://academic.research.microsoft.com/Author/23585348/michael-h-levy | organization:Babson College
mas-a-7-12-15 | Cathy A. Enz | http://academic.research.microsoft.com/Author/27561743/cathy-a-enz | organization:Cornell University
mas-a-7-12-16 | Chris Ryan | http://academic.research.microsoft.com/Author/23453881/chris-ryan | organization:University of Waikato
mas-a-7-12-17 | James J. Chrisman | http://academic.research.microsoft.com/Author/1098117/james-j-chrisman | organization:Mississippi State University
mas-a-7-12-18 | Hugh C. Willmott | http://academic.research.microsoft.com/Author/23372789/hugh-c-willmott | organization:Cardiff University
mas-a-7-12-19 | Rajiv P. Dant | http://academic.research.microsoft.com/Author/2759882/rajiv-p-dant | organization:University of Oklahoma
mas-a-7-12-20 | Alistair R. Anderson | http://academic.research.microsoft.com/Author/12961938/alistair-r-anderson | organization:Robert Gordon University
mas-a-7-12-21 | William B. Gartner | http://academic.research.microsoft.com/Author/7164345/william-b-gartner | organization:Clemson University
mas-a-7-12-22 | David Knights | http://academic.research.microsoft.com/Author/17926457/david-knights | organization:University of the West of England
mas-a-7-12-23 | Hailin Qu | http://academic.research.microsoft.com/Author/27896823/hailin-qu | organization:Oklahoma State University
mas-a-7-12-24 | Alastair M. Morrison | http://academic.research.microsoft.com/Author/34586207/alastair-m-morrison | organization:Purdue University
mas-a-7-12-25 | Sheryl E. Kimes | http://academic.research.microsoft.com/Author/4363975/sheryl-e-kimes | organization:Cornell University
mas-a-7-12-26 | Judy A. Siguaw | http://academic.research.microsoft.com/Author/23619521/judy-a-siguaw | organization:East Carolina University
mas-a-7-12-27 | Joseph T. O’Leary | http://academic.research.microsoft.com/Author/18204289/joseph-t-o-leary | organization:Colorado State University
mas-a-7-12-28 | Beverley A. Sparks | http://academic.research.microsoft.com/Author/23506005/beverley-a-sparks | organization:Griffith University
mas-a-7-12-29 | Nicolai Juul Foss | http://academic.research.microsoft.com/Author/2324849/nicolai-juul-foss | organization:Copenhagen Business School
mas-a-7-12-30 | Choong-Ki Lee | http://academic.research.microsoft.com/Author/27897637/choong-ki-lee | organization:Kyung Hee University
mas-a-7-12-31 | Jacky A. Swan | http://academic.research.microsoft.com/Author/2523451/jacky-a-swan | organization:University of Warwick
mas-a-7-12-32 | Lowell W. Busenitz | http://academic.research.microsoft.com/Author/2812628/lowell-w-busenitz | organization:University of Oklahoma
mas-a-7-12-33 | Per Davidsson | http://academic.research.microsoft.com/Author/6914448/per-davidsson | organization:Queensland University of Technology
mas-a-7-12-34 | Richard Harrison | http://academic.research.microsoft.com/Author/106568/richard-harrison | organization:Kobe University
mas-a-7-12-35 | Robert B. Johnston | http://academic.research.microsoft.com/Author/49314293/robert-b-johnston | organization:University of Warwick
mas-a-7-12-36 | Scott Shane | http://academic.research.microsoft.com/Author/2736225/scott-shane | organization:Case Western Reserve University
mas-a-7-12-37 | Sharon E. Beatty | http://academic.research.microsoft.com/Author/2824429/sharon-e-beatty | organization:University of Alabama
mas-a-7-12-38 | Andrew H. Van de Ven | http://academic.research.microsoft.com/Author/17957911/andrew-h-van-de-ven | organization:University of Minnesota
mas-a-7-12-39 | Patricia Phillips McDougall | http://academic.research.microsoft.com/Author/5738244/patricia-phillips-mcdougall | organization:Indiana University
mas-a-7-12-40 | J. Bruce Tracey | http://academic.research.microsoft.com/Author/23544926/j-bruce-tracey | organization:Cornell University
mas-a-7-12-41 | Woo Gon Kim | http://academic.research.microsoft.com/Author/27897401/woo-gon-kim | organization:Florida State University
mas-a-7-12-42 | Cathy H. C. Hsu | http://academic.research.microsoft.com/Author/42424285/cathy-h-c-hsu | organization:Hong Kong Polytechnic University
mas-a-7-12-43 | Jess H. Chua | http://academic.research.microsoft.com/Author/6857543/jess-h-chua | organization:University of Calgary
mas-a-7-12-44 | Bob McKercher | http://academic.research.microsoft.com/Author/23525503/bob-mckercher | organization:Hong Kong Polytechnic University
mas-a-7-12-45 | Paul Marginson | http://academic.research.microsoft.com/Author/10847000/paul-marginson | organization:University of Warwick
mas-a-7-12-46 | Mark Wooden | http://academic.research.microsoft.com/Author/23431998/mark-wooden | organization:University of Melbourne
mas-a-7-12-47 | George Ofori | http://academic.research.microsoft.com/Author/23613318/george-ofori | organization:National University of Singapore
mas-a-7-12-48 | Seyhmus Baloglu | http://academic.research.microsoft.com/Author/27897298/seyhmus-baloglu | organization:University of Nevada las Vegas
mas-a-7-12-49 | Atila Yuksel (Atila Yüksel) | http://academic.research.microsoft.com/Author/23602685/atila-yuksel | organization:Adnan Menderes University
mas-a-7-12-50 | Bo Edvardsson | http://academic.research.microsoft.com/Author/3480523/bo-edvardsson | organization:University of Karlstad
mas-a-7-12-51 | Lloyd P. Steier | http://academic.research.microsoft.com/Author/11694211/lloyd-p-steier | organization:University of Alberta
mas-a-7-12-52 | Lloyd C. Harris | http://academic.research.microsoft.com/Author/53549177/lloyd-c-harris | organization:University of Warwick
mas-a-7-12-53 | Luke M. Froeb | http://academic.research.microsoft.com/Author/384219/luke-m-froeb | organization:Vanderbilt University
mas-a-7-12-54 | Sara Carter | http://academic.research.microsoft.com/Author/5724230/sara-carter | organization:University of Strathclyde
mas-a-7-12-55 | Paul G. Patterson | http://academic.research.microsoft.com/Author/10724847/paul-g-patterson | organization:University of New South Wales
mas-a-7-12-56 | Stephen W. Brown | http://academic.research.microsoft.com/Author/47759962/stephen-w-brown | organization:Arizona State University
mas-a-7-12-57 | Kevin Patrick Gwinner | http://academic.research.microsoft.com/Author/7876831/kevin-patrick-gwinner | organization:Kansas State University
mas-a-7-12-58 | Arnold C. Cooper | http://academic.research.microsoft.com/Author/2851087/arnold-c-cooper | organization:Purdue University
mas-a-7-12-59 | David E. Guest | http://academic.research.microsoft.com/Author/23413333/david-e-guest | organization:King's College London
mas-a-7-12-60 | Chekitan S. Dev | http://academic.research.microsoft.com/Author/3269716/chekitan-s-dev | organization:Cornell University
mas-a-7-12-61 | Martin Skitmore | http://academic.research.microsoft.com/Author/13064880/martin-skitmore | organization:Queensland University of Technology
mas-a-7-12-62 | Robert C. Lewis | http://academic.research.microsoft.com/Author/53948563/robert-c-lewis | organization:University of Guelph
mas-a-7-12-63 | Liping A. Cai | http://academic.research.microsoft.com/Author/23497138/liping-a-cai | organization:Purdue University
mas-a-7-12-64 | Stephen J. Page | http://academic.research.microsoft.com/Author/27973654/stephen-j-page | organization:London Metropolitan University
mas-a-7-12-65 | Cary L. Cooper | http://academic.research.microsoft.com/Author/23388699/cary-l-cooper | organization:Lancaster University
mas-a-7-12-66 | Dimitrios Buhalis | http://academic.research.microsoft.com/Author/3444207/dimitrios-buhalis | organization:Bournemouth University
mas-a-7-12-67 | Andrew R. J. Dainty | http://academic.research.microsoft.com/Author/11543847/andrew-r-j-dainty | organization:Loughborough University
mas-a-7-12-68 | Donald F. Kuratko | http://academic.research.microsoft.com/Author/23569411/donald-f-kuratko | organization:Indiana University
mas-a-7-12-69 | Francis Green | http://academic.research.microsoft.com/Author/433034/francis-green | organization:Institute of Education University of London
mas-a-7-12-70 | Candida G. Brush | http://academic.research.microsoft.com/Author/4670732/candida-g-brush | organization:Babson College
mas-a-7-12-71 | Arie Y. Lewin | http://academic.research.microsoft.com/Author/147474/arie-y-lewin | organization:Duke University
mas-a-7-12-72 | Harry J. Sapienza | http://academic.research.microsoft.com/Author/851565/harry-j-sapienza | organization:University of Minnesota
mas-a-7-12-73 | Nelson Phillips | http://academic.research.microsoft.com/Author/23408876/nelson-phillips | organization:Imperial College London
mas-a-7-12-74 | Nigel J. Morgan | http://academic.research.microsoft.com/Author/54087070/nigel-j-morgan | organization:University of Wales Institute Cardiff
mas-a-7-12-75 | Julian Wright | http://academic.research.microsoft.com/Author/1460471/julian-wright | organization:National University of Singapore
mas-a-7-12-76 | Peter C. Verhoef | http://academic.research.microsoft.com/Author/1588475/peter-c-verhoef | organization:University of Groningen
mas-a-7-12-77 | Gregory J. Werden | http://academic.research.microsoft.com/Author/2687095/gregory-j-werden | organization:University of Groningen
mas-a-7-12-78 | Karl E. Weick | http://academic.research.microsoft.com/Author/10574800/karl-e-weick | organization:University of Michigan
mas-a-7-12-79 | Christopher Grey | http://academic.research.microsoft.com/Author/22972847/christopher-grey | organization:University of Cambridge
mas-a-7-12-80 | M S Sridhar | http://academic.research.microsoft.com/Author/57266986/m-s-sridhar | organization:University of Cambridge
mas-a-7-12-81 | Richard B. Freeman | http://academic.research.microsoft.com/Author/383621/richard-b-freeman | organization:Harvard University
mas-a-7-12-82 | Michael K. Brady | http://academic.research.microsoft.com/Author/23471625/michael-k-brady | organization:Florida State University
mas-a-7-12-83 | Albert N. Link | http://academic.research.microsoft.com/Author/120618/albert-n-link | organization:University of North Carolina Greensboro
mas-a-7-12-84 | J. Joseph Cronin Jr | http://academic.research.microsoft.com/Author/23438779/j-joseph-cronin-jr | organization:Florida State University
mas-a-7-12-85 | Wanda J.. Orlikowski | http://academic.research.microsoft.com/Author/1554942/wanda-j-orlikowski | organization:Massachusetts Institute of Technology
mas-a-7-12-86 | Robert H. Woods | http://academic.research.microsoft.com/Author/23461446/robert-h-woods | organization:University of Liverpool
mas-a-7-12-87 | Bruce E. Kaufman | http://academic.research.microsoft.com/Author/3905379/bruce-e-kaufman | organization:Georgia State University
mas-a-7-12-88 | Bruce Prideaux | http://academic.research.microsoft.com/Author/23808385/bruce-prideaux | organization:James Cook University
mas-a-7-12-89 | Samuel Seongseop Kim | http://academic.research.microsoft.com/Author/23600838/samuel-seongseop-kim | organization:Sejong University
mas-a-7-12-90 | John S. Heywood | http://academic.research.microsoft.com/Author/2835073/john-s-heywood | organization:University of Wisconsin Milwaukee
mas-a-7-12-91 | Michael Lynn | http://academic.research.microsoft.com/Author/23453284/michael-lynn | organization:Cornell University
mas-a-7-12-92 | Muzaffer S. Uysal | http://academic.research.microsoft.com/Author/23662566/muzaffer-s-uysal | organization:Virginia Polytechnic Institute and State University
mas-a-7-12-93 | Paul A. Geroski | http://academic.research.microsoft.com/Author/10719313/paul-a-geroski | organization:London Business School
mas-a-7-12-94 | Ken W. McCleary | http://academic.research.microsoft.com/Author/23969569/ken-w-mccleary | organization:Virginia Polytechnic Institute and State University
mas-a-7-12-95 | Henk W. Volberda | http://academic.research.microsoft.com/Author/910017/henk-w-volberda | organization:RSM Erasmus University
mas-a-7-12-96 | James R. Brown | http://academic.research.microsoft.com/Author/18024279/james-r-brown | organization:Iowa State University
mas-a-7-12-97 | Magnus Sverke | http://academic.research.microsoft.com/Author/3027978/magnus-sverke | organization:Stockholm University
mas-a-7-12-98 | Timothy R. Hinkin | http://academic.research.microsoft.com/Author/10928578/timothy-r-hinkin | organization:Cornell University
mas-a-7-12-99 | Donald Getz | http://academic.research.microsoft.com/Author/44390081/donald-getz | organization:University of Calgary
mas-a-7-12-100 | Harry Matlay | http://academic.research.microsoft.com/Author/3206460/harry-matlay | organization:University of Birmingham
