mas-a-15-10-1 | Herbert W. Hethcote | http://academic.research.microsoft.com/Author/13013339/herbert-w-hethcote | organization:University of Iowa
mas-a-15-10-2 | Carlos Castillo-Ch'avez | http://academic.research.microsoft.com/Author/12795181/carlos-castillo-ch-avez | organization:Arizona State University
mas-a-15-10-3 | Helen M. Byrne | http://academic.research.microsoft.com/Author/17900295/helen-m-byrne | organization:University of Nottingham
mas-a-15-10-4 | Odo Diekmann | http://academic.research.microsoft.com/Author/93247/odo-diekmann | organization:Utrecht University
mas-a-15-10-5 | Harold J. Kushner | http://academic.research.microsoft.com/Author/444988/harold-j-kushner | organization:Brown University
mas-a-15-10-6 | Philip K. Maini | http://academic.research.microsoft.com/Author/290441/philip-k-maini | organization:University of Oxford
mas-a-15-10-7 | Pauline van den Driessche | http://academic.research.microsoft.com/Author/240744/pauline-van-den-driessche | organization:University of Victoria
mas-a-15-10-8 | Mark A. J. Chaplain | http://academic.research.microsoft.com/Author/488607/mark-a-j-chaplain | organization:University of Dundee
mas-a-15-10-9 | Simon A. Levin | http://academic.research.microsoft.com/Author/10532872/simon-a-levin | organization:Princeton University
mas-a-15-10-10 | James D. Murray | http://academic.research.microsoft.com/Author/56256014/james-d-murray | organization:University of Washington
mas-a-15-10-11 | Jonathan A. Sherratt | http://academic.research.microsoft.com/Author/2832470/jonathan-a-sherratt | organization:Microsoft
mas-a-15-10-12 | Horst R. Thieme | http://academic.research.microsoft.com/Author/472066/horst-r-thieme | organization:Arizona State University
mas-a-15-10-13 | Johan A. J. Metz | http://academic.research.microsoft.com/Author/53004/johan-a-j-metz | organization:Leiden University
mas-a-15-10-14 | Alan Perelson | http://academic.research.microsoft.com/Author/532029/alan-perelson | organization:Los Alamos National Laboratory
mas-a-15-10-15 | Harry Smith | http://academic.research.microsoft.com/Author/840249/harry-smith | organization:Arizona State University
mas-a-15-10-16 | H. T. Banks (Tom Banks) | http://academic.research.microsoft.com/Author/54057532/h-t-banks | organization:North Carolina State University
mas-a-15-10-17 | Mats Gyllenberg | http://academic.research.microsoft.com/Author/10809536/mats-gyllenberg | organization:University of Helsinki
mas-a-15-10-18 | Vivek S. Borkar | http://academic.research.microsoft.com/Author/1431212/vivek-s-borkar | organization:Tata Institute of Fundamental Research
mas-a-15-10-19 | Shigui Ruan | http://academic.research.microsoft.com/Author/2166320/shigui-ruan | organization:University of Miami
mas-a-15-10-20 | Yang Kuang | http://academic.research.microsoft.com/Author/702700/yang-kuang | organization:Arizona State University
mas-a-15-10-21 | Mark Alun Lewis | http://academic.research.microsoft.com/Author/263258/mark-alun-lewis | organization:University of Alberta
mas-a-15-10-22 | Eduardo Sontag | http://academic.research.microsoft.com/Author/1286972/eduardo-sontag | organization:Rutgers, The State University of New Jersey
mas-a-15-10-23 | Bob W. Kooi | http://academic.research.microsoft.com/Author/10699031/bob-w-kooi | organization:VU University of Amsterdam
mas-a-15-10-24 | Josef Hofbauer | http://academic.research.microsoft.com/Author/630892/josef-hofbauer | organization:University of Vienna
mas-a-15-10-25 | G. Bard Ermentrout | http://academic.research.microsoft.com/Author/981555/g-bard-ermentrout | organization:University of Pittsburgh
mas-a-15-10-26 | Jia Li | http://academic.research.microsoft.com/Author/53263849/jia-li | organization:University of Alabama Huntsville
mas-a-15-10-27 | Wendell H. Fleming | http://academic.research.microsoft.com/Author/12764905/wendell-h-fleming | organization:Brown University
mas-a-15-10-28 | Ulrich G. Haussmann | http://academic.research.microsoft.com/Author/2635860/ulrich-g-haussmann | organization:University of British Columbia
mas-a-15-10-29 | Ruth F. Curtain | http://academic.research.microsoft.com/Author/294828/ruth-f-curtain | organization:University of Groningen
mas-a-15-10-30 | Michael C. Mackey | http://academic.research.microsoft.com/Author/12804419/michael-c-mackey | organization:McGill University
mas-a-15-10-31 | Richard B. Vinter | http://academic.research.microsoft.com/Author/51627406/richard-b-vinter | organization:McGill University
mas-a-15-10-32 | Robert M. May | http://academic.research.microsoft.com/Author/189298/robert-m-may | organization:University of Oxford
mas-a-15-10-33 | Andrej Yu. Yakovlev | http://academic.research.microsoft.com/Author/53410413/andrej-yu-yakovlev | organization:University of Utah
mas-a-15-10-34 | R. Tyrrell Rockafellar | http://academic.research.microsoft.com/Author/957265/r-tyrrell-rockafellar | organization:University of Washington
mas-a-15-10-35 | Pierre M. Auger | http://academic.research.microsoft.com/Author/12540365/pierre-m-auger | organization:Paris 13 University
mas-a-15-10-36 | Hans F. Weinberger | http://academic.research.microsoft.com/Author/91228/hans-f-weinberger | organization:University of Minnesota
mas-a-15-10-37 | John R. King | http://academic.research.microsoft.com/Author/17895245/john-r-king | organization:University of Nottingham
mas-a-15-10-38 | Eberhard O. Voit | http://academic.research.microsoft.com/Author/1156819/eberhard-o-voit | organization:Georgia Institute of Technology
mas-a-15-10-39 | Alain Bensoussan | http://academic.research.microsoft.com/Author/2669007/alain-bensoussan | organization:University of Texas Dallas
mas-a-15-10-40 | Kazufumi Ito | http://academic.research.microsoft.com/Author/12550346/kazufumi-ito | organization:Waseda University
mas-a-15-10-41 | Francis Clarke | http://academic.research.microsoft.com/Author/130248/francis-clarke | organization:Claude Bernard University Lyon 1
mas-a-15-10-42 | Michael J. Chappell | http://academic.research.microsoft.com/Author/12781542/michael-j-chappell | organization:University of Warwick
mas-a-15-10-43 | Gail S. K. Wolkowicz | http://academic.research.microsoft.com/Author/287345/gail-s-k-wolkowicz | organization:McMaster University
mas-a-15-10-44 | YASUHIRO TAKEUCHI (竹内康博) | http://academic.research.microsoft.com/Author/3752780/yasuhiro-takeuchi | organization:Shizuoka University
mas-a-15-10-45 | Sebastiaan A. L. M. Kooijman | http://academic.research.microsoft.com/Author/9127293/sebastiaan-a-l-m-kooijman | organization:VU University of Amsterdam
mas-a-15-10-46 | Kenneth L. Cooke | http://academic.research.microsoft.com/Author/17966116/kenneth-l-cooke | organization:Pomona College
mas-a-15-10-47 | Steven E. Shreve | http://academic.research.microsoft.com/Author/188105/steven-e-shreve | organization:Carnegie Mellon University
mas-a-15-10-48 | Leah Edelstein-Keshet | http://academic.research.microsoft.com/Author/241115/leah-edelstein-keshet | organization:University of British Columbia
mas-a-15-10-49 | Dimitri P. Bertsekas | http://academic.research.microsoft.com/Author/2167725/dimitri-p-bertsekas | organization:Massachusetts Institute of Technology
mas-a-15-10-50 | H. I. Freedman | http://academic.research.microsoft.com/Author/342775/h-i-freedman | organization:University of Alberta
mas-a-15-10-51 | Steven I. Marcus | http://academic.research.microsoft.com/Author/241795/steven-i-marcus | organization:University of Maryland
mas-a-15-10-52 | Martin P. Boer | http://academic.research.microsoft.com/Author/2951650/martin-p-boer | organization:Wageningen University & Research Centre
mas-a-15-10-53 | Zhien Ma | http://academic.research.microsoft.com/Author/3677248/zhien-ma | organization:Xi'An Jiaotong University
mas-a-15-10-54 | Morton E. Gurtin | http://academic.research.microsoft.com/Author/10499163/morton-e-gurtin | organization:Carnegie Mellon University
mas-a-15-10-55 | Herbert I. Freedman | http://academic.research.microsoft.com/Author/56246971/herbert-i-freedman | organization:University of Alberta
mas-a-15-10-56 | Brian D. Sleeman | http://academic.research.microsoft.com/Author/12554344/brian-d-sleeman | organization:University of Leeds
mas-a-15-10-57 | Claudio Cobelli | http://academic.research.microsoft.com/Author/12653465/claudio-cobelli | organization:Università degli Studi di Padova
mas-a-15-10-58 | Glenn F. Webb | http://academic.research.microsoft.com/Author/12780550/glenn-f-webb | organization:Vanderbilt University
mas-a-15-10-59 | Thomas Nagylaki | http://academic.research.microsoft.com/Author/18603836/thomas-nagylaki | organization:University of Chicago
mas-a-15-10-60 | Sze-Bi Hsu (許世壁) | http://academic.research.microsoft.com/Author/982896/sze-bi-hsu | organization:National Tsing Hua University Taiwan
mas-a-15-10-61 | James P. Keener | http://academic.research.microsoft.com/Author/12768954/james-p-keener | organization:University of Utah
mas-a-15-10-62 | Frank G. Ball | http://academic.research.microsoft.com/Author/12813094/frank-g-ball | organization:University of Nottingham
mas-a-15-10-63 | Fred Espen Benth | http://academic.research.microsoft.com/Author/391076/fred-espen-benth | organization:University of Oslo
mas-a-15-10-64 | Alan Hastings | http://academic.research.microsoft.com/Author/18188479/alan-hastings | organization:University of California Davis
mas-a-15-10-65 | Elijah Polak | http://academic.research.microsoft.com/Author/164724/elijah-polak | organization:University of California Berkeley
mas-a-15-10-66 | George F. Oster | http://academic.research.microsoft.com/Author/1986519/george-f-oster | organization:University of California Berkeley
mas-a-15-10-67 | Pramod P. Khargonekar | http://academic.research.microsoft.com/Author/2209164/pramod-p-khargonekar | organization:University of Michigan
mas-a-15-10-68 | Stephen A. Gourley | http://academic.research.microsoft.com/Author/2625686/stephen-a-gourley | organization:University of Surrey
mas-a-15-10-69 | Niels G. Becker | http://academic.research.microsoft.com/Author/10732556/niels-g-becker | organization:Australian National University
mas-a-15-10-70 | Hans G. Othmer | http://academic.research.microsoft.com/Author/12522279/hans-g-othmer | organization:University of Minnesota
mas-a-15-10-71 | Etienne Pardoux | http://academic.research.microsoft.com/Author/12524120/etienne-pardoux | organization:Université de Provence
mas-a-15-10-72 | Stavros N. Busenberg | http://academic.research.microsoft.com/Author/18056834/stavros-n-busenberg | organization:Harvey Mudd College
mas-a-15-10-73 | John P. Ward | http://academic.research.microsoft.com/Author/52691820/john-p-ward | organization:Loughborough University
mas-a-15-10-74 | Hector J. Sussmann (Héctor J. Sussmann) | http://academic.research.microsoft.com/Author/95511/hector-j-sussmann | organization:Rutgers, The State University of New Jersey
mas-a-15-10-75 | Bingtuan Li | http://academic.research.microsoft.com/Author/1221704/bingtuan-li | organization:China Agricultural University
mas-a-15-10-76 | Keith R. Godfrey | http://academic.research.microsoft.com/Author/12685470/keith-r-godfrey | organization:University of Warwick
mas-a-15-10-77 | Ioannis Karatzas | http://academic.research.microsoft.com/Author/53279078/ioannis-karatzas | organization:Columbia University
mas-a-15-10-78 | Paul Dupuis | http://academic.research.microsoft.com/Author/86923/paul-dupuis | organization:Brown University
mas-a-15-10-79 | Ethan Akin | http://academic.research.microsoft.com/Author/12895425/ethan-akin | organization:City University of New York
mas-a-15-10-80 | Viggo Andreasen | http://academic.research.microsoft.com/Author/13138889/viggo-andreasen | organization:Roskilde University
mas-a-15-10-81 | Akira Ichikawa | http://academic.research.microsoft.com/Author/54138114/akira-ichikawa | organization:Shizuoka University
mas-a-15-10-82 | J. M. Cushing | http://academic.research.microsoft.com/Author/55675803/j-m-cushing | organization:University of Arizona
mas-a-15-10-83 | Roger J.-B. Wets | http://academic.research.microsoft.com/Author/23741/roger-j-b-wets | organization:University of California Davis
mas-a-15-10-84 | Irena Lasiecka | http://academic.research.microsoft.com/Author/610064/irena-lasiecka | organization:University of Virginia
mas-a-15-10-85 | Halil Mete Soner | http://academic.research.microsoft.com/Author/7272072/halil-mete-soner | organization:Swiss Federal Institute of Technology Zurich
mas-a-15-10-86 | J. A. P. Heesterbeek | http://academic.research.microsoft.com/Author/54324447/j-a-p-heesterbeek | organization:Utrecht University
mas-a-15-10-87 | Ioannis Karatzas | http://academic.research.microsoft.com/Author/1770503/ioannis-karatzas | organization:Columbia University
mas-a-15-10-88 | James M. Hyman | http://academic.research.microsoft.com/Author/12536974/james-m-hyman | organization:University of Arizona
mas-a-15-10-89 | J. S. Gibson | http://academic.research.microsoft.com/Author/12683378/j-s-gibson | organization:University of California Los Angeles
mas-a-15-10-90 | Paul Waltman | http://academic.research.microsoft.com/Author/52930932/paul-waltman | organization:University of Iowa
mas-a-15-10-91 | Richard Bellman | http://academic.research.microsoft.com/Author/12583906/richard-bellman | organization:Rand Corporation
mas-a-15-10-92 | David Nualart | http://academic.research.microsoft.com/Author/1089402/david-nualart | organization:University of Kansas
mas-a-15-10-93 | Karl Kunisch | http://academic.research.microsoft.com/Author/12539099/karl-kunisch | organization:Karl Franzens Universität Graz
mas-a-15-10-94 | Gang George Yin | http://academic.research.microsoft.com/Author/857764/gang-george-yin | organization:Wayne State University
mas-a-15-10-95 | Abdul-Aziz-. A. Yakubu | http://academic.research.microsoft.com/Author/3677144/abdul-aziz-a-yakubu | organization:Nasarawa State University
mas-a-15-10-96 | James Cushing | http://academic.research.microsoft.com/Author/12780802/james-cushing | organization:University of Arizona
mas-a-15-10-97 | Chris Cosner | http://academic.research.microsoft.com/Author/2134172/chris-cosner | organization:University of Miami
mas-a-15-10-98 | Goong Chen (陳鞏) | http://academic.research.microsoft.com/Author/10491810/goong-chen | organization:Texas A&M University
mas-a-15-10-99 | Maia Martcheva | http://academic.research.microsoft.com/Author/10820498/maia-martcheva | organization:University of Florida
mas-a-15-10-100 | Istvaan Gyongy (Istvaàn Gyöngy) | http://academic.research.microsoft.com/Author/54612617/istvaan-gyongy | organization:University of Edinburgh
