mas-a-7-3-1 | Peter Charles Bonest Phillips | http://academic.research.microsoft.com/Author/12752900/peter-charles-bonest-phillips | organization:Yale University
mas-a-7-3-2 | Robert Engle | http://academic.research.microsoft.com/Author/33099/robert-engle | organization:New York University
mas-a-7-3-3 | Tim Bollerslev | http://academic.research.microsoft.com/Author/2052482/tim-bollerslev | organization:Duke University
mas-a-7-3-4 | Clive Granger | http://academic.research.microsoft.com/Author/797617/clive-granger | organization:University of California San Diego
mas-a-7-3-5 | Halbert White | http://academic.research.microsoft.com/Author/202589/halbert-white | organization:University of California San Diego
mas-a-7-3-6 | Rene M. Stulz (René M. Stulz) | http://academic.research.microsoft.com/Author/11647059/rene-m-stulz | organization:Ohio State University
mas-a-7-3-7 | David F. Hendry | http://academic.research.microsoft.com/Author/547205/david-f-hendry | organization:University of Oxford
mas-a-7-3-8 | Donald W. K. Andrews | http://academic.research.microsoft.com/Author/2634287/donald-w-k-andrews | organization:Yale University
mas-a-7-3-9 | Matthew O. Jackson | http://academic.research.microsoft.com/Author/311550/matthew-o-jackson | organization:Stanford University
mas-a-7-3-10 | Drew Fudenberg | http://academic.research.microsoft.com/Author/977280/drew-fudenberg | organization:Harvard University
mas-a-7-3-11 | Darrell Duffie | http://academic.research.microsoft.com/Author/600428/darrell-duffie | organization:Stanford University
mas-a-7-3-12 | Allan Timmermann | http://academic.research.microsoft.com/Author/1591685/allan-timmermann | organization:University of California San Diego
mas-a-7-3-13 | Whitney K. Newey | http://academic.research.microsoft.com/Author/1020607/whitney-k-newey | organization:University of California San Diego
mas-a-7-3-14 | Bruce E. Hansen | http://academic.research.microsoft.com/Author/2360553/bruce-e-hansen | organization:University of Wisconsin Madison
mas-a-7-3-15 | Philip Hans Franses | http://academic.research.microsoft.com/Author/424296/philip-hans-franses | organization:Erasmus University of Rotterdam
mas-a-7-3-16 | Badi H. Baltagi | http://academic.research.microsoft.com/Author/1208335/badi-h-baltagi | organization:Syracuse University
mas-a-7-3-17 | David Knudsen Levine | http://academic.research.microsoft.com/Author/623651/david-knudsen-levine | organization:Washington University in St. Louis
mas-a-7-3-18 | Aldo Rustichini | http://academic.research.microsoft.com/Author/275640/aldo-rustichini | organization:University of Minnesota
mas-a-7-3-19 | Pradeep K. Chintagunta | http://academic.research.microsoft.com/Author/141096/pradeep-k-chintagunta | organization:University of Chicago
mas-a-7-3-20 | Eugene Fama | http://academic.research.microsoft.com/Author/993000/eugene-fama | organization:University of Chicago
mas-a-7-3-21 | M. Hashem Pesaran | http://academic.research.microsoft.com/Author/22932476/m-hashem-pesaran | organization:University of Cambridge
mas-a-7-3-22 | Francis X. Diebold | http://academic.research.microsoft.com/Author/88110/francis-x-diebold | organization:University of Pennsylvania
mas-a-7-3-23 | Pierre Perron | http://academic.research.microsoft.com/Author/2014880/pierre-perron | organization:University of Pennsylvania
mas-a-7-3-24 | Pentti Saikkonen | http://academic.research.microsoft.com/Author/75071/pentti-saikkonen | organization:University of Helsinki
mas-a-7-3-25 | Serena Ng | http://academic.research.microsoft.com/Author/2618723/serena-ng | organization:Columbia University
mas-a-7-3-26 | Soren Johansen | http://academic.research.microsoft.com/Author/23383750/soren-johansen | organization:University of Copenhagen
mas-a-7-3-27 | Peter C. Fishburn | http://academic.research.microsoft.com/Author/1337759/peter-c-fishburn | organization:AT&T Labs Research
mas-a-7-3-28 | Michael Mcaleer | http://academic.research.microsoft.com/Author/293400/michael-mcaleer | organization:Erasmus University of Rotterdam
mas-a-7-3-29 | Qi Li | http://academic.research.microsoft.com/Author/46426946/qi-li | organization:Agnes Scott College
mas-a-7-3-30 | Andrew C. Harvey | http://academic.research.microsoft.com/Author/799167/andrew-c-harvey | organization:University of Cambridge
mas-a-7-3-31 | Joel L. Horowitz | http://academic.research.microsoft.com/Author/311137/joel-l-horowitz | organization:Northwestern University
mas-a-7-3-32 | Larry Samuelson | http://academic.research.microsoft.com/Author/41896/larry-samuelson | organization:Yale University
mas-a-7-3-33 | Guido Imbens | http://academic.research.microsoft.com/Author/615385/guido-imbens | organization:Harvard University
mas-a-7-3-34 | Neil G. Shephard | http://academic.research.microsoft.com/Author/276384/neil-g-shephard | organization:University of Oxford
mas-a-7-3-35 | Jushan Bai | http://academic.research.microsoft.com/Author/37224/jushan-bai | organization:New York University
mas-a-7-3-36 | Lung-fei Lee | http://academic.research.microsoft.com/Author/919163/lung-fei-lee | organization:Ohio State University
mas-a-7-3-37 | Arnold Zellner | http://academic.research.microsoft.com/Author/18734080/arnold-zellner | organization:University of Chicago
mas-a-7-3-38 | Peter M. Robinson | http://academic.research.microsoft.com/Author/10219269/peter-m-robinson | organization:London School of Economics and Political Science
mas-a-7-3-39 | Bhaskar Dutta | http://academic.research.microsoft.com/Author/1938453/bhaskar-dutta | organization:University of Warwick
mas-a-7-3-40 | Andreu Mas-Colell | http://academic.research.microsoft.com/Author/1672906/andreu-mas-colell | organization:Universitat Pompeu Fabra
mas-a-7-3-41 | Michel Le Breton | http://academic.research.microsoft.com/Author/734776/michel-le-breton | organization:Centre Interuniversitaire de Calcul de Toulouse
mas-a-7-3-42 | Reinhard Selten | http://academic.research.microsoft.com/Author/1718971/reinhard-selten | organization:University of Bonn
mas-a-7-3-43 | Massimo Marinacci | http://academic.research.microsoft.com/Author/1301056/massimo-marinacci | organization:Università Bocconi
mas-a-7-3-44 | Siddhartha Chib | http://academic.research.microsoft.com/Author/2186802/siddhartha-chib | organization:Washington University in St. Louis
mas-a-7-3-45 | Roger B. Myerson | http://academic.research.microsoft.com/Author/17900921/roger-b-myerson | organization:University of Chicago
mas-a-7-3-46 | Eric Ghysels | http://academic.research.microsoft.com/Author/396673/eric-ghysels | organization:University of North Carolina Chapel Hill
mas-a-7-3-47 | Gary Koop | http://academic.research.microsoft.com/Author/361127/gary-koop | organization:University of Strathclyde
mas-a-7-3-48 | Timo Terasvirta (Timo Teräsvirta) | http://academic.research.microsoft.com/Author/1724130/timo-terasvirta | organization:Aarhus University
mas-a-7-3-49 | Clive W. J. Granger | http://academic.research.microsoft.com/Author/10541987/clive-w-j-granger | organization:University of California San Diego
mas-a-7-3-50 | Myrna Holtz Wooders | http://academic.research.microsoft.com/Author/650267/myrna-holtz-wooders | organization:Vanderbilt University
mas-a-7-3-51 | John Geweke | http://academic.research.microsoft.com/Author/1862101/john-geweke | organization:University of Iowa
mas-a-7-3-52 | Jeffrey M. Wooldridge | http://academic.research.microsoft.com/Author/10672078/jeffrey-m-wooldridge | organization:Michigan State University
mas-a-7-3-53 | Ehud Lehrer | http://academic.research.microsoft.com/Author/564320/ehud-lehrer | organization:Tel Aviv University
mas-a-7-3-54 | Jean-Marie Dufour | http://academic.research.microsoft.com/Author/1911665/jean-marie-dufour | organization:McGill University
mas-a-7-3-55 | Michael P. Clements | http://academic.research.microsoft.com/Author/1100440/michael-p-clements | organization:University of Warwick
mas-a-7-3-56 | Charles Manski | http://academic.research.microsoft.com/Author/40349/charles-manski | organization:Northwestern University
mas-a-7-3-57 | Jerry A. Hausman | http://academic.research.microsoft.com/Author/696343/jerry-a-hausman | organization:Massachusetts Institute of Technology
mas-a-7-3-58 | James Heckman | http://academic.research.microsoft.com/Author/183233/james-heckman | organization:University of Chicago
mas-a-7-3-59 | Richard Blundell | http://academic.research.microsoft.com/Author/2270579/richard-blundell | organization:University College London
mas-a-7-3-60 | Peter E. Rossi | http://academic.research.microsoft.com/Author/660736/peter-e-rossi | organization:University of Chicago
mas-a-7-3-61 | J. Scott Armstrong | http://academic.research.microsoft.com/Author/18064513/j-scott-armstrong | organization:University of Pennsylvania
mas-a-7-3-62 | Stef Ha. Tijs | http://academic.research.microsoft.com/Author/251854/stef-ha-tijs | organization:University of Tilburg
mas-a-7-3-63 | Oliver B. Linton | http://academic.research.microsoft.com/Author/164319/oliver-b-linton | organization:London School of Economics and Political Science
mas-a-7-3-64 | Christian Gourieroux | http://academic.research.microsoft.com/Author/1210138/christian-gourieroux | organization:University of Toronto
mas-a-7-3-65 | Cheng Hsiao | http://academic.research.microsoft.com/Author/2597001/cheng-hsiao | organization:University of Southern California
mas-a-7-3-66 | Herman K. van Dijk | http://academic.research.microsoft.com/Author/61337/herman-k-van-dijk | organization:Erasmus University of Rotterdam
mas-a-7-3-67 | Norman R. Swanson | http://academic.research.microsoft.com/Author/71921/norman-r-swanson | organization:Massachusetts Institute of Technology
mas-a-7-3-68 | Dick van Dijk | http://academic.research.microsoft.com/Author/595912/dick-van-dijk | organization:University of Surrey
mas-a-7-3-69 | Amnon Rapoport | http://academic.research.microsoft.com/Author/205934/amnon-rapoport | organization:University of California Riverside
mas-a-7-3-70 | Helmut Lutkepohl (Helmut Lütkepohl) | http://academic.research.microsoft.com/Author/1394523/helmut-lutkepohl | organization:European University Institute
mas-a-7-3-71 | Michael P. Keane | http://academic.research.microsoft.com/Author/1095318/michael-p-keane | organization:University of Oxford
mas-a-7-3-72 | James Gordon MacKinnon | http://academic.research.microsoft.com/Author/381057/james-gordon-mackinnon | organization:Queens University
mas-a-7-3-73 | Larry Epstein | http://academic.research.microsoft.com/Author/2092158/larry-epstein | organization:Boston University
mas-a-7-3-74 | James Stock | http://academic.research.microsoft.com/Author/954344/james-stock | organization:Harvard University
mas-a-7-3-75 | Alvin E. Roth | http://academic.research.microsoft.com/Author/1403222/alvin-e-roth | organization:Harvard University
mas-a-7-3-76 | Robert J. Aumann | http://academic.research.microsoft.com/Author/755352/robert-j-aumann | organization:Hebrew University of Jerusalem
mas-a-7-3-77 | Debraj Ray | http://academic.research.microsoft.com/Author/389510/debraj-ray | organization:New York University
mas-a-7-3-78 | Eric Renault | http://academic.research.microsoft.com/Author/397001/eric-renault | organization:University of North Carolina Chapel Hill
mas-a-7-3-79 | Robert A. Jarrow | http://academic.research.microsoft.com/Author/456472/robert-a-jarrow | organization:Cornell University
mas-a-7-3-80 | Lutz Kilian | http://academic.research.microsoft.com/Author/13227760/lutz-kilian | organization:University of Michigan
mas-a-7-3-81 | Campbell R. Harvey | http://academic.research.microsoft.com/Author/1867124/campbell-r-harvey | organization:Duke University
mas-a-7-3-82 | Bezalel Peleg | http://academic.research.microsoft.com/Author/1061/bezalel-peleg | organization:Hebrew University of Jerusalem
mas-a-7-3-83 | Stephen J. Leybourne | http://academic.research.microsoft.com/Author/2463945/stephen-j-leybourne | organization:University of Nottingham
mas-a-7-3-84 | Peter P. Wakker | http://academic.research.microsoft.com/Author/367364/peter-p-wakker | organization:Erasmus University of Rotterdam
mas-a-7-3-85 | Mohsen Bahmani-Oskooee | http://academic.research.microsoft.com/Author/23424713/mohsen-bahmani-oskooee | organization:University of Wisconsin Milwaukee
mas-a-7-3-86 | Itzhak Gilboa | http://academic.research.microsoft.com/Author/356711/itzhak-gilboa | organization:Tel Aviv University
mas-a-7-3-87 | Dilip B. Madan | http://academic.research.microsoft.com/Author/144228/dilip-b-madan | organization:University of Maryland
mas-a-7-3-88 | Ariel Rubinstein | http://academic.research.microsoft.com/Author/330927/ariel-rubinstein | organization:Tel Aviv University
mas-a-7-3-89 | Jinyong Hahn | http://academic.research.microsoft.com/Author/405061/jinyong-hahn | organization:University of California Los Angeles
mas-a-7-3-90 | Alain Chateauneuf | http://academic.research.microsoft.com/Author/664976/alain-chateauneuf | organization:Paris School of Economics
mas-a-7-3-91 | Thomas R. Palfrey | http://academic.research.microsoft.com/Author/949417/thomas-r-palfrey | organization:California Institute of Technology
mas-a-7-3-92 | William Brock | http://academic.research.microsoft.com/Author/155990/william-brock | organization:University of Wisconsin Madison
mas-a-7-3-93 | Cars H. Hommes | http://academic.research.microsoft.com/Author/1958599/cars-h-hommes | organization:University of Amsterdam
mas-a-7-3-94 | Mohammad Hashem Pesaran | http://academic.research.microsoft.com/Author/1048871/mohammad-hashem-pesaran | organization:University of Cambridge
mas-a-7-3-95 | Paul R. Milgrom | http://academic.research.microsoft.com/Author/110829/paul-r-milgrom | organization:Stanford University
mas-a-7-3-96 | Kenneth French | http://academic.research.microsoft.com/Author/357865/kenneth-french | organization:Dartmouth College
mas-a-7-3-97 | Sergiu Hart | http://academic.research.microsoft.com/Author/179717/sergiu-hart | organization:Hebrew University of Jerusalem
mas-a-7-3-98 | Walter Bossert | http://academic.research.microsoft.com/Author/4110382/walter-bossert | organization:Université de Montreal
mas-a-7-3-99 | Robert B. Wilson | http://academic.research.microsoft.com/Author/7251226/robert-b-wilson | organization:Stanford University
mas-a-7-3-100 | Arthur Lewbel | http://academic.research.microsoft.com/Author/222247/arthur-lewbel | organization:Boston College
