mas-a-15-2-1 | James H. Bramble | http://academic.research.microsoft.com/Author/2087360/james-h-bramble | organization:Texas A&M University
mas-a-15-2-2 | Ivo Babuska (Ivo Babuška) | http://academic.research.microsoft.com/Author/1380738/ivo-babuska | organization:University of Texas Austin
mas-a-15-2-3 | Gene H. Golub | http://academic.research.microsoft.com/Author/796234/gene-h-golub | organization:Stanford University
mas-a-15-2-4 | Jinchao Xu | http://academic.research.microsoft.com/Author/703015/jinchao-xu | organization:Pennsylvania State University
mas-a-15-2-5 | Wolfgang Dahmen | http://academic.research.microsoft.com/Author/1051146/wolfgang-dahmen | organization:Rheinisch Westfalische Technische Hochschule Aachen
mas-a-15-2-6 | Joseph E. Pasciak | http://academic.research.microsoft.com/Author/508984/joseph-e-pasciak | organization:Texas A&M University
mas-a-15-2-7 | Eitan Tadmor | http://academic.research.microsoft.com/Author/161236/eitan-tadmor | organization:University of Maryland
mas-a-15-2-8 | Randolph E. Bank | http://academic.research.microsoft.com/Author/1004528/randolph-e-bank | organization:University of California San Diego
mas-a-15-2-9 | Stanley Osher | http://academic.research.microsoft.com/Author/1050529/stanley-osher | organization:University of California Los Angeles
mas-a-15-2-10 | Christoph Georg Schwab | http://academic.research.microsoft.com/Author/155153/christoph-georg-schwab | organization:Swiss Federal Institute of Technology Zurich
mas-a-15-2-11 | Douglas N. Arnold | http://academic.research.microsoft.com/Author/2411670/douglas-n-arnold | organization:University of Minnesota
mas-a-15-2-12 | Ian H. Sloan | http://academic.research.microsoft.com/Author/916166/ian-h-sloan | organization:University of New South Wales
mas-a-15-2-13 | Carsten Carstensen | http://academic.research.microsoft.com/Author/355669/carsten-carstensen | organization:Humboldt University of Berlin
mas-a-15-2-14 | Bernardo Cockburn | http://academic.research.microsoft.com/Author/2349142/bernardo-cockburn | organization:University of Minnesota
mas-a-15-2-15 | Olof B. Widlund | http://academic.research.microsoft.com/Author/140867/olof-b-widlund | organization:New York University
mas-a-15-2-16 | Franco Brezzi | http://academic.research.microsoft.com/Author/1143182/franco-brezzi | organization:Consiglio Nazionale delle Ricerche
mas-a-15-2-17 | Chi-wang Shu (舒其望) | http://academic.research.microsoft.com/Author/670640/chi-wang-shu | organization:Brown University
mas-a-15-2-18 | Barry Simon | http://academic.research.microsoft.com/Author/1038903/barry-simon | organization:California Institute of Technology
mas-a-15-2-19 | Pierre-Louis Lions | http://academic.research.microsoft.com/Author/1536740/pierre-louis-lions | organization:Paris Dauphine University
mas-a-15-2-20 | Michael Atiyah | http://academic.research.microsoft.com/Author/2652594/michael-atiyah | organization:University of Edinburgh
mas-a-15-2-21 | Tony F. Chan | http://academic.research.microsoft.com/Author/292651/tony-f-chan | organization:University of California Los Angeles
mas-a-15-2-22 | Todd F. Dupont | http://academic.research.microsoft.com/Author/749038/todd-f-dupont | organization:University of Chicago
mas-a-15-2-23 | Ernst Hairer | http://academic.research.microsoft.com/Author/2058400/ernst-hairer | organization:Université de Geneve
mas-a-15-2-24 | Linda R. Petzold | http://academic.research.microsoft.com/Author/2771/linda-r-petzold | organization:University of Minnesota
mas-a-15-2-25 | Sergio Albeverio | http://academic.research.microsoft.com/Author/2278596/sergio-albeverio | organization:University of Bonn
mas-a-15-2-26 | Wolfgang L. Wendland | http://academic.research.microsoft.com/Author/2604355/wolfgang-l-wendland | organization:University of Stuttgart
mas-a-15-2-27 | George Stewart | http://academic.research.microsoft.com/Author/53928150/george-stewart | organization:University of Maryland
mas-a-15-2-28 | Charles A. Micchelli | http://academic.research.microsoft.com/Author/702069/charles-a-micchelli | organization:State University of New York at Albany
mas-a-15-2-29 | Zuowei Shen | http://academic.research.microsoft.com/Author/1341539/zuowei-shen | organization:National University of Singapore
mas-a-15-2-30 | C. Johnson | http://academic.research.microsoft.com/Author/12813262/c-johnson | organization:National University of Singapore
mas-a-15-2-31 | Karlheinz Grochenig (Karlheinz Gröchenig) | http://academic.research.microsoft.com/Author/2489388/karlheinz-grochenig | organization:University of Vienna
mas-a-15-2-32 | Godfrey Harold Hardy | http://academic.research.microsoft.com/Author/240967/godfrey-harold-hardy | organization:University of Cambridge
mas-a-15-2-33 | Lars B. Wahlbin | http://academic.research.microsoft.com/Author/657456/lars-b-wahlbin | organization:Cornell University
mas-a-15-2-34 | Ricardo H. Nochetto | http://academic.research.microsoft.com/Author/647141/ricardo-h-nochetto | organization:University of Maryland
mas-a-15-2-35 | Richard S. Falk | http://academic.research.microsoft.com/Author/2221167/richard-s-falk | organization:Johann Wolfgang Goethe-University Frankfurt
mas-a-15-2-36 | Eric Davies | http://academic.research.microsoft.com/Author/2605425/eric-davies | organization:Auckland University of Technology
mas-a-15-2-37 | Christian Lubich | http://academic.research.microsoft.com/Author/758280/christian-lubich | organization:University of Tübingen
mas-a-15-2-38 | Ronald DeVore | http://academic.research.microsoft.com/Author/1840017/ronald-devore | organization:Texas A&M University
mas-a-15-2-39 | Albert Cohen | http://academic.research.microsoft.com/Author/913451/albert-cohen | organization:The French National Institute for Research in Computer Science and Control
mas-a-15-2-40 | Vidar Thomee (Vidar Thomée) | http://academic.research.microsoft.com/Author/3319275/vidar-thomee | organization:Chalmers University of Technology
mas-a-15-2-41 | Robert S. Strichartz | http://academic.research.microsoft.com/Author/473668/robert-s-strichartz | organization:Cornell University
mas-a-15-2-42 | Michael Rockner (Michael Röckner) | http://academic.research.microsoft.com/Author/999062/michael-rockner | organization:University of Bielefeld
mas-a-15-2-43 | Stephen F. McCormick | http://academic.research.microsoft.com/Author/1566301/stephen-f-mccormick | organization:Sunnybrook Health Sciences Centre
mas-a-15-2-44 | James Hardy Wilkinson | http://academic.research.microsoft.com/Author/10518168/james-hardy-wilkinson | organization:National Physical Laboratory, United Kingdom
mas-a-15-2-45 | Mary F. Wheeler | http://academic.research.microsoft.com/Author/2483044/mary-f-wheeler | organization:University of Texas Austin
mas-a-15-2-46 | Herbert Bishop Keller | http://academic.research.microsoft.com/Author/10511826/herbert-bishop-keller | organization:California Institute of Technology
mas-a-15-2-47 | Amos Ron | http://academic.research.microsoft.com/Author/751809/amos-ron | organization:University of Wisconsin Madison
mas-a-15-2-48 | Joseph E. Flaherty | http://academic.research.microsoft.com/Author/1282918/joseph-e-flaherty | organization:Rensselaer Polytechnic Institute
mas-a-15-2-49 | Rolf Rannacher | http://academic.research.microsoft.com/Author/2078240/rolf-rannacher | organization:Heidelberg University
mas-a-15-2-50 | Richard Brent | http://academic.research.microsoft.com/Author/1339179/richard-brent | organization:Australian National University
mas-a-15-2-51 | Joseph D. Ward | http://academic.research.microsoft.com/Author/125472/joseph-d-ward | organization:Texas A&M University
mas-a-15-2-52 | Robert D. Russell | http://academic.research.microsoft.com/Author/283054/robert-d-russell | organization:Baylor College of Medicine
mas-a-15-2-53 | Ragnar Winther | http://academic.research.microsoft.com/Author/488069/ragnar-winther | organization:University of Oslo
mas-a-15-2-54 | Max Gunzburger | http://academic.research.microsoft.com/Author/537690/max-gunzburger | organization:Florida State University
mas-a-15-2-55 | Endre Suli (Endre Süli) | http://academic.research.microsoft.com/Author/675951/endre-suli | organization:University of Oxford
mas-a-15-2-56 | Martin Stynes | http://academic.research.microsoft.com/Author/875777/martin-stynes | organization:University of Oxford
mas-a-15-2-57 | Alfio Quarteroni | http://academic.research.microsoft.com/Author/3412809/alfio-quarteroni | organization:Politecnico di Milano
mas-a-15-2-58 | Beresford Neill Parlett | http://academic.research.microsoft.com/Author/778955/beresford-neill-parlett | organization:University of California Berkeley
mas-a-15-2-59 | Susanne C. Brenner | http://academic.research.microsoft.com/Author/203808/susanne-c-brenner | organization:Louisiana State University
mas-a-15-2-60 | Charles K. Chui | http://academic.research.microsoft.com/Author/53356268/charles-k-chui | organization:Stanford University
mas-a-15-2-61 | Bin Han | http://academic.research.microsoft.com/Author/1576496/bin-han | organization:Nankai University
mas-a-15-2-62 | Jim Douglas Jr. | http://academic.research.microsoft.com/Author/53392308/jim-douglas-jr | organization:University of New South Wales
mas-a-15-2-63 | Panayot S. Vassilevski | http://academic.research.microsoft.com/Author/887498/panayot-s-vassilevski | organization:Lawrence Livermore National Laboratory
mas-a-15-2-64 | David W. Rees | http://academic.research.microsoft.com/Author/1273267/david-w-rees | organization:University of Glamorgan
mas-a-15-2-65 | Raytcho D. Lazarov | http://academic.research.microsoft.com/Author/2764/raytcho-d-lazarov | organization:Texas A&M University
mas-a-15-2-66 | Alfred H. Schatz | http://academic.research.microsoft.com/Author/1157735/alfred-h-schatz | organization:University of Fribourg
mas-a-15-2-67 | Claes Johnson | http://academic.research.microsoft.com/Author/2558039/claes-johnson | organization:Royal Institute of Technology
mas-a-15-2-68 | Harald Niederreiter | http://academic.research.microsoft.com/Author/2056105/harald-niederreiter | organization:National University of Singapore
mas-a-15-2-69 | Richard S. Varga | http://academic.research.microsoft.com/Author/1045431/richard-s-varga | organization:Kent State University
mas-a-15-2-70 | I. M. Gel'fand | http://academic.research.microsoft.com/Author/12403591/i-m-gel-fand | organization:Kent State University
mas-a-15-2-71 | John W. Barrett | http://academic.research.microsoft.com/Author/186590/john-w-barrett | organization:Imperial College London
mas-a-15-2-72 | Hirotugu Akaike (赤池弘次) | http://academic.research.microsoft.com/Author/688531/hirotugu-akaike | organization:Institute of Statistical Mathematics
mas-a-15-2-73 | Wolfgang Hackbusch | http://academic.research.microsoft.com/Author/586943/wolfgang-hackbusch | organization:Max Planck Gesellschaft
mas-a-15-2-74 | J. M. Sanz-Serna | http://academic.research.microsoft.com/Author/9122046/j-m-sanz-serna | organization:Universidad de Valladolid
mas-a-15-2-75 | Larry L. Schumaker | http://academic.research.microsoft.com/Author/334422/larry-l-schumaker | organization:Vanderbilt University
mas-a-15-2-76 | Kenneth Hvistendahl Karlsen | http://academic.research.microsoft.com/Author/232473/kenneth-hvistendahl-karlsen | organization:University of Oslo
mas-a-15-2-77 | Mitchell Luskin | http://academic.research.microsoft.com/Author/260208/mitchell-luskin | organization:University of Minnesota
mas-a-15-2-78 | Thomas A. Manteuffel | http://academic.research.microsoft.com/Author/193451/thomas-a-manteuffel | organization:University of Colorado Boulder
mas-a-15-2-79 | Philippe L. Toint | http://academic.research.microsoft.com/Author/1552745/philippe-l-toint | organization:Facultes Universitaires Notre Dame de la Paix
mas-a-15-2-80 | Charles M. Elliott | http://academic.research.microsoft.com/Author/697250/charles-m-elliott | organization:University of Warwick
mas-a-15-2-81 | Lloyd N. Trefethen | http://academic.research.microsoft.com/Author/230458/lloyd-n-trefethen | organization:University of Oxford
mas-a-15-2-82 | Dominik Schotzau (Dominik Schötzau) | http://academic.research.microsoft.com/Author/695609/dominik-schotzau | organization:University of British Columbia
mas-a-15-2-83 | Frank R. de Hoog | http://academic.research.microsoft.com/Author/10569104/frank-r-de-hoog | organization:Commonwealth Scientific and Industrial Research Organization
mas-a-15-2-84 | Ingrid Daubechies | http://academic.research.microsoft.com/Author/3198216/ingrid-daubechies | organization:Princeton University
mas-a-15-2-85 | Andrew J. Majda | http://academic.research.microsoft.com/Author/10859286/andrew-j-majda | organization:New York University
mas-a-15-2-86 | Michael G. Crandall | http://academic.research.microsoft.com/Author/1268750/michael-g-crandall | organization:University of California Santa Barbara
mas-a-15-2-87 | James R. Bunch | http://academic.research.microsoft.com/Author/10539993/james-r-bunch | organization:University of California San Diego
mas-a-15-2-88 | Xue-cheng Tai | http://academic.research.microsoft.com/Author/525715/xue-cheng-tai | organization:University of Bergen
mas-a-15-2-89 | James W. Demmel | http://academic.research.microsoft.com/Author/1991187/james-w-demmel | organization:University of California Berkeley
mas-a-15-2-90 | Hari M. Srivastava | http://academic.research.microsoft.com/Author/2555644/hari-m-srivastava | organization:University of Victoria
mas-a-15-2-91 | ANATOLY M. VERSHIK | http://academic.research.microsoft.com/Author/1051348/anatoly-m-vershik | organization:Russian Academy of Sciences
mas-a-15-2-92 | Juncheng Wei | http://academic.research.microsoft.com/Author/965880/juncheng-wei | organization:Chinese University of Hong Kong
mas-a-15-2-93 | Ricardo G. Duran (Ricardo G. Durán) | http://academic.research.microsoft.com/Author/3323454/ricardo-g-duran | organization:Universidad de Buenos Aires
mas-a-15-2-94 | Zdzislaw Jackiewicz | http://academic.research.microsoft.com/Author/18626384/zdzislaw-jackiewicz | organization:Arizona State University
mas-a-15-2-95 | Fritz Gesztesy | http://academic.research.microsoft.com/Author/36304/fritz-gesztesy | organization:University of Missouri
mas-a-15-2-96 | Claudio Canuto | http://academic.research.microsoft.com/Author/1096018/claudio-canuto | organization:Politecnico di Torino
mas-a-15-2-97 | Jean Bourgain | http://academic.research.microsoft.com/Author/2607281/jean-bourgain | organization:Institute for Advanced Study
mas-a-15-2-98 | Werner C. Rheinboldt | http://academic.research.microsoft.com/Author/345708/werner-c-rheinboldt | organization:Institute for Advanced Study
mas-a-15-2-99 | Mark Ainsworth | http://academic.research.microsoft.com/Author/984925/mark-ainsworth | organization:University of Strathclyde
mas-a-15-2-100 | Dietrich Braess | http://academic.research.microsoft.com/Author/1376188/dietrich-braess | organization:Ruhr University Bochum
