mas-a-7-4-1 | Margaret A. Neale | http://academic.research.microsoft.com/Author/10771552/margaret-a-neale | organization:Stanford University
mas-a-7-4-2 | Andrew Neely | http://academic.research.microsoft.com/Author/794571/andrew-neely | organization:University of Cambridge
mas-a-7-4-3 | J. Frank Yates | http://academic.research.microsoft.com/Author/23405824/j-frank-yates | organization:University of Michigan
mas-a-7-4-4 | Jean Marcel Tirole | http://academic.research.microsoft.com/Author/928155/jean-marcel-tirole | organization:University of Toulouse
mas-a-7-4-5 | Max H. Bazerman | http://academic.research.microsoft.com/Author/1780881/max-h-bazerman | organization:Harvard University
mas-a-7-4-6 | David Ian Groves | http://academic.research.microsoft.com/Author/18718423/david-ian-groves | organization:University of Western Australia
mas-a-7-4-7 | Christopher A. Voss | http://academic.research.microsoft.com/Author/10786338/christopher-a-voss | organization:London Business School
mas-a-7-4-8 | Ken W. Platts | http://academic.research.microsoft.com/Author/3445524/ken-w-platts | organization:University of Cambridge
mas-a-7-4-9 | Leigh L. Thompson | http://academic.research.microsoft.com/Author/52666779/leigh-l-thompson | organization:Northwestern University
mas-a-7-4-10 | Joseph H. Astrachan | http://academic.research.microsoft.com/Author/4065971/joseph-h-astrachan | organization:Kennesaw State University
mas-a-7-4-11 | Stephen E. Kesler | http://academic.research.microsoft.com/Author/28958989/stephen-e-kesler | organization:University of Michigan
mas-a-7-4-12 | Janet A. Sniezek | http://academic.research.microsoft.com/Author/197659/janet-a-sniezek | organization:University of Illinois Urbana Champaign
mas-a-7-4-13 | Gianluca Spina | http://academic.research.microsoft.com/Author/18223290/gianluca-spina | organization:Politecnico di Milano
mas-a-7-4-14 | David E. M. Sappington | http://academic.research.microsoft.com/Author/278197/david-e-m-sappington | organization:University of Florida
mas-a-7-4-15 | Tracy R. Lewis | http://academic.research.microsoft.com/Author/22938653/tracy-r-lewis | organization:Duke University
mas-a-7-4-16 | Amrik S. Sohal | http://academic.research.microsoft.com/Author/10849804/amrik-s-sohal | organization:Monash University
mas-a-7-4-17 | Michael H. Birnbaum | http://academic.research.microsoft.com/Author/1319247/michael-h-birnbaum | organization:California State University Fullerton
mas-a-7-4-18 | John F. Mills | http://academic.research.microsoft.com/Author/23504468/john-f-mills | organization:University of Cambridge
mas-a-7-4-19 | Walter Bossert | http://academic.research.microsoft.com/Author/4110382/walter-bossert | organization:Université de Montreal
mas-a-7-4-20 | Aleda V. Roth | http://academic.research.microsoft.com/Author/52646567/aleda-v-roth | organization:Clemson University
mas-a-7-4-21 | STEPHEN E. KESLER | http://academic.research.microsoft.com/Author/54623585/stephen-e-kesler | organization:Clemson University
mas-a-7-4-22 | Richard H. Sillitoe | http://academic.research.microsoft.com/Author/54621520/richard-h-sillitoe | organization:Tallin Technological University
mas-a-7-4-23 | Stephen J. Barnes | http://academic.research.microsoft.com/Author/28809656/stephen-j-barnes | organization:Université du Quebec Chicoutimi
mas-a-7-4-24 | Wm. C. Kelly | http://academic.research.microsoft.com/Author/28957791/wm-c-kelly | organization:University of Michigan
mas-a-7-4-25 | George H Brimhall | http://academic.research.microsoft.com/Author/10943075/george-h-brimhall | organization:University of California Berkeley
mas-a-7-4-26 | Jin-Kook Lee | http://academic.research.microsoft.com/Author/23400150/jin-kook-lee | organization:Rand Corporation
mas-a-7-4-27 | Anthony J. Naldrett | http://academic.research.microsoft.com/Author/48894642/anthony-j-naldrett | organization:University of Toronto
mas-a-7-4-28 | Amnon Rapoport | http://academic.research.microsoft.com/Author/205934/amnon-rapoport | organization:University of California Riverside
mas-a-7-4-29 | Raffaella Cagliano | http://academic.research.microsoft.com/Author/2829454/raffaella-cagliano | organization:Politecnico di Milano
mas-a-7-4-30 | Cipriano Forza | http://academic.research.microsoft.com/Author/448499/cipriano-forza | organization:Università degli Studi di Padova
mas-a-7-4-31 | Paul D. Cousins | http://academic.research.microsoft.com/Author/4924803/paul-d-cousins | organization:University of Manchester
mas-a-7-4-32 | Jonathan Baron | http://academic.research.microsoft.com/Author/18094329/jonathan-baron | organization:University of Pennsylvania
mas-a-7-4-33 | Irwin P. Levin | http://academic.research.microsoft.com/Author/23442191/irwin-p-levin | organization:University of Iowa
mas-a-7-4-34 | Jack R. Meredith | http://academic.research.microsoft.com/Author/53647201/jack-r-meredith | organization:Wake Forest University
mas-a-7-4-35 | Mike Gregory | http://academic.research.microsoft.com/Author/23446278/mike-gregory | organization:University of Cambridge
mas-a-7-4-36 | Peter C. Lightfoot | http://academic.research.microsoft.com/Author/54130968/peter-c-lightfoot | organization:Laurentian University
mas-a-7-4-37 | Anthony E. Williams-Jones | http://academic.research.microsoft.com/Author/28961282/anthony-e-williams-jones | organization:McGill University
mas-a-7-4-38 | Richard H. Sillitoe | http://academic.research.microsoft.com/Author/3048412/richard-h-sillitoe | organization:McGill University
mas-a-7-4-39 | M. T. Einaudi | http://academic.research.microsoft.com/Author/28959007/m-t-einaudi | organization:Stanford University
mas-a-7-4-40 | Donald G. Saari | http://academic.research.microsoft.com/Author/12540699/donald-g-saari | organization:University of California Irvine
mas-a-7-4-41 | Robert Kerrich | http://academic.research.microsoft.com/Author/28960114/robert-kerrich | organization:University of Saskatchewan
mas-a-7-4-42 | Edwin Roedder | http://academic.research.microsoft.com/Author/42757842/edwin-roedder | organization:US Geological Survey
mas-a-7-4-43 | Anthony J. Naldrett | http://academic.research.microsoft.com/Author/54791960/anthony-j-naldrett | organization:US Geological Survey
mas-a-7-4-44 | Marc Fleurbaey | http://academic.research.microsoft.com/Author/1421673/marc-fleurbaey | organization:Princeton University
mas-a-7-4-45 | Jennifer F. Reinganum | http://academic.research.microsoft.com/Author/565209/jennifer-f-reinganum | organization:Vanderbilt University
mas-a-7-4-46 | Gerhard Von Gruenewaldt | http://academic.research.microsoft.com/Author/28960044/gerhard-von-gruenewaldt | organization:University of Pretoria
mas-a-7-4-47 | Reid R. Keays | http://academic.research.microsoft.com/Author/55142804/reid-r-keays | organization:University of Melbourne
mas-a-7-4-48 | James J. Chrisman | http://academic.research.microsoft.com/Author/1098117/james-j-chrisman | organization:Mississippi State University
mas-a-7-4-49 | John L. Ward | http://academic.research.microsoft.com/Author/47353965/john-l-ward | organization:International Institute for Management Development, Lausanne
mas-a-7-4-50 | Hiroshi Ohmoto | http://academic.research.microsoft.com/Author/52633732/hiroshi-ohmoto | organization:International Institute for Management Development, Lausanne
mas-a-7-4-51 | Timothy A. Judge | http://academic.research.microsoft.com/Author/1543159/timothy-a-judge | organization:University of Florida
mas-a-7-4-52 | A. J. Naldrett | http://academic.research.microsoft.com/Author/28958890/a-j-naldrett | organization:University of the Witwatersrand
mas-a-7-4-53 | Nigel Slack | http://academic.research.microsoft.com/Author/2879848/nigel-slack | organization:Brunel University
mas-a-7-4-54 | Alan F. Harrison | http://academic.research.microsoft.com/Author/23494188/alan-f-harrison | organization:Cranfield University
mas-a-7-4-55 | David Singer | http://academic.research.microsoft.com/Author/28025115/david-singer | organization:University of Michigan
mas-a-7-4-56 | Marcel Zeelenberg | http://academic.research.microsoft.com/Author/4038881/marcel-zeelenberg | organization:University of Tilburg
mas-a-7-4-57 | Peter J. D. Carnevale | http://academic.research.microsoft.com/Author/11656827/peter-j-d-carnevale | organization:University of Southern California
mas-a-7-4-58 | Gregory B. Northcraft | http://academic.research.microsoft.com/Author/23368702/gregory-b-northcraft | organization:University of Illinois Urbana Champaign
mas-a-7-4-59 | Miguel Angel Gallo | http://academic.research.microsoft.com/Author/23853517/miguel-angel-gallo | organization:University of Navarra
mas-a-7-4-60 | Christoph A. Heinrich | http://academic.research.microsoft.com/Author/54374041/christoph-a-heinrich | organization:Australian National University
mas-a-7-4-61 | Joel Brockner | http://academic.research.microsoft.com/Author/23394444/joel-brockner | organization:Columbia University
mas-a-7-4-62 | J. L. Walshe | http://academic.research.microsoft.com/Author/54309504/j-l-walshe | organization:Australian National University
mas-a-7-4-63 | Edward M. Ripley | http://academic.research.microsoft.com/Author/28960191/edward-m-ripley | organization:Indiana University
mas-a-7-4-64 | Jerry S. Kelly | http://academic.research.microsoft.com/Author/23402142/jerry-s-kelly | organization:Syracuse University
mas-a-7-4-65 | Robert O. Rye | http://academic.research.microsoft.com/Author/54583062/robert-o-rye | organization:Syracuse University
mas-a-7-4-66 | Pramodita Sharma | http://academic.research.microsoft.com/Author/3976987/pramodita-sharma | organization:Concordia University
mas-a-7-4-67 | Edward T. C. Spooner | http://academic.research.microsoft.com/Author/28960880/edward-t-c-spooner | organization:University of Toronto
mas-a-7-4-68 | Peter C. Fishburn | http://academic.research.microsoft.com/Author/1337759/peter-c-fishburn | organization:AT&T Labs Research
mas-a-7-4-69 | Suresh P. Sethi | http://academic.research.microsoft.com/Author/12536383/suresh-p-sethi | organization:University of Texas Dallas
mas-a-7-4-70 | Michel Le Breton | http://academic.research.microsoft.com/Author/734776/michel-le-breton | organization:Centre Interuniversitaire de Calcul de Toulouse
mas-a-7-4-71 | Danny M. Rye | http://academic.research.microsoft.com/Author/28959681/danny-m-rye | organization:Yale University
mas-a-7-4-72 | Terry Connolly | http://academic.research.microsoft.com/Author/535161/terry-connolly | organization:University of Arizona
mas-a-7-4-73 | Andrew F. Daughety | http://academic.research.microsoft.com/Author/977334/andrew-f-daughety | organization:Vanderbilt University
mas-a-7-4-74 | Harry de Boer | http://academic.research.microsoft.com/Author/23425199/harry-de-boer | organization:University of Twente
mas-a-7-4-75 | Yoav Ganzach | http://academic.research.microsoft.com/Author/18288531/yoav-ganzach | organization:Tel Aviv University
mas-a-7-4-76 | Sharon M. Danes | http://academic.research.microsoft.com/Author/23590957/sharon-m-danes | organization:University of Minnesota
mas-a-7-4-77 | Ken Boyer | http://academic.research.microsoft.com/Author/23643590/ken-boyer | organization:Michigan State University
mas-a-7-4-78 | Angela C. Lyons | http://academic.research.microsoft.com/Author/3684282/angela-c-lyons | organization:University of Illinois Urbana Champaign
mas-a-7-4-79 | Don A. Moore | http://academic.research.microsoft.com/Author/9115221/don-a-moore | organization:University of California Berkeley
mas-a-7-4-80 | Patrick R. Laughlin | http://academic.research.microsoft.com/Author/23169559/patrick-r-laughlin | organization:University of Illinois Urbana Champaign
mas-a-7-4-81 | Robert B. Johnston | http://academic.research.microsoft.com/Author/49314293/robert-b-johnston | organization:University of Warwick
mas-a-7-4-82 | Michael H. Riordan | http://academic.research.microsoft.com/Author/881169/michael-h-riordan | organization:Columbia University
mas-a-7-4-83 | Ilana Ritov | http://academic.research.microsoft.com/Author/2805740/ilana-ritov | organization:Hebrew University of Jerusalem
mas-a-7-4-84 | Umit S. Bititci | http://academic.research.microsoft.com/Author/3404032/umit-s-bititci | organization:University of Strathclyde
mas-a-7-4-85 | John C. Hershey | http://academic.research.microsoft.com/Author/13017577/john-c-hershey | organization:University of Pennsylvania
mas-a-7-4-86 | Wallace H. MacLean | http://academic.research.microsoft.com/Author/23939400/wallace-h-maclean | organization:McGill University
mas-a-7-4-87 | Gregory B. Northcraft | http://academic.research.microsoft.com/Author/53353009/gregory-b-northcraft | organization:McGill University
mas-a-7-4-88 | Arthur W. Rose | http://academic.research.microsoft.com/Author/53402308/arthur-w-rose | organization:Pennsylvania State University
mas-a-7-4-89 | Robert B. Handfield | http://academic.research.microsoft.com/Author/1407073/robert-b-handfield | organization:North Carolina State University
mas-a-7-4-90 | David Martimort | http://academic.research.microsoft.com/Author/1815666/david-martimort | organization:Centre Interuniversitaire de Calcul de Toulouse
mas-a-7-4-91 | Xiao-Ping Chen | http://academic.research.microsoft.com/Author/5431138/xiao-ping-chen | organization:University of Washington
mas-a-7-4-92 | Richard C. Lamming | http://academic.research.microsoft.com/Author/10676560/richard-c-lamming | organization:University of Exeter
mas-a-7-4-93 | Scott Highhouse | http://academic.research.microsoft.com/Author/23446649/scott-highhouse | organization:Bowling Green State University
mas-a-7-4-94 | Mohamed A. Youssef | http://academic.research.microsoft.com/Author/23916158/mohamed-a-youssef | organization:Cairo University
mas-a-7-4-95 | Paul L. Cloke | http://academic.research.microsoft.com/Author/28957922/paul-l-cloke | organization:University of Michigan
mas-a-7-4-96 | Patrick Rey | http://academic.research.microsoft.com/Author/388586/patrick-rey | organization:Centre Interuniversitaire de Calcul de Toulouse
mas-a-7-4-97 | Richard J. Gilbert | http://academic.research.microsoft.com/Author/429059/richard-j-gilbert | organization:University of California Berkeley
mas-a-7-4-98 | Jean-Jacques Laffont | http://academic.research.microsoft.com/Author/483924/jean-jacques-laffont | organization:Toulouse 1 University Capitole
mas-a-7-4-99 | Suzanne Scotchmer | http://academic.research.microsoft.com/Author/938292/suzanne-scotchmer | organization:University of California Berkeley
mas-a-7-4-100 | Paul L. Joskow | http://academic.research.microsoft.com/Author/1116194/paul-l-joskow | organization:Massachusetts Institute of Technology
