mas-a-2-13-1 | Hong-jiang Zhang (张宏江) | http://academic.research.microsoft.com/Author/951346/hong-jiang-zhang | organization:Kingsoft
mas-a-2-13-2 | Shih-fu Chang | http://academic.research.microsoft.com/Author/404379/shih-fu-chang | organization:Columbia University
mas-a-2-13-3 | Bernd Girod | http://academic.research.microsoft.com/Author/119796/bernd-girod | organization:Stanford University
mas-a-2-13-4 | Thomas S. Huang | http://academic.research.microsoft.com/Author/292834/thomas-s-huang | organization:University of Illinois Urbana Champaign
mas-a-2-13-5 | Kannan Ramchandran | http://academic.research.microsoft.com/Author/1918037/kannan-ramchandran | organization:University of California Berkeley
mas-a-2-13-6 | John R. Smith | http://academic.research.microsoft.com/Author/2132587/john-r-smith | organization:IBM
mas-a-2-13-7 | Avideh Zakhor | http://academic.research.microsoft.com/Author/94038/avideh-zakhor | organization:University of California Berkeley
mas-a-2-13-8 | Anil K. Jain | http://academic.research.microsoft.com/Author/429641/anil-k-jain | organization:Michigan State University
mas-a-2-13-9 | Aggelos K. Katsaggelos | http://academic.research.microsoft.com/Author/1331430/aggelos-k-katsaggelos | organization:Northwestern University
mas-a-2-13-10 | Alan Conrad Bovik | http://academic.research.microsoft.com/Author/707414/alan-conrad-bovik | organization:University of Texas Austin
mas-a-2-13-11 | A. Murat Tekalp | http://academic.research.microsoft.com/Author/1838046/a-murat-tekalp | organization:Koc University
mas-a-2-13-12 | Martin Vetterli | http://academic.research.microsoft.com/Author/640486/martin-vetterli | organization:École Polytechnique Fédérale de Lausanne
mas-a-2-13-13 | Ioannis Pitas | http://academic.research.microsoft.com/Author/2464510/ioannis-pitas | organization:Aristotle University of Thessaloniki
mas-a-2-13-14 | Yao Wang (王瑶) | http://academic.research.microsoft.com/Author/814291/yao-wang | organization:Polytechnic University of New York
mas-a-2-13-15 | Ya-qin Zhang (张亚勤) | http://academic.research.microsoft.com/Author/903357/ya-qin-zhang | organization:Microsoft
mas-a-2-13-16 | Michael Orchard | http://academic.research.microsoft.com/Author/122644/michael-orchard | organization:Rice University
mas-a-2-13-17 | Thomas Wiegand | http://academic.research.microsoft.com/Author/1178858/thomas-wiegand | organization:Fraunhofer Society
mas-a-2-13-18 | Bangalore S Manjunath | http://academic.research.microsoft.com/Author/301288/bangalore-s-manjunath | organization:University of California Santa Barbara
mas-a-2-13-19 | Edward Delp | http://academic.research.microsoft.com/Author/815536/edward-delp | organization:Purdue University
mas-a-2-13-20 | Wei-ying Ma (马维英) | http://academic.research.microsoft.com/Author/922315/wei-ying-ma | organization:Microsoft
mas-a-2-13-21 | Michael Unser | http://academic.research.microsoft.com/Author/2374688/michael-unser | organization:École Polytechnique Fédérale de Lausanne
mas-a-2-13-22 | Ramesh Jain | http://academic.research.microsoft.com/Author/1939777/ramesh-jain | organization:University of California Irvine
mas-a-2-13-23 | Zixiang Xiong | http://academic.research.microsoft.com/Author/1302429/zixiang-xiong | organization:Texas A&M University
mas-a-2-13-24 | Yong Rui (芮勇) | http://academic.research.microsoft.com/Author/1689917/yong-rui | organization:Microsoft
mas-a-2-13-25 | C.-C. Jay Kuo | http://academic.research.microsoft.com/Author/52256842/c-c-jay-kuo | organization:University of Southern California
mas-a-2-13-26 | Nasir D. Memon | http://academic.research.microsoft.com/Author/277650/nasir-d-memon | organization:Polytechnic University of New York
mas-a-2-13-27 | Eero Simoncelli | http://academic.research.microsoft.com/Author/1333754/eero-simoncelli | organization:New York University
mas-a-2-13-28 | Antonio Ortega | http://academic.research.microsoft.com/Author/9154101/antonio-ortega | organization:University of Southern California
mas-a-2-13-29 | Touradj Ebrahimi | http://academic.research.microsoft.com/Author/2489058/touradj-ebrahimi | organization:École Polytechnique Fédérale de Lausanne
mas-a-2-13-30 | Liang-gee Chen (陳良基) | http://academic.research.microsoft.com/Author/122927/liang-gee-chen | organization:National Taiwan University
mas-a-2-13-31 | Mingjing Li (李明镜) | http://academic.research.microsoft.com/Author/1755062/mingjing-li | organization:National Taiwan University
mas-a-2-13-32 | Alexander G. Hauptmann | http://academic.research.microsoft.com/Author/713130/alexander-g-hauptmann | organization:Carnegie Mellon University
mas-a-2-13-33 | Michael Elad | http://academic.research.microsoft.com/Author/1704082/michael-elad | organization:Technion Israel Institute of Technology
mas-a-2-13-34 | Ingemar Cox | http://academic.research.microsoft.com/Author/393117/ingemar-cox | organization:Technion Israel Institute of Technology
mas-a-2-13-35 | Bede Liu | http://academic.research.microsoft.com/Author/1116348/bede-liu | organization:Princeton University
mas-a-2-13-36 | Xiao-Lin Wu | http://academic.research.microsoft.com/Author/1471176/xiao-lin-wu | organization:McMaster University
mas-a-2-13-37 | Rama Chellappa | http://academic.research.microsoft.com/Author/1539518/rama-chellappa | organization:University of Maryland
mas-a-2-13-38 | David Donoho | http://academic.research.microsoft.com/Author/848706/david-donoho | organization:Stanford University
mas-a-2-13-39 | Miroslav Goljan | http://academic.research.microsoft.com/Author/551386/miroslav-goljan | organization:Binghamton University
mas-a-2-13-40 | Xian-Sheng Hua (华先胜) | http://academic.research.microsoft.com/Author/836231/xian-sheng-hua | organization:Microsoft
mas-a-2-13-41 | Shipeng Li (李世鹏) | http://academic.research.microsoft.com/Author/2293694/shipeng-li | organization:Microsoft
mas-a-2-13-42 | Klara Nahrstedt | http://academic.research.microsoft.com/Author/1289419/klara-nahrstedt | organization:University of Illinois Urbana Champaign
mas-a-2-13-43 | Charles Bouman | http://academic.research.microsoft.com/Author/184526/charles-bouman | organization:Purdue University
mas-a-2-13-44 | Min Wu (吴旻) | http://academic.research.microsoft.com/Author/324181/min-wu | organization:University of Maryland
mas-a-2-13-45 | Minerva M. Yeung | http://academic.research.microsoft.com/Author/47761410/minerva-m-yeung | organization:Intel Corporation
mas-a-2-13-46 | Boon-lock Yeo | http://academic.research.microsoft.com/Author/2240544/boon-lock-yeo | organization:IBM
mas-a-2-13-47 | Russell M. Mersereau | http://academic.research.microsoft.com/Author/992636/russell-m-mersereau | organization:Georgia Institute of Technology
mas-a-2-13-48 | Edward Yi Chang (張翼) | http://academic.research.microsoft.com/Author/1250566/edward-yi-chang | organization:National Chiao Tung University, Taiwan
mas-a-2-13-49 | Milind R. Naphade | http://academic.research.microsoft.com/Author/1210074/milind-r-naphade | organization:IBM
mas-a-2-13-50 | Jessica J. Fridrich | http://academic.research.microsoft.com/Author/403962/jessica-j-fridrich | organization:Binghamton University
mas-a-2-13-51 | Michael G. Strintzis | http://academic.research.microsoft.com/Author/1671770/michael-g-strintzis | organization:Aristotle University of Thessaloniki
mas-a-2-13-52 | Rainer W. Lienhart | http://academic.research.microsoft.com/Author/553877/rainer-w-lienhart | organization:University of Augsburg
mas-a-2-13-53 | Ahmed H. Tewfik | http://academic.research.microsoft.com/Author/1689337/ahmed-h-tewfik | organization:University of Texas Austin
mas-a-2-13-54 | Jan P. Allebach | http://academic.research.microsoft.com/Author/1325756/jan-p-allebach | organization:Purdue University
mas-a-2-13-55 | William Pearlman | http://academic.research.microsoft.com/Author/1068113/william-pearlman | organization:Rensselaer Polytechnic Institute
mas-a-2-13-56 | Ching-yung Lin | http://academic.research.microsoft.com/Author/85308/ching-yung-lin | organization:IBM
mas-a-2-13-57 | Huifang Sun | http://academic.research.microsoft.com/Author/1807362/huifang-sun | organization:National University of Singapore
mas-a-2-13-58 | David Taubman | http://academic.research.microsoft.com/Author/2245959/david-taubman | organization:University of New South Wales
mas-a-2-13-59 | James Ze Wang | http://academic.research.microsoft.com/Author/47547846/james-ze-wang | organization:Pennsylvania State University
mas-a-2-13-60 | Tony F. Chan | http://academic.research.microsoft.com/Author/292651/tony-f-chan | organization:University of California Los Angeles
mas-a-2-13-61 | Takeo Kanade (金出武雄) | http://academic.research.microsoft.com/Author/112413/takeo-kanade | organization:Carnegie Mellon University
mas-a-2-13-62 | Matthew Lee Miller | http://academic.research.microsoft.com/Author/282909/matthew-lee-miller | organization:Sandia National Laboratories
mas-a-2-13-63 | Qi Tian | http://academic.research.microsoft.com/Author/2234722/qi-tian | organization:University of Texas San Antonio
mas-a-2-13-64 | Chang-Sheng Xu | http://academic.research.microsoft.com/Author/361217/chang-sheng-xu | organization:Institute of Automation Chinese Academy of Sciences
mas-a-2-13-65 | Chong-wah Ngo | http://academic.research.microsoft.com/Author/1050113/chong-wah-ngo | organization:City University of Hong Kong
mas-a-2-13-66 | Marcel Worring | http://academic.research.microsoft.com/Author/1241791/marcel-worring | organization:University of Amsterdam
mas-a-2-13-67 | Yucel Altunbasak | http://academic.research.microsoft.com/Author/1395716/yucel-altunbasak | organization:Tobb University of Economics and Technology
mas-a-2-13-68 | Pierre Moulin | http://academic.research.microsoft.com/Author/567452/pierre-moulin | organization:University of Illinois Urbana Champaign
mas-a-2-13-69 | Guillermo Sapiro | http://academic.research.microsoft.com/Author/683649/guillermo-sapiro | organization:University of Minnesota
mas-a-2-13-70 | Sharad Mehrotra | http://academic.research.microsoft.com/Author/2007827/sharad-mehrotra | organization:University of California Irvine
mas-a-2-13-71 | Andrew Watson | http://academic.research.microsoft.com/Author/265257/andrew-watson | organization:National Aeronautics and Space Administration, United States
mas-a-2-13-72 | Tat-seng Chua | http://academic.research.microsoft.com/Author/4962/tat-seng-chua | organization:National University of Singapore
mas-a-2-13-73 | Feng Wu (吴枫) | http://academic.research.microsoft.com/Author/2293996/feng-wu | organization:Microsoft
mas-a-2-13-74 | Tsuhan Chen | http://academic.research.microsoft.com/Author/517057/tsuhan-chen | organization:Cornell University
mas-a-2-13-75 | Michael W. Marcellin | http://academic.research.microsoft.com/Author/1764518/michael-w-marcellin | organization:University of Arizona
mas-a-2-13-76 | Yun-qing Shi (施云庆) | http://academic.research.microsoft.com/Author/154661/yun-qing-shi | organization:New Jersey Institute of Technology
mas-a-2-13-77 | Anthony Vetro | http://academic.research.microsoft.com/Author/480104/anthony-vetro | organization:Mitsubishi Electric Research Laboratories
mas-a-2-13-78 | Reginald L. Lagendijk | http://academic.research.microsoft.com/Author/29677/reginald-l-lagendijk | organization:Delft University of Technology
mas-a-2-13-79 | Thierry Pun | http://academic.research.microsoft.com/Author/597554/thierry-pun | organization:Université de Geneve
mas-a-2-13-80 | Sanjit K. Mitra | http://academic.research.microsoft.com/Author/2069214/sanjit-k-mitra | organization:Bhabha Atomic Research Centre
mas-a-2-13-81 | Ming-ting Sun | http://academic.research.microsoft.com/Author/2348600/ming-ting-sun | organization:University of Washington
mas-a-2-13-82 | Minh N. Do | http://academic.research.microsoft.com/Author/2072634/minh-n-do | organization:University of Illinois Urbana Champaign
mas-a-2-13-83 | Wen-Jun Zeng (曾文军) | http://academic.research.microsoft.com/Author/1970243/wen-jun-zeng | organization:University of Missouri
mas-a-2-13-84 | Arnold W. M. Smeulders | http://academic.research.microsoft.com/Author/490335/arnold-w-m-smeulders | organization:University of Amsterdam
mas-a-2-13-85 | Jonathan T. Foote | http://academic.research.microsoft.com/Author/1309522/jonathan-t-foote | organization:FX Palo Alto Laboratory
mas-a-2-13-86 | Aljoscha Smolic | http://academic.research.microsoft.com/Author/1007976/aljoscha-smolic | organization:Fraunhofer Society
mas-a-2-13-87 | Larry Davis | http://academic.research.microsoft.com/Author/1336583/larry-davis | organization:University of Maryland
mas-a-2-13-88 | Michael G. Christel | http://academic.research.microsoft.com/Author/952182/michael-g-christel | organization:Carnegie Mellon University
mas-a-2-13-89 | Harrick Vin | http://academic.research.microsoft.com/Author/190280/harrick-vin | organization:University of Texas Austin
mas-a-2-13-90 | Wen Gao (高文) | http://academic.research.microsoft.com/Author/649136/wen-gao | organization:Peking University
mas-a-2-13-91 | Alberto Del Bimbo | http://academic.research.microsoft.com/Author/287113/alberto-del-bimbo | organization:Università degli Studi di Firenze
mas-a-2-13-92 | Richard Baraniuk | http://academic.research.microsoft.com/Author/555712/richard-baraniuk | organization:Rice University
mas-a-2-13-93 | Hari Sundaram | http://academic.research.microsoft.com/Author/428186/hari-sundaram | organization:Arizona State University
mas-a-2-13-94 | Nick G. Kingsbury | http://academic.research.microsoft.com/Author/349731/nick-g-kingsbury | organization:University of Cambridge
mas-a-2-13-95 | Peyman Milanfar | http://academic.research.microsoft.com/Author/1634854/peyman-milanfar | organization:University of California Santa Cruz
mas-a-2-13-96 | Zhou Wang | http://academic.research.microsoft.com/Author/302044/zhou-wang | organization:University of Texas Arlington
mas-a-2-13-97 | Philip A. Chou | http://academic.research.microsoft.com/Author/263286/philip-a-chou | organization:Microsoft
mas-a-2-13-98 | Lie Lu (芦烈) | http://academic.research.microsoft.com/Author/2128582/lie-lu | organization:Microsoft
mas-a-2-13-99 | Dietmar Saupe | http://academic.research.microsoft.com/Author/377742/dietmar-saupe | organization:University of Konstanz
mas-a-2-13-100 | Amy R. Reibman | http://academic.research.microsoft.com/Author/2077650/amy-r-reibman | organization:AT&T Labs Research
