mas-a-2-9-1 | Georgios B. Giannakis | http://academic.research.microsoft.com/Author/365455/georgios-b-giannakis | organization:University of Minnesota
mas-a-2-9-2 | Hermann Ney | http://academic.research.microsoft.com/Author/909672/hermann-ney | organization:Rheinisch Westfalische Technische Hochschule Aachen
mas-a-2-9-3 | Andreas Stolcke | http://academic.research.microsoft.com/Author/792295/andreas-stolcke | organization:Microsoft
mas-a-2-9-4 | Petre Stoica | http://academic.research.microsoft.com/Author/1006403/petre-stoica | organization:Uppsala University
mas-a-2-9-5 | Martin Vetterli | http://academic.research.microsoft.com/Author/640486/martin-vetterli | organization:École Polytechnique Fédérale de Lausanne
mas-a-2-9-6 | Elizabeth Shriberg | http://academic.research.microsoft.com/Author/1441111/elizabeth-shriberg | organization:SRI International
mas-a-2-9-7 | Steve Young | http://academic.research.microsoft.com/Author/939707/steve-young | organization:University of Cambridge
mas-a-2-9-8 | Robert L. Mercer | http://academic.research.microsoft.com/Author/259976/robert-l-mercer | organization:University of Cambridge
mas-a-2-9-9 | Eduard Hovy | http://academic.research.microsoft.com/Author/124083/eduard-hovy | organization:University of Southern California
mas-a-2-9-10 | Philip C. Woodland | http://academic.research.microsoft.com/Author/1112260/philip-c-woodland | organization:University of Cambridge
mas-a-2-9-11 | Michael I. Jordan | http://academic.research.microsoft.com/Author/1135555/michael-i-jordan | organization:University of California Berkeley
mas-a-2-9-12 | Fernando C. Pereira | http://academic.research.microsoft.com/Author/9074/fernando-c-pereira | organization:University of Pennsylvania
mas-a-2-9-13 | Alex Waibel | http://academic.research.microsoft.com/Author/1233790/alex-waibel | organization:Carnegie Mellon University
mas-a-2-9-14 | Lawrence Rabiner | http://academic.research.microsoft.com/Author/1030173/lawrence-rabiner | organization:Rutgers, The State University of New Jersey
mas-a-2-9-15 | Aravind Joshi | http://academic.research.microsoft.com/Author/1407199/aravind-joshi | organization:University of Pennsylvania
mas-a-2-9-16 | Douglas A. Reynolds | http://academic.research.microsoft.com/Author/2006960/douglas-a-reynolds | organization:Massachusetts Institute of Technology
mas-a-2-9-17 | Richard M. Schwartz | http://academic.research.microsoft.com/Author/1142078/richard-m-schwartz | organization:Physikalisch-Technische Bundesanstalt
mas-a-2-9-18 | Christopher D. Manning | http://academic.research.microsoft.com/Author/316045/christopher-d-manning | organization:Stanford University
mas-a-2-9-19 | Nelson Morgan | http://academic.research.microsoft.com/Author/2417935/nelson-morgan | organization:University of California Berkeley
mas-a-2-9-20 | Ralph Grishman | http://academic.research.microsoft.com/Author/1335431/ralph-grishman | organization:New York University
mas-a-2-9-21 | Kevin Knight | http://academic.research.microsoft.com/Author/436527/kevin-knight | organization:University of Southern California
mas-a-2-9-22 | Arogyaswami J. Paulraj | http://academic.research.microsoft.com/Author/1011766/arogyaswami-j-paulraj | organization:Stanford University
mas-a-2-9-23 | Kenneth Ward Church | http://academic.research.microsoft.com/Author/1692098/kenneth-ward-church | organization:Johns Hopkins University
mas-a-2-9-24 | Chin-hui Lee | http://academic.research.microsoft.com/Author/1493921/chin-hui-lee | organization:Georgia Institute of Technology
mas-a-2-9-25 | Yorick Wilks | http://academic.research.microsoft.com/Author/54043/yorick-wilks | organization:University of Edinburgh
mas-a-2-9-26 | Kathleen R. Mckeown | http://academic.research.microsoft.com/Author/15492/kathleen-r-mckeown | organization:Columbia University
mas-a-2-9-27 | Salim Roukos | http://academic.research.microsoft.com/Author/453431/salim-roukos | organization:IBM
mas-a-2-9-28 | Marilyn A. Walker | http://academic.research.microsoft.com/Author/326171/marilyn-a-walker | organization:University of California Santa Cruz
mas-a-2-9-29 | Shun-ichi Amari (甘利俊一) | http://academic.research.microsoft.com/Author/939406/shun-ichi-amari | organization:RIKEN Brain Science Institute
mas-a-2-9-30 | Brian C. J. Moore | http://academic.research.microsoft.com/Author/12753139/brian-c-j-moore | organization:University of Cambridge
mas-a-2-9-31 | Li Deng | http://academic.research.microsoft.com/Author/393050/li-deng | organization:Microsoft
mas-a-2-9-32 | Preethy Vaidyanathan | http://academic.research.microsoft.com/Author/1639745/preethy-vaidyanathan | organization:California Institute of Technology
mas-a-2-9-33 | Thomas Kailath | http://academic.research.microsoft.com/Author/293271/thomas-kailath | organization:Stanford University
mas-a-2-9-34 | Daniel Jurafsky | http://academic.research.microsoft.com/Author/186214/daniel-jurafsky | organization:Stanford University
mas-a-2-9-35 | Daniel Marcu | http://academic.research.microsoft.com/Author/1546838/daniel-marcu | organization:University of Southern California
mas-a-2-9-36 | Stephanie Seneff | http://academic.research.microsoft.com/Author/49598/stephanie-seneff | organization:Massachusetts Institute of Technology
mas-a-2-9-37 | Lang Tong (童琅) | http://academic.research.microsoft.com/Author/2001864/lang-tong | organization:Cornell University
mas-a-2-9-38 | Alan W. Black | http://academic.research.microsoft.com/Author/50172/alan-w-black | organization:Carnegie Mellon University
mas-a-2-9-39 | Michael Unser | http://academic.research.microsoft.com/Author/2374688/michael-unser | organization:École Polytechnique Fédérale de Lausanne
mas-a-2-9-40 | Frederick Jelinek | http://academic.research.microsoft.com/Author/241025/frederick-jelinek | organization:Johns Hopkins University
mas-a-2-9-41 | Shrikanth S. Narayanan | http://academic.research.microsoft.com/Author/321480/shrikanth-s-narayanan | organization:University of Southern California
mas-a-2-9-42 | Alex Acero | http://academic.research.microsoft.com/Author/893867/alex-acero | organization:Microsoft
mas-a-2-9-43 | Victor Zue (舒维都) | http://academic.research.microsoft.com/Author/1167172/victor-zue | organization:Massachusetts Institute of Technology
mas-a-2-9-44 | Martha Palmer | http://academic.research.microsoft.com/Author/1676235/martha-palmer | organization:University of Colorado Boulder
mas-a-2-9-45 | Jian Li | http://academic.research.microsoft.com/Author/38128982/jian-li | organization:University of Florida
mas-a-2-9-46 | Terrence J. Sejnowski | http://academic.research.microsoft.com/Author/240799/terrence-j-sejnowski | organization:Salk Institute for Biological Studies
mas-a-2-9-47 | Eugene Charniak | http://academic.research.microsoft.com/Author/2404411/eugene-charniak | organization:Brown University
mas-a-2-9-48 | Bernhard Scholkopf | http://academic.research.microsoft.com/Author/387534/bernhard-scholkopf | organization:Max Planck Gesellschaft
mas-a-2-9-49 | Hynek Hermansky | http://academic.research.microsoft.com/Author/1007145/hynek-hermansky | organization:Johns Hopkins University
mas-a-2-9-50 | Mark J. F. Gales | http://academic.research.microsoft.com/Author/29181891/mark-j-f-gales | organization:University of Cambridge
mas-a-2-9-51 | Herve A. Bourlard (Hervé A. Bourlard) | http://academic.research.microsoft.com/Author/203253/herve-a-bourlard | organization:IDIAP Research Institute
mas-a-2-9-52 | Bjorn Ottersten | http://academic.research.microsoft.com/Author/1058237/bjorn-ottersten | organization:Royal Institute of Technology
mas-a-2-9-53 | Allen Gersho | http://academic.research.microsoft.com/Author/1720545/allen-gersho | organization:University of California Santa Barbara
mas-a-2-9-54 | Stephen Grossberg | http://academic.research.microsoft.com/Author/290464/stephen-grossberg | organization:Boston University
mas-a-2-9-55 | David Yarowsky | http://academic.research.microsoft.com/Author/306301/david-yarowsky | organization:Johns Hopkins University
mas-a-2-9-56 | John Hansen | http://academic.research.microsoft.com/Author/90346/john-hansen | organization:University of Texas Dallas
mas-a-2-9-57 | Lori Faith Lamel | http://academic.research.microsoft.com/Author/580121/lori-faith-lamel | organization:UPR3251 Laboratoire d'Informatique pour la Mécanique et Les Sciences de l'Ingénieur
mas-a-2-9-58 | Ali H. Sayed | http://academic.research.microsoft.com/Author/2046106/ali-h-sayed | organization:University of California Los Angeles
mas-a-2-9-59 | Yuji Matsumoto (松本裕治) | http://academic.research.microsoft.com/Author/1722809/yuji-matsumoto | organization:Nara Institute of Science & Technology
mas-a-2-9-60 | Keiichi Tokuda (徳田恵一) | http://academic.research.microsoft.com/Author/798977/keiichi-tokuda | organization:Nagoya Institute of Technology
mas-a-2-9-61 | Arye Nehorai | http://academic.research.microsoft.com/Author/998755/arye-nehorai | organization:Washington University in St. Louis
mas-a-2-9-62 | Benjamin Friedlander | http://academic.research.microsoft.com/Author/1295668/benjamin-friedlander | organization:University of California Santa Cruz
mas-a-2-9-63 | James R. Glass | http://academic.research.microsoft.com/Author/284707/james-r-glass | organization:Massachusetts Institute of Technology
mas-a-2-9-64 | Julia Hirschberg | http://academic.research.microsoft.com/Author/2495820/julia-hirschberg | organization:Columbia University
mas-a-2-9-65 | Alan V. Oppenheim | http://academic.research.microsoft.com/Author/579602/alan-v-oppenheim | organization:Massachusetts Institute of Technology
mas-a-2-9-66 | Rada Mihalcea | http://academic.research.microsoft.com/Author/1527523/rada-mihalcea | organization:University of North Texas
mas-a-2-9-67 | Diane Litman | http://academic.research.microsoft.com/Author/2307297/diane-litman | organization:University of Pittsburgh
mas-a-2-9-68 | Mark L. Johnson | http://academic.research.microsoft.com/Author/17940145/mark-l-johnson | organization:Cranfield University
mas-a-2-9-69 | Janyce Wiebe | http://academic.research.microsoft.com/Author/972974/janyce-wiebe | organization:University of Pittsburgh
mas-a-2-9-70 | Michael J. Collins | http://academic.research.microsoft.com/Author/1884130/michael-j-collins | organization:Massachusetts Institute of Technology
mas-a-2-9-71 | Peter F. Brown | http://academic.research.microsoft.com/Author/233957/peter-f-brown | organization:University of Kent
mas-a-2-9-72 | Alexander J. Smola | http://academic.research.microsoft.com/Author/356500/alexander-j-smola | organization:Carnegie Mellon University
mas-a-2-9-73 | Franz Josef Och | http://academic.research.microsoft.com/Author/1016002/franz-josef-och | organization:Google Inc.
mas-a-2-9-74 | Alex B. Gershman | http://academic.research.microsoft.com/Author/955094/alex-b-gershman | organization:McMaster University
mas-a-2-9-75 | Mari Ostendorf | http://academic.research.microsoft.com/Author/1680883/mari-ostendorf | organization:University of Washington
mas-a-2-9-76 | Biing-hwang Juang | http://academic.research.microsoft.com/Author/166212/biing-hwang-juang | organization:Georgia Institute of Technology
mas-a-2-9-77 | Walter Daelemans | http://academic.research.microsoft.com/Author/1162219/walter-daelemans | organization:University of Antwerp
mas-a-2-9-78 | Pierre Duhamel | http://academic.research.microsoft.com/Author/1519427/pierre-duhamel | organization:École Supérieure d'Electricite
mas-a-2-9-79 | Harold Vincent Poor | http://academic.research.microsoft.com/Author/2436212/harold-vincent-poor | organization:Princeton University
mas-a-2-9-80 | Richard Baraniuk | http://academic.research.microsoft.com/Author/555712/richard-baraniuk | organization:Rice University
mas-a-2-9-81 | John Andrew Carroll | http://academic.research.microsoft.com/Author/804003/john-andrew-carroll | organization:University of Sussex
mas-a-2-9-82 | Philip Resnik | http://academic.research.microsoft.com/Author/2381324/philip-resnik | organization:University of Maryland
mas-a-2-9-83 | Zoubin Ghahramani | http://academic.research.microsoft.com/Author/149500/zoubin-ghahramani | organization:University of Cambridge
mas-a-2-9-84 | Andrew Y. Ng | http://academic.research.microsoft.com/Author/838823/andrew-y-ng | organization:Stanford University
mas-a-2-9-85 | Richard M. Stern Jr. | http://academic.research.microsoft.com/Author/2047566/richard-m-stern-jr | organization:Carnegie Mellon University
mas-a-2-9-86 | Bhaskar Dharanipragada Rao | http://academic.research.microsoft.com/Author/3413325/bhaskar-dharanipragada-rao | organization:University of California San Diego
mas-a-2-9-87 | Mathias Fink | http://academic.research.microsoft.com/Author/54911094/mathias-fink | organization:École Supérieure de Physique et de Chimie Industrielles de la Ville de Paris
mas-a-2-9-88 | John Makhoul | http://academic.research.microsoft.com/Author/72432/john-makhoul | organization:BBN Technologies
mas-a-2-9-89 | Jacob Benesty | http://academic.research.microsoft.com/Author/507813/jacob-benesty | organization:Institut National de la Recherche Scientifique
mas-a-2-9-90 | Jean-Luc Gauvain | http://academic.research.microsoft.com/Author/229619/jean-luc-gauvain | organization:UPR3251 Laboratoire d'Informatique pour la Mécanique et Les Sciences de l'Ingénieur
mas-a-2-9-91 | Zhi-Quan Luo | http://academic.research.microsoft.com/Author/2020250/zhi-quan-luo | organization:University of Minnesota
mas-a-2-9-92 | Louis L. Scharf | http://academic.research.microsoft.com/Author/467187/louis-l-scharf | organization:Colorado State University
mas-a-2-9-93 | Alexander I. Rudnicky | http://academic.research.microsoft.com/Author/496569/alexander-i-rudnicky | organization:Carnegie Mellon University
mas-a-2-9-94 | James Allen | http://academic.research.microsoft.com/Author/253261/james-allen | organization:University of Rochester
mas-a-2-9-95 | Graeme J. Hirst | http://academic.research.microsoft.com/Author/896581/graeme-j-hirst | organization:University of Toronto
mas-a-2-9-96 | Xuedong Huang (黄学东) | http://academic.research.microsoft.com/Author/878179/xuedong-huang | organization:Microsoft
mas-a-2-9-97 | Mats Viberg | http://academic.research.microsoft.com/Author/264612/mats-viberg | organization:Chalmers University of Technology
mas-a-2-9-98 | Eric Moulines | http://academic.research.microsoft.com/Author/927078/eric-moulines | organization:École Nationale Supérieure des Telecommunications (telecom-paris)
mas-a-2-9-99 | Andrew Mccallum | http://academic.research.microsoft.com/Author/2232623/andrew-mccallum | organization:University of Massachusetts
mas-a-2-9-100 | Geoffrey E. Hinton | http://academic.research.microsoft.com/Author/1143392/geoffrey-e-hinton | organization:University of Toronto
