mas-a-2-14-1 | Deborah Estrin | http://academic.research.microsoft.com/Author/2402354/deborah-estrin | 
mas-a-2-14-2 | Scott J. Shenker | http://academic.research.microsoft.com/Author/196415/scott-j-shenker | organization:University of California Berkeley
mas-a-2-14-3 | Donald F. Towsley | http://academic.research.microsoft.com/Author/261742/donald-f-towsley | organization:University of Massachusetts
mas-a-2-14-4 | David E. Culler | http://academic.research.microsoft.com/Author/2076342/david-e-culler | organization:University of California Berkeley
mas-a-2-14-5 | Sally Floyd | http://academic.research.microsoft.com/Author/28377/sally-floyd | organization:University of California Berkeley
mas-a-2-14-6 | Hari Balakrishnan | http://academic.research.microsoft.com/Author/1180211/hari-balakrishnan | organization:Massachusetts Institute of Technology
mas-a-2-14-7 | Mario Gerla | http://academic.research.microsoft.com/Author/785609/mario-gerla | organization:University of California Los Angeles
mas-a-2-14-8 | Randy H. Katz | http://academic.research.microsoft.com/Author/375319/randy-h-katz | organization:University of California Berkeley
mas-a-2-14-9 | Ion Stoica | http://academic.research.microsoft.com/Author/314355/ion-stoica | organization:University of California Berkeley
mas-a-2-14-10 | Ian F. Akyildiz | http://academic.research.microsoft.com/Author/157169/ian-f-akyildiz | organization:Georgia Institute of Technology
mas-a-2-14-11 | Georgios B. Giannakis | http://academic.research.microsoft.com/Author/365455/georgios-b-giannakis | organization:University of Minnesota
mas-a-2-14-12 | Ramesh Govindan | http://academic.research.microsoft.com/Author/1133440/ramesh-govindan | organization:University of Southern California
mas-a-2-14-13 | James F. Kurose | http://academic.research.microsoft.com/Author/258115/james-f-kurose | organization:University of Massachusetts
mas-a-2-14-14 | Lixia Zhang (张丽霞) | http://academic.research.microsoft.com/Author/289843/lixia-zhang | organization:University of California Los Angeles
mas-a-2-14-15 | Charles E. Perkins | http://academic.research.microsoft.com/Author/1000481/charles-e-perkins | organization:Nokia Research Center
mas-a-2-14-16 | Christophe Diot | http://academic.research.microsoft.com/Author/259131/christophe-diot | organization:Technicolor Technology Paris Laboratory
mas-a-2-14-17 | Nitin Vaidya | http://academic.research.microsoft.com/Author/579789/nitin-vaidya | organization:University of Illinois Urbana Champaign
mas-a-2-14-18 | Hui Zhang | http://academic.research.microsoft.com/Author/289846/hui-zhang | organization:Arizona State University
mas-a-2-14-19 | Mani Srivastava | http://academic.research.microsoft.com/Author/937074/mani-srivastava | organization:University of California Los Angeles
mas-a-2-14-20 | Jennifer Rexford | http://academic.research.microsoft.com/Author/618321/jennifer-rexford | organization:Princeton University
mas-a-2-14-21 | Andrea J. Goldsmith | http://academic.research.microsoft.com/Author/2044552/andrea-j-goldsmith | organization:Stanford University
mas-a-2-14-22 | Leonard Kleinrock | http://academic.research.microsoft.com/Author/337088/leonard-kleinrock | organization:University of California Los Angeles
mas-a-2-14-23 | Biswanath Mukherjee | http://academic.research.microsoft.com/Author/56698086/biswanath-mukherjee | organization:University of California Davis
mas-a-2-14-24 | Vern Paxson | http://academic.research.microsoft.com/Author/1528936/vern-paxson | organization:University of California Berkeley
mas-a-2-14-25 | David B. Johnson | http://academic.research.microsoft.com/Author/548714/david-b-johnson | organization:Rice University
mas-a-2-14-26 | Henning Schulzrinne | http://academic.research.microsoft.com/Author/2337059/henning-schulzrinne | organization:Columbia University
mas-a-2-14-27 | Jon Crowcroft | http://academic.research.microsoft.com/Author/858306/jon-crowcroft | organization:University of Cambridge
mas-a-2-14-28 | Andrew Campbell | http://academic.research.microsoft.com/Author/1035206/andrew-campbell | organization:Dartmouth College
mas-a-2-14-29 | Mark Handley | http://academic.research.microsoft.com/Author/86324/mark-handley | organization:University College London
mas-a-2-14-30 | J. J. Garcia-Luna Aceves (jose joaquin) | http://academic.research.microsoft.com/Author/10525726/j-j-garcia-luna-aceves | organization:University of California Santa Cruz
mas-a-2-14-31 | Klara Nahrstedt | http://academic.research.microsoft.com/Author/1289419/klara-nahrstedt | organization:University of Illinois Urbana Champaign
mas-a-2-14-32 | Ward Whitt | http://academic.research.microsoft.com/Author/318888/ward-whitt | organization:Columbia University
mas-a-2-14-33 | John S. Heidemann | http://academic.research.microsoft.com/Author/979003/john-s-heidemann | organization:University of Southern California
mas-a-2-14-34 | Robert Morris | http://academic.research.microsoft.com/Author/319184/robert-morris | organization:Massachusetts Institute of Technology
mas-a-2-14-35 | John M. Cioffi | http://academic.research.microsoft.com/Author/780824/john-m-cioffi | organization:Stanford University
mas-a-2-14-36 | Jean-Pierre Hubaux | http://academic.research.microsoft.com/Author/214886/jean-pierre-hubaux | organization:École Polytechnique Fédérale de Lausanne
mas-a-2-14-37 | Arogyaswami J. Paulraj | http://academic.research.microsoft.com/Author/1011766/arogyaswami-j-paulraj | organization:Stanford University
mas-a-2-14-38 | Larry Peterson | http://academic.research.microsoft.com/Author/131246/larry-peterson | organization:Princeton University
mas-a-2-14-39 | Songwu Lu | http://academic.research.microsoft.com/Author/47496038/songwu-lu | organization:University of California Los Angeles
mas-a-2-14-40 | Adrian Perrig | http://academic.research.microsoft.com/Author/1094604/adrian-perrig | organization:Carnegie Mellon University
mas-a-2-14-41 | Van Jacobson | http://academic.research.microsoft.com/Author/2390511/van-jacobson | organization:Palo Alto Research Center
mas-a-2-14-42 | Imrich Chlamtac | http://academic.research.microsoft.com/Author/510278/imrich-chlamtac | organization:Palo Alto Research Center
mas-a-2-14-43 | Jean-yves Le Boudec | http://academic.research.microsoft.com/Author/366937/jean-yves-le-boudec | organization:École Polytechnique Fédérale de Lausanne
mas-a-2-14-44 | Moe Z. Win | http://academic.research.microsoft.com/Author/2500348/moe-z-win | organization:Massachusetts Institute of Technology
mas-a-2-14-45 | Mostafa Ammar | http://academic.research.microsoft.com/Author/1902843/mostafa-ammar | organization:Georgia Institute of Technology
mas-a-2-14-46 | Rayadurgam Srikant | http://academic.research.microsoft.com/Author/1072429/rayadurgam-srikant | organization:University of Illinois Urbana Champaign
mas-a-2-14-47 | Edward Knightly | http://academic.research.microsoft.com/Author/521689/edward-knightly | organization:Rice University
mas-a-2-14-48 | Mark E. Crovella | http://academic.research.microsoft.com/Author/1061436/mark-e-crovella | organization:Boston University
mas-a-2-14-49 | Marvin Simon | http://academic.research.microsoft.com/Author/1249111/marvin-simon | organization:National Aeronautics and Space Administration, United States
mas-a-2-14-50 | Steven Low | http://academic.research.microsoft.com/Author/695198/steven-low | organization:California Institute of Technology
mas-a-2-14-51 | Elizabeth Belding-Royer | http://academic.research.microsoft.com/Author/1532348/elizabeth-belding-royer | organization:University of California Santa Barbara
mas-a-2-14-52 | Jonathan S. Turner | http://academic.research.microsoft.com/Author/197317/jonathan-s-turner | organization:Northwestern University
mas-a-2-14-53 | Walter Willinger | http://academic.research.microsoft.com/Author/348471/walter-willinger | organization:AT&T Labs Research
mas-a-2-14-54 | Badri Nath | http://academic.research.microsoft.com/Author/2342783/badri-nath | organization:Rutgers, The State University of New Jersey
mas-a-2-14-55 | David Wetherall | http://academic.research.microsoft.com/Author/1075702/david-wetherall | organization:University of Washington
mas-a-2-14-56 | M. Frans Kaashoek | http://academic.research.microsoft.com/Author/841808/m-frans-kaashoek | organization:Massachusetts Institute of Technology
mas-a-2-14-57 | Kishor Trivedi | http://academic.research.microsoft.com/Author/32876/kishor-trivedi | organization:Duke University
mas-a-2-14-58 | Leandros Tassiulas | http://academic.research.microsoft.com/Author/587559/leandros-tassiulas | organization:University of Thessaly
mas-a-2-14-59 | Zygmunt Haas | http://academic.research.microsoft.com/Author/1187838/zygmunt-haas | organization:Cornell University
mas-a-2-14-60 | John Stankovic | http://academic.research.microsoft.com/Author/964299/john-stankovic | organization:University of Virginia
mas-a-2-14-61 | George Varghese | http://academic.research.microsoft.com/Author/1189045/george-varghese | organization:University of California San Diego
mas-a-2-14-62 | Kang G. Shin (신강근) | http://academic.research.microsoft.com/Author/251512/kang-g-shin | organization:University of Michigan
mas-a-2-14-63 | Laurence B. Milstein | http://academic.research.microsoft.com/Author/2088976/laurence-b-milstein | organization:University of California San Diego
mas-a-2-14-64 | Nick W. Mckeown | http://academic.research.microsoft.com/Author/283638/nick-w-mckeown | organization:Stanford University
mas-a-2-14-65 | Keith W. Ross | http://academic.research.microsoft.com/Author/740343/keith-w-ross | organization:Polytechnic University of New York
mas-a-2-14-66 | Mohamed-Slim Alouini | http://academic.research.microsoft.com/Author/425907/mohamed-slim-alouini | organization:Polytechnic University of New York
mas-a-2-14-67 | Ness Shroff | http://academic.research.microsoft.com/Author/619467/ness-shroff | organization:Ohio State University
mas-a-2-14-68 | Nick Duffield | http://academic.research.microsoft.com/Author/510891/nick-duffield | organization:Rutgers, The State University of New Jersey
mas-a-2-14-69 | Samir Ranjan Das | http://academic.research.microsoft.com/Author/783165/samir-ranjan-das | organization:Stony Brook University
mas-a-2-14-70 | Theodore Rappaport | http://academic.research.microsoft.com/Author/264795/theodore-rappaport | organization:University of Texas Austin
mas-a-2-14-71 | Khaled Ben Letaief (李德富) | http://academic.research.microsoft.com/Author/230766/khaled-ben-letaief | organization:Hong Kong University of Science & Technology
mas-a-2-14-72 | Raj Jain | http://academic.research.microsoft.com/Author/319932/raj-jain | organization:Washington University in St. Louis
mas-a-2-14-73 | Tv Lakshman | http://academic.research.microsoft.com/Author/440105/tv-lakshman | organization:Bell Labs (Lucent Technologies Inc.)
mas-a-2-14-74 | Sugih Jamin | http://academic.research.microsoft.com/Author/993705/sugih-jamin | organization:University of Michigan
mas-a-2-14-75 | Eitan Altman | http://academic.research.microsoft.com/Author/1183703/eitan-altman | organization:The French National Institute for Research in Computer Science and Control
mas-a-2-14-76 | Harold Vincent Poor | http://academic.research.microsoft.com/Author/2436212/harold-vincent-poor | organization:Princeton University
mas-a-2-14-77 | Chunming Qiao (乔春明) | http://academic.research.microsoft.com/Author/365319/chunming-qiao | organization:State University of New York at Buffalo
mas-a-2-14-78 | Yu-chee Tseng (曾煜棋) | http://academic.research.microsoft.com/Author/181202/yu-chee-tseng | organization:National Chiao Tung University, Taiwan
mas-a-2-14-79 | Srinivasan Seshan | http://academic.research.microsoft.com/Author/30163/srinivasan-seshan | organization:Carnegie Mellon University
mas-a-2-14-80 | Victor Bahl | http://academic.research.microsoft.com/Author/1170474/victor-bahl | organization:Microsoft
mas-a-2-14-81 | Albert Gordon Greenberg | http://academic.research.microsoft.com/Author/74538/albert-gordon-greenberg | organization:Microsoft
mas-a-2-14-82 | Venkata Padmanabhan | http://academic.research.microsoft.com/Author/649998/venkata-padmanabhan | organization:Microsoft
mas-a-2-14-83 | Dariush Divsalar | http://academic.research.microsoft.com/Author/1816304/dariush-divsalar | organization:National Aeronautics and Space Administration, United States
mas-a-2-14-84 | David Tse | http://academic.research.microsoft.com/Author/1057999/david-tse | organization:University of California Berkeley
mas-a-2-14-85 | Yuguang Fang | http://academic.research.microsoft.com/Author/254366/yuguang-fang | organization:University of Florida
mas-a-2-14-86 | Andreas F. Molisch | http://academic.research.microsoft.com/Author/894639/andreas-f-molisch | organization:Lund University Lund Institute of Technology
mas-a-2-14-87 | Fouad A. Tobagi | http://academic.research.microsoft.com/Author/1537106/fouad-a-tobagi | organization:Stanford University
mas-a-2-14-88 | Debasis Mitra | http://academic.research.microsoft.com/Author/2486782/debasis-mitra | organization:Alcatel-Lucent Bell Labs
mas-a-2-14-89 | David J. Goodman | http://academic.research.microsoft.com/Author/873122/david-j-goodman | organization:Polytechnic University of New York
mas-a-2-14-90 | Bhaskar Krishnamachari | http://academic.research.microsoft.com/Author/566571/bhaskar-krishnamachari | organization:University of Southern California
mas-a-2-14-91 | Zhi-li Zhang (张志力) | http://academic.research.microsoft.com/Author/120049/zhi-li-zhang | organization:University of Minnesota
mas-a-2-14-92 | Ivan Stojmenovic | http://academic.research.microsoft.com/Author/1594241/ivan-stojmenovic | organization:University of Ottawa
mas-a-2-14-93 | Roch Guerin | http://academic.research.microsoft.com/Author/471315/roch-guerin | organization:University of Minnesota
mas-a-2-14-94 | Peter A. Steenkiste | http://academic.research.microsoft.com/Author/525208/peter-a-steenkiste | organization:Carnegie Mellon University
mas-a-2-14-95 | Kadangode Ramakrishnan | http://academic.research.microsoft.com/Author/707320/kadangode-ramakrishnan | organization:AT&T Labs Research
mas-a-2-14-96 | Tarek Abdelzaher | http://academic.research.microsoft.com/Author/1454908/tarek-abdelzaher | organization:University of Illinois Urbana Champaign
mas-a-2-14-97 | Eric Brewer | http://academic.research.microsoft.com/Author/375630/eric-brewer | organization:University of California Berkeley
mas-a-2-14-98 | Frank P. Kelly | http://academic.research.microsoft.com/Author/77191/frank-p-kelly | organization:University of Cambridge
mas-a-2-14-99 | Sajal K. Das | http://academic.research.microsoft.com/Author/7289955/sajal-k-das | organization:Missouri University of Science and Technology
mas-a-2-14-100 | Yi-bing Lin (林一平) | http://academic.research.microsoft.com/Author/2068060/yi-bing-lin | organization:National Chiao Tung University, Taiwan
