mas-a-2-17-1 | Thomas Anderson | http://academic.research.microsoft.com/Author/1717283/thomas-anderson | organization:University of Washington
mas-a-2-17-2 | Gregory R. Ganger | http://academic.research.microsoft.com/Author/875810/gregory-r-ganger | organization:Microsoft
mas-a-2-17-3 | M. Frans Kaashoek | http://academic.research.microsoft.com/Author/841808/m-frans-kaashoek | organization:Massachusetts Institute of Technology
mas-a-2-17-4 | Mahadev Satyanarayanan | http://academic.research.microsoft.com/Author/1321555/mahadev-satyanarayanan | organization:Carnegie Mellon University
mas-a-2-17-5 | Henry M. Levy | http://academic.research.microsoft.com/Author/2442423/henry-m-levy | organization:University of Washington
mas-a-2-17-6 | Brian Bershad | http://academic.research.microsoft.com/Author/1728795/brian-bershad | organization:University of Washington
mas-a-2-17-7 | Margo I. Seltzer | http://academic.research.microsoft.com/Author/20064/margo-i-seltzer | organization:Harvard University
mas-a-2-17-8 | Larry Peterson | http://academic.research.microsoft.com/Author/131246/larry-peterson | organization:Princeton University
mas-a-2-17-9 | Peter Druschel | http://academic.research.microsoft.com/Author/180454/peter-druschel | organization:Max Planck Gesellschaft
mas-a-2-17-10 | Amin M. Vahdat | http://academic.research.microsoft.com/Author/2043282/amin-m-vahdat | organization:University of California San Diego
mas-a-2-17-11 | Donald F. Towsley | http://academic.research.microsoft.com/Author/261742/donald-f-towsley | organization:University of Massachusetts
mas-a-2-17-12 | David Cheriton | http://academic.research.microsoft.com/Author/902828/david-cheriton | organization:Stanford University
mas-a-2-17-13 | John Wilkes | http://academic.research.microsoft.com/Author/1330029/john-wilkes | organization:Google Inc.
mas-a-2-17-14 | David A. Patterson | http://academic.research.microsoft.com/Author/2042560/david-a-patterson | organization:University of California Berkeley
mas-a-2-17-15 | Garth A. Gibson | http://academic.research.microsoft.com/Author/1379235/garth-a-gibson | organization:Carnegie Mellon University
mas-a-2-17-16 | Edward Lazowska | http://academic.research.microsoft.com/Author/2067074/edward-lazowska | organization:University of Washington
mas-a-2-17-17 | Barbara Liskov | http://academic.research.microsoft.com/Author/1717780/barbara-liskov | organization:Massachusetts Institute of Technology
mas-a-2-17-18 | Jeffrey S. Chase | http://academic.research.microsoft.com/Author/193732/jeffrey-s-chase | organization:Duke University
mas-a-2-17-19 | Eric Brewer | http://academic.research.microsoft.com/Author/375630/eric-brewer | organization:University of California Berkeley
mas-a-2-17-20 | Willy Zwaenepoel | http://academic.research.microsoft.com/Author/1833706/willy-zwaenepoel | organization:École Polytechnique Fédérale de Lausanne
mas-a-2-17-21 | Yuanyuan Zhou (周圆圆) | http://academic.research.microsoft.com/Author/1826743/yuanyuan-zhou | organization:University of California San Diego
mas-a-2-17-22 | Peter M. Chen | http://academic.research.microsoft.com/Author/99773/peter-m-chen | organization:University of Michigan
mas-a-2-17-23 | Kai Li | http://academic.research.microsoft.com/Author/11641661/kai-li | organization:Princeton University
mas-a-2-17-24 | Mendel Rosenblum | http://academic.research.microsoft.com/Author/1565136/mendel-rosenblum | organization:Stanford University
mas-a-2-17-25 | Kang G. Shin (신강근) | http://academic.research.microsoft.com/Author/251512/kang-g-shin | organization:University of Michigan
mas-a-2-17-26 | Andrea Arpaci-dusseau | http://academic.research.microsoft.com/Author/359976/andrea-arpaci-dusseau | organization:University of Wisconsin Madison
mas-a-2-17-27 | David E. Culler | http://academic.research.microsoft.com/Author/2076342/david-e-culler | organization:University of California Berkeley
mas-a-2-17-28 | David Mazieres (David Mazières) | http://academic.research.microsoft.com/Author/348541/david-mazieres | organization:Stanford University
mas-a-2-17-29 | Andrew Tanenbaum | http://academic.research.microsoft.com/Author/1695414/andrew-tanenbaum | organization:VU University of Amsterdam
mas-a-2-17-30 | Kenneth Birman | http://academic.research.microsoft.com/Author/156895/kenneth-birman | organization:Cornell University
mas-a-2-17-31 | John K. Ousterhout | http://academic.research.microsoft.com/Author/24551/john-k-ousterhout | organization:Stanford University
mas-a-2-17-32 | John Zahorjan | http://academic.research.microsoft.com/Author/889992/john-zahorjan | organization:University of Washington
mas-a-2-17-33 | Dawson R. Engler | http://academic.research.microsoft.com/Author/466992/dawson-r-engler | organization:Stanford University
mas-a-2-17-34 | Robert Morris | http://academic.research.microsoft.com/Author/319184/robert-morris | organization:Massachusetts Institute of Technology
mas-a-2-17-35 | Remzi H. Arpaci-dusseau | http://academic.research.microsoft.com/Author/115629/remzi-h-arpaci-dusseau | organization:University of Wisconsin Madison
mas-a-2-17-36 | Philip S. Yu | http://academic.research.microsoft.com/Author/1329/philip-s-yu | organization:University of Illinois Chicago
mas-a-2-17-37 | Gerald Popek | http://academic.research.microsoft.com/Author/1325982/gerald-popek | organization:University of California Los Angeles
mas-a-2-17-38 | Richard F. Rashid | http://academic.research.microsoft.com/Author/282205/richard-f-rashid | organization:Microsoft
mas-a-2-17-39 | Jeffrey Mogul | http://academic.research.microsoft.com/Author/2075711/jeffrey-mogul | organization:HP Labs
mas-a-2-17-40 | Jay Lepreau | http://academic.research.microsoft.com/Author/277806/jay-lepreau | organization:University of Utah
mas-a-2-17-41 | Randy H. Katz | http://academic.research.microsoft.com/Author/375319/randy-h-katz | organization:University of California Berkeley
mas-a-2-17-42 | Robbert Van Renesse | http://academic.research.microsoft.com/Author/1085741/robbert-van-renesse | organization:Cornell University
mas-a-2-17-43 | Andrew D. Birrell | http://academic.research.microsoft.com/Author/445657/andrew-d-birrell | organization:Microsoft
mas-a-2-17-44 | Steven Gribble | http://academic.research.microsoft.com/Author/1844728/steven-gribble | organization:University of Washington
mas-a-2-17-45 | Butler W. Lampson | http://academic.research.microsoft.com/Author/2077225/butler-w-lampson | organization:Microsoft
mas-a-2-17-46 | Miguel Castro | http://academic.research.microsoft.com/Author/219815/miguel-castro | organization:Microsoft
mas-a-2-17-47 | Jason Nieh | http://academic.research.microsoft.com/Author/612520/jason-nieh | organization:Columbia University
mas-a-2-17-48 | Mary Vernon | http://academic.research.microsoft.com/Author/823007/mary-vernon | organization:University of Wisconsin Madison
mas-a-2-17-49 | Armando Fox | http://academic.research.microsoft.com/Author/859601/armando-fox | organization:Forschungszentrum Jülich
mas-a-2-17-50 | Erik Riedel | http://academic.research.microsoft.com/Author/2465771/erik-riedel | organization:HP Labs
mas-a-2-17-51 | Stefan Savage | http://academic.research.microsoft.com/Author/1002912/stefan-savage | organization:University of California San Diego
mas-a-2-17-52 | William J. Bolosky | http://academic.research.microsoft.com/Author/1275032/william-j-bolosky | organization:Microsoft
mas-a-2-17-53 | K. Mani Chandy | http://academic.research.microsoft.com/Author/2498126/k-mani-chandy | organization:University of Texas Austin
mas-a-2-17-54 | Hui Zhang | http://academic.research.microsoft.com/Author/289846/hui-zhang | organization:Arizona State University
mas-a-2-17-55 | Erez Zadok | http://academic.research.microsoft.com/Author/784245/erez-zadok | organization:Stony Brook University
mas-a-2-17-56 | Prashant Shenoy | http://academic.research.microsoft.com/Author/2225603/prashant-shenoy | organization:University of Massachusetts
mas-a-2-17-57 | Roger Michael Needham | http://academic.research.microsoft.com/Author/696744/roger-michael-needham | organization:Microsoft
mas-a-2-17-58 | S. Shankar Sastry | http://academic.research.microsoft.com/Author/378128/s-shankar-sastry | organization:University of California Berkeley
mas-a-2-17-59 | Mary Gray Baker | http://academic.research.microsoft.com/Author/975319/mary-gray-baker | organization:HP Labs
mas-a-2-17-60 | John Hennessy | http://academic.research.microsoft.com/Author/350528/john-hennessy | organization:Stanford University
mas-a-2-17-61 | Fred Douglis | http://academic.research.microsoft.com/Author/1534865/fred-douglis | organization:EMC Corporation
mas-a-2-17-62 | Randolph Y. Wang | http://academic.research.microsoft.com/Author/1896720/randolph-y-wang | organization:Princeton University
mas-a-2-17-63 | Peter Denning | http://academic.research.microsoft.com/Author/835155/peter-denning | organization:George Mason University
mas-a-2-17-64 | Arif Merchant | http://academic.research.microsoft.com/Author/246221/arif-merchant | organization:HP Labs
mas-a-2-17-65 | Calton Pu | http://academic.research.microsoft.com/Author/2137852/calton-pu | organization:Georgia Institute of Technology
mas-a-2-17-66 | José Duato | http://academic.research.microsoft.com/Author/1818629/jos-duato | organization:Universidad Politécnica de Valencia
mas-a-2-17-67 | Orran Krieger | http://academic.research.microsoft.com/Author/1597277/orran-krieger | organization:IBM
mas-a-2-17-68 | Geoffrey M. Voelker | http://academic.research.microsoft.com/Author/11641684/geoffrey-m-voelker | organization:University of California San Diego
mas-a-2-17-69 | Lionel Ni (倪明選) | http://academic.research.microsoft.com/Author/1270172/lionel-ni | organization:Hong Kong University of Science & Technology
mas-a-2-17-70 | Vivek S. Pai | http://academic.research.microsoft.com/Author/601782/vivek-s-pai | organization:Princeton University
mas-a-2-17-71 | James F. Kurose | http://academic.research.microsoft.com/Author/258115/james-f-kurose | organization:University of Massachusetts
mas-a-2-17-72 | Marshall Kirk Mckusick | http://academic.research.microsoft.com/Author/346453/marshall-kirk-mckusick | organization:University of California Berkeley
mas-a-2-17-73 | Marvin M. Theimer | http://academic.research.microsoft.com/Author/757151/marvin-m-theimer | organization:Microsoft
mas-a-2-17-74 | Gernot Heiser | http://academic.research.microsoft.com/Author/443679/gernot-heiser | organization:University of New South Wales
mas-a-2-17-75 | Jochen Liedtke | http://academic.research.microsoft.com/Author/200977/jochen-liedtke | organization:IBM
mas-a-2-17-76 | Stephan Olariu | http://academic.research.microsoft.com/Author/544841/stephan-olariu | organization:Old Dominion University
mas-a-2-17-77 | Scott J. Shenker | http://academic.research.microsoft.com/Author/196415/scott-j-shenker | organization:University of California Berkeley
mas-a-2-17-78 | Jason Flinn | http://academic.research.microsoft.com/Author/1115979/jason-flinn | organization:University of Michigan
mas-a-2-17-79 | John R. Douceur | http://academic.research.microsoft.com/Author/57508/john-r-douceur | organization:Microsoft
mas-a-2-17-80 | Harrick Vin | http://academic.research.microsoft.com/Author/190280/harrick-vin | organization:University of Texas Austin
mas-a-2-17-81 | Anoop Gupta | http://academic.research.microsoft.com/Author/9684437/anoop-gupta | organization:Microsoft
mas-a-2-17-82 | George Pappas | http://academic.research.microsoft.com/Author/2026681/george-pappas | organization:University of Pennsylvania
mas-a-2-17-83 | Hari Balakrishnan | http://academic.research.microsoft.com/Author/1180211/hari-balakrishnan | organization:Massachusetts Institute of Technology
mas-a-2-17-84 | Henning Schulzrinne | http://academic.research.microsoft.com/Author/2337059/henning-schulzrinne | organization:Columbia University
mas-a-2-17-85 | Mark S. Squillante | http://academic.research.microsoft.com/Author/1804699/mark-s-squillante | organization:IBM
mas-a-2-17-86 | Timothy Roscoe | http://academic.research.microsoft.com/Author/528569/timothy-roscoe | organization:Swiss Federal Institute of Technology Zurich
mas-a-2-17-87 | Ted Wobber | http://academic.research.microsoft.com/Author/1173319/ted-wobber | organization:Microsoft
mas-a-2-17-88 | Kishor Trivedi | http://academic.research.microsoft.com/Author/32876/kishor-trivedi | organization:Duke University
mas-a-2-17-89 | Carla Schlatter Ellis | http://academic.research.microsoft.com/Author/881425/carla-schlatter-ellis | organization:University of Maryland
mas-a-2-17-90 | Xiao-dong Zhang (张晓东) | http://academic.research.microsoft.com/Author/53553754/xiao-dong-zhang | organization:Ohio State University
mas-a-2-17-91 | John Lygeros | http://academic.research.microsoft.com/Author/2072327/john-lygeros | organization:Swiss Federal Institute of Technology Zurich
mas-a-2-17-92 | Anant Agarwal | http://academic.research.microsoft.com/Author/2450989/anant-agarwal | organization:Massachusetts Institute of Technology
mas-a-2-17-93 | Derek L. Eager | http://academic.research.microsoft.com/Author/776695/derek-l-eager | organization:University of Saskatchewan
mas-a-2-17-94 | Michael D. Schroeder | http://academic.research.microsoft.com/Author/10525773/michael-d-schroeder | organization:Microsoft
mas-a-2-17-95 | Bryan Ford | http://academic.research.microsoft.com/Author/1172704/bryan-ford | organization:Max Planck Gesellschaft
mas-a-2-17-96 | David K. Gifford | http://academic.research.microsoft.com/Author/1493333/david-k-gifford | organization:Massachusetts Institute of Technology
mas-a-2-17-97 | Mark E. Crovella | http://academic.research.microsoft.com/Author/1061436/mark-e-crovella | organization:Boston University
mas-a-2-17-98 | Ion Stoica | http://academic.research.microsoft.com/Author/314355/ion-stoica | organization:University of California Berkeley
mas-a-2-17-99 | Michael Burrows | http://academic.research.microsoft.com/Author/820752/michael-burrows | organization:Marine Biological Association
mas-a-2-17-100 | Fred Schneider | http://academic.research.microsoft.com/Author/1392353/fred-schneider | organization:Cornell University
