mas-a-15-12-1 | Noga Alon | http://academic.research.microsoft.com/Author/103630/noga-alon | organization:Tel Aviv University
mas-a-15-12-2 | Svante Janson | http://academic.research.microsoft.com/Author/1335851/svante-janson | organization:Uppsala University
mas-a-15-12-3 | David J. Aldous | http://academic.research.microsoft.com/Author/476580/david-j-aldous | organization:University of California Berkeley
mas-a-15-12-4 | Alan M. Frieze | http://academic.research.microsoft.com/Author/834493/alan-m-frieze | organization:Carnegie Mellon University
mas-a-15-12-5 | Yuval Peres | http://academic.research.microsoft.com/Author/178564/yuval-peres | organization:Microsoft
mas-a-15-12-6 | Jim Pitman | http://academic.research.microsoft.com/Author/385666/jim-pitman | organization:University of California Berkeley
mas-a-15-12-7 | Persi Diaconis | http://academic.research.microsoft.com/Author/831322/persi-diaconis | organization:Stanford University
mas-a-15-12-8 | Godfrey Harold Hardy | http://academic.research.microsoft.com/Author/240967/godfrey-harold-hardy | organization:University of Cambridge
mas-a-15-12-9 | Marc Yor | http://academic.research.microsoft.com/Author/1077880/marc-yor | organization:Pierre and Marie Curie University
mas-a-15-12-10 | Michel Talagrand | http://academic.research.microsoft.com/Author/12529281/michel-talagrand | organization:Pierre and Marie Curie University
mas-a-15-12-11 | Bela Bollobas (Béla Bollobás) | http://academic.research.microsoft.com/Author/129247/bela-bollobas | organization:University of Cambridge
mas-a-15-12-12 | David M. Mason | http://academic.research.microsoft.com/Author/515047/david-m-mason | organization:University of Delaware
mas-a-15-12-13 | Robin Pemantle | http://academic.research.microsoft.com/Author/448242/robin-pemantle | organization:University of Pennsylvania
mas-a-15-12-14 | Harry Kesten | http://academic.research.microsoft.com/Author/296684/harry-kesten | organization:Cornell University
mas-a-15-12-15 | Thomas M. Liggett | http://academic.research.microsoft.com/Author/2035401/thomas-m-liggett | organization:University of California Los Angeles
mas-a-15-12-16 | J. Theodore Cox | http://academic.research.microsoft.com/Author/375747/j-theodore-cox | organization:Syracuse University
mas-a-15-12-17 | Sidney I. Resnick | http://academic.research.microsoft.com/Author/784701/sidney-i-resnick | organization:Cornell University
mas-a-15-12-18 | David W. Rees | http://academic.research.microsoft.com/Author/1273267/david-w-rees | organization:University of Glamorgan
mas-a-15-12-19 | John Michael Harrison | http://academic.research.microsoft.com/Author/368380/john-michael-harrison | organization:Stanford University
mas-a-15-12-20 | Albert Nikolayevich Shiryaev (Альберт Николаевич Ширяев) | http://academic.research.microsoft.com/Author/261327/albert-nikolayevich-shiryaev | organization:Lomonosov Moscow State University
mas-a-15-12-21 | David Nualart | http://academic.research.microsoft.com/Author/1089402/david-nualart | organization:University of Kansas
mas-a-15-12-22 | Vojtech Rodl (Vojtech Rödl) | http://academic.research.microsoft.com/Author/490732/vojtech-rodl | organization:Emory University
mas-a-15-12-23 | Colin J. H. McDiarmid | http://academic.research.microsoft.com/Author/745528/colin-j-h-mcdiarmid | organization:University of Oxford
mas-a-15-12-24 | Maury Bramson | http://academic.research.microsoft.com/Author/12526617/maury-bramson | organization:University of Minnesota
mas-a-15-12-25 | James D. Kuelbs | http://academic.research.microsoft.com/Author/53899967/james-d-kuelbs | organization:University of Wisconsin Madison
mas-a-15-12-26 | Mathew D. Penrose | http://academic.research.microsoft.com/Author/209605/mathew-d-penrose | organization:University of Bath
mas-a-15-12-27 | Thomas G. Kurtz | http://academic.research.microsoft.com/Author/379869/thomas-g-kurtz | organization:University of Wisconsin Madison
mas-a-15-12-28 | Richard T. Durrett | http://academic.research.microsoft.com/Author/3140609/richard-t-durrett | organization:Cornell University
mas-a-15-12-29 | Philippe Flajolet | http://academic.research.microsoft.com/Author/561188/philippe-flajolet | organization:Cornell University
mas-a-15-12-30 | Andreas E. Kyprianou | http://academic.research.microsoft.com/Author/177077/andreas-e-kyprianou | organization:University of Bath
mas-a-15-12-31 | John Frank Charles Kingman | http://academic.research.microsoft.com/Author/1023092/john-frank-charles-kingman | organization:Isaac Newton Institute for Mathematical Sciences
mas-a-15-12-32 | Luc Devroye | http://academic.research.microsoft.com/Author/1434993/luc-devroye | organization:McGill University
mas-a-15-12-33 | Gareth O. Roberts | http://academic.research.microsoft.com/Author/1398574/gareth-o-roberts | organization:University of Warwick
mas-a-15-12-34 | Miklos Csorgo (Miklós Csörgő) | http://academic.research.microsoft.com/Author/13054815/miklos-csorgo | organization:Carleton University
mas-a-15-12-35 | Laurens F. M. de Haan | http://academic.research.microsoft.com/Author/220084/laurens-f-m-de-haan | organization:Erasmus University of Rotterdam
mas-a-15-12-36 | Helmut Prodinger | http://academic.research.microsoft.com/Author/280616/helmut-prodinger | organization:Stellenbosch University
mas-a-15-12-37 | Qi-Man Shao | http://academic.research.microsoft.com/Author/909404/qi-man-shao | organization:Hong Kong University of Science & Technology
mas-a-15-12-38 | Philip Protter | http://academic.research.microsoft.com/Author/1662553/philip-protter | organization:Cornell University
mas-a-15-12-39 | Joel Zinn | http://academic.research.microsoft.com/Author/1959052/joel-zinn | organization:Texas A&M University
mas-a-15-12-40 | Fan R. K. Chung (金芳蓉) | http://academic.research.microsoft.com/Author/953527/fan-r-k-chung | organization:University of California San Diego
mas-a-15-12-41 | Colin S. Cooper | http://academic.research.microsoft.com/Author/10785240/colin-s-cooper | organization:Institute of Cancer Research
mas-a-15-12-42 | Paul Dupuis | http://academic.research.microsoft.com/Author/86923/paul-dupuis | organization:Brown University
mas-a-15-12-43 | Richard Arratia | http://academic.research.microsoft.com/Author/375099/richard-arratia | organization:University of Southern California
mas-a-15-12-44 | Paul Erdos (Paul Erdös) | http://academic.research.microsoft.com/Author/1112639/paul-erdos | organization:University of Southern California
mas-a-15-12-45 | V. A. Solonnikov | http://academic.research.microsoft.com/Author/7595754/v-a-solonnikov | organization:Russian Academy of Sciences
mas-a-15-12-46 | Michael A. Henning | http://academic.research.microsoft.com/Author/2187618/michael-a-henning | organization:University of Johannesburg
mas-a-15-12-47 | Zsolt Tuza | http://academic.research.microsoft.com/Author/1144667/zsolt-tuza | organization:Computer and Automation Research Institute HAS
mas-a-15-12-48 | Alexandr V. Kostochka | http://academic.research.microsoft.com/Author/874117/alexandr-v-kostochka | organization:University of Illinois Urbana Champaign
mas-a-15-12-49 | Gennady Samorodnitsky | http://academic.research.microsoft.com/Author/12527509/gennady-samorodnitsky | organization:Cornell University
mas-a-15-12-50 | Charles Alfred Coulson (C. A. Coulson) | http://academic.research.microsoft.com/Author/18057810/charles-alfred-coulson | organization:University of Oxford
mas-a-15-12-51 | Peter Hall | http://academic.research.microsoft.com/Author/128303/peter-hall | organization:University of Melbourne
mas-a-15-12-52 | Boris G. Pittel | http://academic.research.microsoft.com/Author/1476502/boris-g-pittel | organization:Ohio State University
mas-a-15-12-53 | Xuding Zhu (朱緒鼎) | http://academic.research.microsoft.com/Author/384875/xuding-zhu | organization:National Sun Yat-Sen University, Taiwan
mas-a-15-12-54 | Nicholas Wormald | http://academic.research.microsoft.com/Author/485223/nicholas-wormald | organization:University of Waterloo
mas-a-15-12-55 | M. S. Bartlett | http://academic.research.microsoft.com/Author/56406360/m-s-bartlett | organization:University College London
mas-a-15-12-56 | Pablo A. Ferrari | http://academic.research.microsoft.com/Author/791612/pablo-a-ferrari | organization:University of São Paulo
mas-a-15-12-57 | Martin E. Dyer | http://academic.research.microsoft.com/Author/682973/martin-e-dyer | organization:University of Leeds
mas-a-15-12-58 | David Griffeath | http://academic.research.microsoft.com/Author/718307/david-griffeath | organization:University of Wisconsin Madison
mas-a-15-12-59 | Ioannis Karatzas | http://academic.research.microsoft.com/Author/1770503/ioannis-karatzas | organization:Columbia University
mas-a-15-12-60 | Bruce A. Reed | http://academic.research.microsoft.com/Author/185630/bruce-a-reed | organization:McGill University
mas-a-15-12-61 | Samuel James Taylor | http://academic.research.microsoft.com/Author/7640573/samuel-james-taylor | organization:University of Virginia
mas-a-15-12-62 | Walter Schachermayer | http://academic.research.microsoft.com/Author/290167/walter-schachermayer | organization:Vienna University of Technology
mas-a-15-12-63 | Andrew D. Barbour | http://academic.research.microsoft.com/Author/2691245/andrew-d-barbour | organization:Universität Zürich
mas-a-15-12-64 | William T. Trotter | http://academic.research.microsoft.com/Author/1002208/william-t-trotter | organization:Georgia Institute of Technology
mas-a-15-12-65 | Olle Haggstrom (Olle Häggström) | http://academic.research.microsoft.com/Author/1609057/olle-haggstrom | organization:Chalmers University of Technology
mas-a-15-12-66 | Jean Bertoin | http://academic.research.microsoft.com/Author/1777558/jean-bertoin | organization:Pierre and Marie Curie University
mas-a-15-12-67 | Ofer Zeitouni | http://academic.research.microsoft.com/Author/1043394/ofer-zeitouni | organization:University of Minnesota
mas-a-15-12-68 | Pavol Hell | http://academic.research.microsoft.com/Author/662700/pavol-hell | organization:Simon Fraser University
mas-a-15-12-69 | Thomas Mikosch | http://academic.research.microsoft.com/Author/30641/thomas-mikosch | organization:University of Copenhagen
mas-a-15-12-70 | Ole BARNDORFF-NIELSEN | http://academic.research.microsoft.com/Author/223145/ole-barndorff-nielsen | organization:Aarhus University
mas-a-15-12-71 | Charles M. Newman | http://academic.research.microsoft.com/Author/1069870/charles-m-newman | organization:New York University
mas-a-15-12-72 | L. C. G. Rogers | http://academic.research.microsoft.com/Author/2582567/l-c-g-rogers | organization:University of Cambridge
mas-a-15-12-73 | Magda Peligrad | http://academic.research.microsoft.com/Author/1044670/magda-peligrad | organization:University of Cincinnati
mas-a-15-12-74 | Amir Dembo | http://academic.research.microsoft.com/Author/12519166/amir-dembo | organization:Stanford University
mas-a-15-12-75 | Max Born | http://academic.research.microsoft.com/Author/51171644/max-born | organization:Stanford University
mas-a-15-12-76 | CLAUDIO LANDIM | http://academic.research.microsoft.com/Author/1919034/claudio-landim | organization:Instituto Nacional de Matemática Pura e Aplicada
mas-a-15-12-77 | Kenneth S. Alexander | http://academic.research.microsoft.com/Author/12522295/kenneth-s-alexander | organization:University of Toledo
mas-a-15-12-78 | Yimin Xiao | http://academic.research.microsoft.com/Author/53626776/yimin-xiao | organization:Michigan State University
mas-a-15-12-79 | James Allen Fill | http://academic.research.microsoft.com/Author/1731636/james-allen-fill | organization:Johns Hopkins University
mas-a-15-12-80 | Evarist Gine (Evarist Giné) | http://academic.research.microsoft.com/Author/3323488/evarist-gine | organization:University of Connecticut
mas-a-15-12-81 | Hsien-kuei Hwang (黃顯貴) | http://academic.research.microsoft.com/Author/1290739/hsien-kuei-hwang | organization:Academia Sinica
mas-a-15-12-82 | J. M. Hammersley | http://academic.research.microsoft.com/Author/1884769/j-m-hammersley | organization:University of Oxford
mas-a-15-12-83 | M. S. Bartlett | http://academic.research.microsoft.com/Author/12762451/m-s-bartlett | organization:University of Hertfordshire
mas-a-15-12-84 | Jennifer Tour Chayes | http://academic.research.microsoft.com/Author/285791/jennifer-tour-chayes | organization:Microsoft
mas-a-15-12-85 | Richard A. Davis | http://academic.research.microsoft.com/Author/12550474/richard-a-davis | organization:Columbia University
mas-a-15-12-86 | F. Ursell | http://academic.research.microsoft.com/Author/12820652/f-ursell | organization:Columbia University
mas-a-15-12-87 | Tomasz Luczak | http://academic.research.microsoft.com/Author/2444094/tomasz-luczak | organization:Adam Mickiewicz University Poznan
mas-a-15-12-88 | ANATOLY M. VERSHIK | http://academic.research.microsoft.com/Author/1051348/anatoly-m-vershik | organization:Russian Academy of Sciences
mas-a-15-12-89 | Charles Colbourn | http://academic.research.microsoft.com/Author/991693/charles-colbourn | organization:Arizona State University
mas-a-15-12-90 | Zhan Shi | http://academic.research.microsoft.com/Author/1637216/zhan-shi | organization:Pierre and Marie Curie University
mas-a-15-12-91 | Jaroslav Nesetril | http://academic.research.microsoft.com/Author/1429164/jaroslav-nesetril | organization:Charles University
mas-a-15-12-92 | NICOLAI V. KRYLOV | http://academic.research.microsoft.com/Author/103144/nicolai-v-krylov | organization:University of Minnesota
mas-a-15-12-93 | Murad Taqqu | http://academic.research.microsoft.com/Author/1186679/murad-taqqu | organization:Boston University
mas-a-15-12-94 | Richard T. Durrett | http://academic.research.microsoft.com/Author/12860660/richard-t-durrett | organization:Cornell University
mas-a-15-12-95 | John Edensor Littlewood | http://academic.research.microsoft.com/Author/12599963/john-edensor-littlewood | organization:University of Cambridge
mas-a-15-12-96 | Ernest J. Cockayne | http://academic.research.microsoft.com/Author/1272744/ernest-j-cockayne | organization:University of Victoria
mas-a-15-12-97 | Jay Rosen | http://academic.research.microsoft.com/Author/44183/jay-rosen | organization:City University of New York
mas-a-15-12-98 | Andries E. Brouwer | http://academic.research.microsoft.com/Author/89575/andries-e-brouwer | organization:Centrum Voor Wiskunde en Informatica
mas-a-15-12-99 | Krzysztof Burdzy | http://academic.research.microsoft.com/Author/154229/krzysztof-burdzy | organization:University of Washington
mas-a-15-12-100 | Douglas Stinson | http://academic.research.microsoft.com/Author/1258479/douglas-stinson | organization:University of Waterloo
