mas-a-7-8-1 | Scott John Vitell | http://academic.research.microsoft.com/Author/10865912/scott-john-vitell | organization:University of Mississippi
mas-a-7-8-2 | Pierre Pestieau | http://academic.research.microsoft.com/Author/443359/pierre-pestieau | organization:Université de Liège
mas-a-7-8-3 | Michael Keen | http://academic.research.microsoft.com/Author/46033/michael-keen | organization:International Monetary Fund
mas-a-7-8-4 | Joseph E. Stiglitz | http://academic.research.microsoft.com/Author/413894/joseph-e-stiglitz | organization:Columbia University
mas-a-7-8-5 | Michael P. Devereux | http://academic.research.microsoft.com/Author/133517/michael-p-devereux | organization:University of Oxford
mas-a-7-8-6 | Joel B. Slemrod | http://academic.research.microsoft.com/Author/2082499/joel-b-slemrod | organization:University of Michigan
mas-a-7-8-7 | Robin W. Boadway | http://academic.research.microsoft.com/Author/2671022/robin-w-boadway | organization:Queen's University Kingston
mas-a-7-8-8 | Helmuth Cremer | http://academic.research.microsoft.com/Author/88143/helmuth-cremer | organization:Centre Interuniversitaire de Calcul de Toulouse
mas-a-7-8-9 | A. Lans Bovenberg | http://academic.research.microsoft.com/Author/9586743/a-lans-bovenberg | organization:University of Tilburg
mas-a-7-8-10 | Zoltan Acs | http://academic.research.microsoft.com/Author/966004/zoltan-acs | organization:George Mason University
mas-a-7-8-11 | Timothy J. Besley | http://academic.research.microsoft.com/Author/617545/timothy-j-besley | organization:London School of Economics and Political Science
mas-a-7-8-12 | Martin S. Feldstein | http://academic.research.microsoft.com/Author/17114/martin-s-feldstein | organization:National Bureau of Economic Research, United States
mas-a-7-8-13 | Edward B. Barbier | http://academic.research.microsoft.com/Author/4768331/edward-b-barbier | organization:University of Wyoming
mas-a-7-8-14 | Peter A. Diamond | http://academic.research.microsoft.com/Author/221190/peter-a-diamond | organization:Massachusetts Institute of Technology
mas-a-7-8-15 | Partha Dasgupta | http://academic.research.microsoft.com/Author/812535/partha-dasgupta | organization:University of Cambridge
mas-a-7-8-16 | James M. Poterba | http://academic.research.microsoft.com/Author/33404/james-m-poterba | organization:National Bureau of Economic Research, United States
mas-a-7-8-17 | Todd Sandler | http://academic.research.microsoft.com/Author/504158/todd-sandler | organization:University of Texas Dallas
mas-a-7-8-18 | Jonathan Gruber | http://academic.research.microsoft.com/Author/972419/jonathan-gruber | organization:Massachusetts Institute of Technology
mas-a-7-8-19 | A. Roy Thurik | http://academic.research.microsoft.com/Author/3964512/a-roy-thurik | organization:Erasmus University of Rotterdam
mas-a-7-8-20 | David B. Audretsch | http://academic.research.microsoft.com/Author/10865361/david-b-audretsch | organization:Erasmus University of Rotterdam
mas-a-7-8-21 | David E. Wildasin | http://academic.research.microsoft.com/Author/192348/david-e-wildasin | organization:University of Kentucky
mas-a-7-8-22 | Maurice Marchand | http://academic.research.microsoft.com/Author/1648303/maurice-marchand | organization:Université Catholique de Louvain
mas-a-7-8-23 | Jan K. Brueckner | http://academic.research.microsoft.com/Author/963748/jan-k-brueckner | organization:University of California Irvine
mas-a-7-8-24 | Ronald R. Sims | http://academic.research.microsoft.com/Author/10575363/ronald-r-sims | organization:College of William & Mary
mas-a-7-8-25 | Jean-Jacques Laffont | http://academic.research.microsoft.com/Author/483924/jean-jacques-laffont | organization:Toulouse 1 University Capitole
mas-a-7-8-26 | Mike Wright | http://academic.research.microsoft.com/Author/7986929/mike-wright | organization:University of Nottingham
mas-a-7-8-27 | Anusorn Singhapakdi | http://academic.research.microsoft.com/Author/27452155/anusorn-singhapakdi | organization:Old Dominion University
mas-a-7-8-28 | Karl-Goran Maler (Karl-Göran Mäler) | http://academic.research.microsoft.com/Author/2693587/karl-goran-maler | organization:Royal Swedish Academy of Sciences
mas-a-7-8-29 | Martin Ravallion | http://academic.research.microsoft.com/Author/1574437/martin-ravallion | organization:World Bank
mas-a-7-8-30 | Alberto Alesina | http://academic.research.microsoft.com/Author/448995/alberto-alesina | organization:Harvard University
mas-a-7-8-31 | Ray J Barrell | http://academic.research.microsoft.com/Author/23351889/ray-j-barrell | organization:Harvard University
mas-a-7-8-32 | Firouz Gahvari | http://academic.research.microsoft.com/Author/3949719/firouz-gahvari | organization:University of Illinois Urbana Champaign
mas-a-7-8-33 | John Douglas Wilson | http://academic.research.microsoft.com/Author/40682998/john-douglas-wilson | organization:Michigan State University
mas-a-7-8-34 | Alan J. Auerbach | http://academic.research.microsoft.com/Author/39149/alan-j-auerbach | organization:University of California Berkeley
mas-a-7-8-35 | Stephen J. Turnovsky | http://academic.research.microsoft.com/Author/443203/stephen-j-turnovsky | organization:University of Washington
mas-a-7-8-36 | Ben Lockwood | http://academic.research.microsoft.com/Author/612952/ben-lockwood | organization:University of Warwick
mas-a-7-8-37 | Paul W. Miller | http://academic.research.microsoft.com/Author/6962356/paul-w-miller | organization:Curtin University of Technology
mas-a-7-8-38 | James R. Hines | http://academic.research.microsoft.com/Author/897686/james-r-hines | organization:University of Michigan
mas-a-7-8-39 | Christopher B. Barrett | http://academic.research.microsoft.com/Author/961153/christopher-b-barrett | organization:Cornell University
mas-a-7-8-40 | Richard S. J. Tol | http://academic.research.microsoft.com/Author/1023297/richard-s-j-tol | organization:University of Sussex
mas-a-7-8-41 | Satish P. Deshpande | http://academic.research.microsoft.com/Author/27612452/satish-p-deshpande | organization:Western Michigan University
mas-a-7-8-42 | Roger H. Gordon | http://academic.research.microsoft.com/Author/584951/roger-h-gordon | organization:University of California San Diego
mas-a-7-8-43 | David Thompson | http://academic.research.microsoft.com/Author/47384487/david-thompson | organization:London Business School
mas-a-7-8-44 | Joachim Wagner | http://academic.research.microsoft.com/Author/531828/joachim-wagner | organization:Lüneburg University
mas-a-7-8-45 | James Andreoni | http://academic.research.microsoft.com/Author/837057/james-andreoni | organization:University of California San Diego
mas-a-7-8-46 | Hans-Werner Sinn | http://academic.research.microsoft.com/Author/1485547/hans-werner-sinn | organization:Ludwig Maximilian University of Munich
mas-a-7-8-47 | Ian J. Bateman | http://academic.research.microsoft.com/Author/483980/ian-j-bateman | organization:University of East Anglia
mas-a-7-8-48 | Harvey S. Rosen | http://academic.research.microsoft.com/Author/987441/harvey-s-rosen | organization:Princeton University
mas-a-7-8-49 | Emmanuel Saez | http://academic.research.microsoft.com/Author/2821019/emmanuel-saez | organization:University of California Berkeley
mas-a-7-8-50 | K. Wagner | http://academic.research.microsoft.com/Author/23355194/k-wagner | organization:University of Stavanger
mas-a-7-8-51 | John Creedy | http://academic.research.microsoft.com/Author/22993217/john-creedy | organization:University of Melbourne
mas-a-7-8-52 | Stephen C. Smith | http://academic.research.microsoft.com/Author/23356374/stephen-c-smith | organization:University College London
mas-a-7-8-53 | Charles Perrings | http://academic.research.microsoft.com/Author/10763961/charles-perrings | organization:Arizona State University
mas-a-7-8-54 | Clemens Fuest | http://academic.research.microsoft.com/Author/2733433/clemens-fuest | organization:University of Oxford
mas-a-7-8-55 | Richard Disney | http://academic.research.microsoft.com/Author/1026092/richard-disney | organization:University of Nottingham
mas-a-7-8-56 | John Whalley | http://academic.research.microsoft.com/Author/171460/john-whalley | organization:University of Western Ontario
mas-a-7-8-57 | Thomas Reardon | http://academic.research.microsoft.com/Author/195193/thomas-reardon | organization:Michigan State University
mas-a-7-8-58 | Bruno S. Frey | http://academic.research.microsoft.com/Author/1512205/bruno-s-frey | organization:Universität Zürich
mas-a-7-8-59 | Nicholas D. Hanley | http://academic.research.microsoft.com/Author/213345/nicholas-d-hanley | organization:University of Stirling
mas-a-7-8-60 | Richard Blundell | http://academic.research.microsoft.com/Author/2270579/richard-blundell | organization:University College London
mas-a-7-8-61 | Peter Birch Sorensen (Peter Birch Sørensen) | http://academic.research.microsoft.com/Author/3317128/peter-birch-sorensen | organization:Aarhus University
mas-a-7-8-62 | Michael Hoel | http://academic.research.microsoft.com/Author/737207/michael-hoel | organization:University of Oslo
mas-a-7-8-63 | Bernd Huber | http://academic.research.microsoft.com/Author/2638880/bernd-huber | organization:Dublin Institute of Technology
mas-a-7-8-64 | David J. Storey | http://academic.research.microsoft.com/Author/10672093/david-j-storey | organization:University of Sussex
mas-a-7-8-65 | Marc Cowling | http://academic.research.microsoft.com/Author/23587404/marc-cowling | organization:Institute for Employment Studies
mas-a-7-8-66 | David N. Figlio | http://academic.research.microsoft.com/Author/199949/david-n-figlio | organization:Northwestern University
mas-a-7-8-67 | Alan B. Krueger | http://academic.research.microsoft.com/Author/1354626/alan-b-krueger | organization:National Bureau of Economic Research, United States
mas-a-7-8-68 | Dennis Epple | http://academic.research.microsoft.com/Author/564574/dennis-epple | organization:Carnegie Mellon University
mas-a-7-8-69 | Robert Mendelsohn | http://academic.research.microsoft.com/Author/1355385/robert-mendelsohn | organization:Yale University
mas-a-7-8-70 | Scott Barrett | http://academic.research.microsoft.com/Author/2570722/scott-barrett | organization:Columbia University
mas-a-7-8-71 | Thomas W. Dunfee | http://academic.research.microsoft.com/Author/5063097/thomas-w-dunfee | organization:University of Pennsylvania
mas-a-7-8-72 | Jeffrey R. Cohen | http://academic.research.microsoft.com/Author/22859830/jeffrey-r-cohen | organization:Boston College
mas-a-7-8-73 | Giacomo G. Corneo | http://academic.research.microsoft.com/Author/2368760/giacomo-g-corneo | organization:Free University of Berlin
mas-a-7-8-74 | Tim P. Barnett | http://academic.research.microsoft.com/Author/23621218/tim-p-barnett | organization:Mississippi State University
mas-a-7-8-75 | Kristi Yuthas | http://academic.research.microsoft.com/Author/27879760/kristi-yuthas | organization:Portland State University
mas-a-7-8-76 | Douglas Holtz-eakin | http://academic.research.microsoft.com/Author/944736/douglas-holtz-eakin | organization:Syracuse University
mas-a-7-8-77 | Andrew Dilnot | http://academic.research.microsoft.com/Author/23402527/andrew-dilnot | organization:Institute for Fiscal Studies
mas-a-7-8-78 | Anthony B. Atkinson | http://academic.research.microsoft.com/Author/10799525/anthony-b-atkinson | organization:University of Oxford
mas-a-7-8-79 | Cam Caldwell | http://academic.research.microsoft.com/Author/28163645/cam-caldwell | organization:University of Georgia
mas-a-7-8-80 | Jason F. Shogren | http://academic.research.microsoft.com/Author/2604929/jason-f-shogren | organization:University of Wyoming
mas-a-7-8-81 | Assaf Razin | http://academic.research.microsoft.com/Author/609437/assaf-razin | organization:Cornell University
mas-a-7-8-82 | Erwin H. Bulte | http://academic.research.microsoft.com/Author/2621135/erwin-h-bulte | organization:Wageningen University & Research Centre
mas-a-7-8-83 | Antonio Argandona (Antonio Argandoña) | http://academic.research.microsoft.com/Author/3864587/antonio-argandona | organization:University of Navarra
mas-a-7-8-84 | Steven B. Webb | http://academic.research.microsoft.com/Author/10783407/steven-b-webb | organization:World Bank
mas-a-7-8-85 | John D. Tsalikis | http://academic.research.microsoft.com/Author/27480318/john-d-tsalikis | organization:Florida International University
mas-a-7-8-86 | Rachel Griffith | http://academic.research.microsoft.com/Author/641527/rachel-griffith | organization:Institute for Fiscal Studies
mas-a-7-8-87 | Domenec Mele (Domènec Melé) | http://academic.research.microsoft.com/Author/23500787/domenec-mele | organization:University of Navarra
mas-a-7-8-88 | Harry Huizinga | http://academic.research.microsoft.com/Author/736953/harry-huizinga | organization:University of Tilburg
mas-a-7-8-89 | Agnar Sandmo | http://academic.research.microsoft.com/Author/960195/agnar-sandmo | organization:Norwegian School of Economics and Business Administration
mas-a-7-8-90 | David D. Zilberman | http://academic.research.microsoft.com/Author/1068152/david-d-zilberman | organization:University of California Berkeley
mas-a-7-8-91 | Guttorm Schjelderup | http://academic.research.microsoft.com/Author/1076943/guttorm-schjelderup | organization:Norwegian School of Economics and Business Administration
mas-a-7-8-92 | Soren Blomquist (Sören Blomquist) | http://academic.research.microsoft.com/Author/1419597/soren-blomquist | organization:Uppsala University
mas-a-7-8-93 | Andrew Leigh | http://academic.research.microsoft.com/Author/2753738/andrew-leigh | organization:Australian National University
mas-a-7-8-94 | Eytan Sheshinski | http://academic.research.microsoft.com/Author/2708638/eytan-sheshinski | organization:Hebrew University of Jerusalem
mas-a-7-8-95 | M. Joseph Sirgy | http://academic.research.microsoft.com/Author/10829812/m-joseph-sirgy | organization:Virginia Polytechnic Institute and State University
mas-a-7-8-96 | Bryan W. Husted | http://academic.research.microsoft.com/Author/10725/bryan-w-husted | organization:York University
mas-a-7-8-97 | Kai A. Konrad | http://academic.research.microsoft.com/Author/831244/kai-a-konrad | organization:Max Planck Gesellschaft
mas-a-7-8-98 | Frederick van der Ploeg | http://academic.research.microsoft.com/Author/2727131/frederick-van-der-ploeg | organization:University of Amsterdam
mas-a-7-8-99 | Ariel Dinar | http://academic.research.microsoft.com/Author/23351033/ariel-dinar | organization:University of California Riverside
mas-a-7-8-100 | Ian R. Walker | http://academic.research.microsoft.com/Author/23351333/ian-r-walker | organization:University of Bath
