qs-310162-1 | University of Cambridge | https://www.google.com.hk/?gws_rd=cr,ssl#safe=strict&q=qs-310162-1 University of Cambridge | 
qs-310162-2 | Harvard University | https://www.google.com.hk/?gws_rd=cr,ssl#safe=strict&q=qs-310162-2 Harvard University | 
qs-310162-3 | Massachusetts Institute of Technology (MIT)  | https://www.google.com.hk/?gws_rd=cr,ssl#safe=strict&q=qs-310162-3 Massachusetts Institute of Technology (MIT)  | 
qs-310162-4 | Stanford University | https://www.google.com.hk/?gws_rd=cr,ssl#safe=strict&q=qs-310162-4 Stanford University | 
qs-310162-5 | University of Oxford | https://www.google.com.hk/?gws_rd=cr,ssl#safe=strict&q=qs-310162-5 University of Oxford | 
qs-310162-6 | University of California, Berkeley (UCB) | https://www.google.com.hk/?gws_rd=cr,ssl#safe=strict&q=qs-310162-6 University of California, Berkeley (UCB) | 
qs-310162-7 | ETH Zurich - Swiss Federal Institute of Technology | https://www.google.com.hk/?gws_rd=cr,ssl#safe=strict&q=qs-310162-7 ETH Zurich - Swiss Federal Institute of Technology | 
qs-310162-8 | Princeton University | https://www.google.com.hk/?gws_rd=cr,ssl#safe=strict&q=qs-310162-8 Princeton University | 
qs-310162-9 | University of California, Los Angeles (UCLA) | https://www.google.com.hk/?gws_rd=cr,ssl#safe=strict&q=qs-310162-9 University of California, Los Angeles (UCLA) | 
qs-310162-10 | New York University (NYU) | https://www.google.com.hk/?gws_rd=cr,ssl#safe=strict&q=qs-310162-10 New York University (NYU) | 
qs-310162-11 | National University of Singapore (NUS) | https://www.google.com.hk/?gws_rd=cr,ssl#safe=strict&q=qs-310162-11 National University of Singapore (NUS) | 
qs-310162-12 | University of Chicago | https://www.google.com.hk/?gws_rd=cr,ssl#safe=strict&q=qs-310162-12 University of Chicago | 
qs-310162-13 | Imperial College London | https://www.google.com.hk/?gws_rd=cr,ssl#safe=strict&q=qs-310162-13 Imperial College London | 
qs-310162-14 | University of Toronto | https://www.google.com.hk/?gws_rd=cr,ssl#safe=strict&q=qs-310162-14 University of Toronto | 
qs-310162-15 | Columbia University | https://www.google.com.hk/?gws_rd=cr,ssl#safe=strict&q=qs-310162-15 Columbia University | 
qs-310162-16 | California Institute of Technology (Caltech) | https://www.google.com.hk/?gws_rd=cr,ssl#safe=strict&q=qs-310162-16 California Institute of Technology (Caltech) | 
qs-310162-17 | University of Michigan | https://www.google.com.hk/?gws_rd=cr,ssl#safe=strict&q=qs-310162-17 University of Michigan | 
qs-310162-18 | Ecole Polytechnique | https://www.google.com.hk/?gws_rd=cr,ssl#safe=strict&q=qs-310162-18 Ecole Polytechnique | 
qs-310162-19 | The University of Tokyo | https://www.google.com.hk/?gws_rd=cr,ssl#safe=strict&q=qs-310162-19 The University of Tokyo | 
qs-310162-20 | Ecole Polytechnique Fédérale de Lausanne (EPFL) | https://www.google.com.hk/?gws_rd=cr,ssl#safe=strict&q=qs-310162-20 Ecole Polytechnique Fédérale de Lausanne (EPFL) | 
qs-310162-21 | The Australian National University | https://www.google.com.hk/?gws_rd=cr,ssl#safe=strict&q=qs-310162-21 The Australian National University | 
qs-310162-22 | University of Texas at Austin | https://www.google.com.hk/?gws_rd=cr,ssl#safe=strict&q=qs-310162-22 University of Texas at Austin | 
qs-310162-23 | Yale University | https://www.google.com.hk/?gws_rd=cr,ssl#safe=strict&q=qs-310162-23 Yale University | 
qs-310162-24 | University of British Columbia | https://www.google.com.hk/?gws_rd=cr,ssl#safe=strict&q=qs-310162-24 University of British Columbia | 
qs-310162-25 | Carnegie Mellon University | https://www.google.com.hk/?gws_rd=cr,ssl#safe=strict&q=qs-310162-25 Carnegie Mellon University | 
qs-310162-26 | Georgia Institute of Technology | https://www.google.com.hk/?gws_rd=cr,ssl#safe=strict&q=qs-310162-26 Georgia Institute of Technology | 
qs-310162-27 | Ecole normale supérieure, Paris | https://www.google.com.hk/?gws_rd=cr,ssl#safe=strict&q=qs-310162-27 Ecole normale supérieure, Paris | 
qs-310162-28 | The Chinese University of Hong Kong (CUHK) | https://www.google.com.hk/?gws_rd=cr,ssl#safe=strict&q=qs-310162-28 The Chinese University of Hong Kong (CUHK) | 
qs-310162-29 | University of Waterloo | https://www.google.com.hk/?gws_rd=cr,ssl#safe=strict&q=qs-310162-29 University of Waterloo | 
qs-310162-30 | Peking University | https://www.google.com.hk/?gws_rd=cr,ssl#safe=strict&q=qs-310162-30 Peking University | 
qs-310162-31 | Kyoto University | https://www.google.com.hk/?gws_rd=cr,ssl#safe=strict&q=qs-310162-31 Kyoto University | 
qs-310162-32 | The University of Warwick | https://www.google.com.hk/?gws_rd=cr,ssl#safe=strict&q=qs-310162-32 The University of Warwick | 
qs-310162-33 | Lomonosov Moscow State University  | https://www.google.com.hk/?gws_rd=cr,ssl#safe=strict&q=qs-310162-33 Lomonosov Moscow State University  | 
qs-310162-34 | The University of Melbourne | https://www.google.com.hk/?gws_rd=cr,ssl#safe=strict&q=qs-310162-34 The University of Melbourne | 
qs-310162-35 | University of Pennsylvania | https://www.google.com.hk/?gws_rd=cr,ssl#safe=strict&q=qs-310162-35 University of Pennsylvania | 
qs-310162-36 | Cornell University | https://www.google.com.hk/?gws_rd=cr,ssl#safe=strict&q=qs-310162-36 Cornell University | 
qs-310162-37 | The University of Edinburgh | https://www.google.com.hk/?gws_rd=cr,ssl#safe=strict&q=qs-310162-37 The University of Edinburgh | 
qs-310162-38 | The University of Sydney | https://www.google.com.hk/?gws_rd=cr,ssl#safe=strict&q=qs-310162-38 The University of Sydney | 
qs-310162-39 | City University of Hong Kong | https://www.google.com.hk/?gws_rd=cr,ssl#safe=strict&q=qs-310162-39 City University of Hong Kong | 
qs-310162-40 | Nanyang Technological University, Singapore (NTU) | https://www.google.com.hk/?gws_rd=cr,ssl#safe=strict&q=qs-310162-40 Nanyang Technological University, Singapore (NTU) | 
qs-310162-41 | Rheinische Friedrich-Wilhelms-Universitt Bonn | https://www.google.com.hk/?gws_rd=cr,ssl#safe=strict&q=qs-310162-41 Rheinische Friedrich-Wilhelms-Universitt Bonn | 
qs-310162-42 | Brown University | https://www.google.com.hk/?gws_rd=cr,ssl#safe=strict&q=qs-310162-42 Brown University | 
qs-310162-43 | Tsinghua University | https://www.google.com.hk/?gws_rd=cr,ssl#safe=strict&q=qs-310162-43 Tsinghua University | 
qs-310162-44 | The University of Hong Kong | https://www.google.com.hk/?gws_rd=cr,ssl#safe=strict&q=qs-310162-44 The University of Hong Kong | 
qs-310162-45 | Technische Universität Berlin | https://www.google.com.hk/?gws_rd=cr,ssl#safe=strict&q=qs-310162-45 Technische Universität Berlin | 
qs-310162-46 | Technische Universität München  | https://www.google.com.hk/?gws_rd=cr,ssl#safe=strict&q=qs-310162-46 Technische Universität München  | 
qs-310162-47 | Université Pierre et Marie Curie (UPMC) | https://www.google.com.hk/?gws_rd=cr,ssl#safe=strict&q=qs-310162-47 Université Pierre et Marie Curie (UPMC) | 
qs-310162-48 | University of California, San Diego (UCSD) | https://www.google.com.hk/?gws_rd=cr,ssl#safe=strict&q=qs-310162-48 University of California, San Diego (UCSD) | 
qs-310162-49 | University of Illinois at Urbana-Champaign | https://www.google.com.hk/?gws_rd=cr,ssl#safe=strict&q=qs-310162-49 University of Illinois at Urbana-Champaign | 
qs-310162-50 | Seoul National University | https://www.google.com.hk/?gws_rd=cr,ssl#safe=strict&q=qs-310162-50 Seoul National University | 
qs-310162-51 | The Hong Kong University of Science and Technology | https://www.google.com.hk/?gws_rd=cr,ssl#safe=strict&q=qs-310162-51 The Hong Kong University of Science and Technology | 
qs-310162-52 | Boston University | https://www.google.com.hk/?gws_rd=cr,ssl#safe=strict&q=qs-310162-52 Boston University | 
qs-310162-53 | Delft University of Technology | https://www.google.com.hk/?gws_rd=cr,ssl#safe=strict&q=qs-310162-53 Delft University of Technology | 
qs-310162-54 | Duke University | https://www.google.com.hk/?gws_rd=cr,ssl#safe=strict&q=qs-310162-54 Duke University | 
qs-310162-55 | Eindhoven University of Technology | https://www.google.com.hk/?gws_rd=cr,ssl#safe=strict&q=qs-310162-55 Eindhoven University of Technology | 
qs-310162-56 | Fudan University | https://www.google.com.hk/?gws_rd=cr,ssl#safe=strict&q=qs-310162-56 Fudan University | 
qs-310162-57 | Humboldt-Universität zu Berlin | https://www.google.com.hk/?gws_rd=cr,ssl#safe=strict&q=qs-310162-57 Humboldt-Universität zu Berlin | 
qs-310162-58 | Johns Hopkins University | https://www.google.com.hk/?gws_rd=cr,ssl#safe=strict&q=qs-310162-58 Johns Hopkins University | 
qs-310162-59 | KAIST - Korea Advanced Institute of Science & Technology | https://www.google.com.hk/?gws_rd=cr,ssl#safe=strict&q=qs-310162-59 KAIST - Korea Advanced Institute of Science & Technology | 
qs-310162-60 | KU Leuven | https://www.google.com.hk/?gws_rd=cr,ssl#safe=strict&q=qs-310162-60 KU Leuven | 
qs-310162-61 | KTH Royal Institute of Technology | https://www.google.com.hk/?gws_rd=cr,ssl#safe=strict&q=qs-310162-61 KTH Royal Institute of Technology | 
qs-310162-62 | Ludwig-Maximilians-Universität München | https://www.google.com.hk/?gws_rd=cr,ssl#safe=strict&q=qs-310162-62 Ludwig-Maximilians-Universität München | 
qs-310162-63 | McGill University | https://www.google.com.hk/?gws_rd=cr,ssl#safe=strict&q=qs-310162-63 McGill University | 
qs-310162-64 | Monash University | https://www.google.com.hk/?gws_rd=cr,ssl#safe=strict&q=qs-310162-64 Monash University | 
qs-310162-65 | National Taiwan University (NTU) | https://www.google.com.hk/?gws_rd=cr,ssl#safe=strict&q=qs-310162-65 National Taiwan University (NTU) | 
qs-310162-66 | Northwestern University | https://www.google.com.hk/?gws_rd=cr,ssl#safe=strict&q=qs-310162-66 Northwestern University | 
qs-310162-67 | Politecnico di Milano | https://www.google.com.hk/?gws_rd=cr,ssl#safe=strict&q=qs-310162-67 Politecnico di Milano | 
qs-310162-68 | Purdue University | https://www.google.com.hk/?gws_rd=cr,ssl#safe=strict&q=qs-310162-68 Purdue University | 
qs-310162-69 | RWTH Aachen University | https://www.google.com.hk/?gws_rd=cr,ssl#safe=strict&q=qs-310162-69 RWTH Aachen University | 
qs-310162-70 | Ruprecht-Karls-Universitaet Heidelberg | https://www.google.com.hk/?gws_rd=cr,ssl#safe=strict&q=qs-310162-70 Ruprecht-Karls-Universitaet Heidelberg | 
qs-310162-71 | Rutgers University - New Brunswick | https://www.google.com.hk/?gws_rd=cr,ssl#safe=strict&q=qs-310162-71 Rutgers University - New Brunswick | 
qs-310162-72 | Sapienza University of Rome | https://www.google.com.hk/?gws_rd=cr,ssl#safe=strict&q=qs-310162-72 Sapienza University of Rome | 
qs-310162-73 | Shanghai Jiao Tong University | https://www.google.com.hk/?gws_rd=cr,ssl#safe=strict&q=qs-310162-73 Shanghai Jiao Tong University | 
qs-310162-74 | Technion - Israel Institute of Technology | https://www.google.com.hk/?gws_rd=cr,ssl#safe=strict&q=qs-310162-74 Technion - Israel Institute of Technology | 
qs-310162-75 | Texas A&M University | https://www.google.com.hk/?gws_rd=cr,ssl#safe=strict&q=qs-310162-75 Texas A&M University | 
qs-310162-76 | The Hong Kong Polytechnic University | https://www.google.com.hk/?gws_rd=cr,ssl#safe=strict&q=qs-310162-76 The Hong Kong Polytechnic University | 
qs-310162-77 | The University of Auckland | https://www.google.com.hk/?gws_rd=cr,ssl#safe=strict&q=qs-310162-77 The University of Auckland | 
qs-310162-78 | The University of Manchester | https://www.google.com.hk/?gws_rd=cr,ssl#safe=strict&q=qs-310162-78 The University of Manchester | 
qs-310162-79 | The University of New South Wales (UNSW Australia) | https://www.google.com.hk/?gws_rd=cr,ssl#safe=strict&q=qs-310162-79 The University of New South Wales (UNSW Australia) | 
qs-310162-80 | The University of Queensland | https://www.google.com.hk/?gws_rd=cr,ssl#safe=strict&q=qs-310162-80 The University of Queensland | 
qs-310162-81 | Tokyo Institute of Technology | https://www.google.com.hk/?gws_rd=cr,ssl#safe=strict&q=qs-310162-81 Tokyo Institute of Technology | 
qs-310162-82 | UCL (University College London) | https://www.google.com.hk/?gws_rd=cr,ssl#safe=strict&q=qs-310162-82 UCL (University College London) | 
qs-310162-83 | Universidad Nacional Autónoma de México  (UNAM) | https://www.google.com.hk/?gws_rd=cr,ssl#safe=strict&q=qs-310162-83 Universidad Nacional Autónoma de México  (UNAM) | 
qs-310162-84 | Universidade de São Paulo | https://www.google.com.hk/?gws_rd=cr,ssl#safe=strict&q=qs-310162-84 Universidade de São Paulo | 
qs-310162-85 | Universidade Estadual de Campinas (Unicamp) | https://www.google.com.hk/?gws_rd=cr,ssl#safe=strict&q=qs-310162-85 Universidade Estadual de Campinas (Unicamp) | 
qs-310162-86 | Alma Mater Studiorum - University of Bologna | https://www.google.com.hk/?gws_rd=cr,ssl#safe=strict&q=qs-310162-86 Alma Mater Studiorum - University of Bologna | 
qs-310162-87 | University of Pisa | https://www.google.com.hk/?gws_rd=cr,ssl#safe=strict&q=qs-310162-87 University of Pisa | 
qs-310162-88 | Universitat Politècnica de Catalunya  | https://www.google.com.hk/?gws_rd=cr,ssl#safe=strict&q=qs-310162-88 Universitat Politècnica de Catalunya  | 
qs-310162-89 | Université Catholique de Louvain (UCL) | https://www.google.com.hk/?gws_rd=cr,ssl#safe=strict&q=qs-310162-89 Université Catholique de Louvain (UCL) | 
qs-310162-90 | Université Claude Bernard Lyon 1 | https://www.google.com.hk/?gws_rd=cr,ssl#safe=strict&q=qs-310162-90 Université Claude Bernard Lyon 1 | 
qs-310162-91 | Université de Montréal  | https://www.google.com.hk/?gws_rd=cr,ssl#safe=strict&q=qs-310162-91 Université de Montréal  | 
qs-310162-92 | Université Paris Diderot - Paris 7 | https://www.google.com.hk/?gws_rd=cr,ssl#safe=strict&q=qs-310162-92 Université Paris Diderot - Paris 7 | 
qs-310162-93 | University of Alberta | https://www.google.com.hk/?gws_rd=cr,ssl#safe=strict&q=qs-310162-93 University of Alberta | 
qs-310162-94 | University of Amsterdam | https://www.google.com.hk/?gws_rd=cr,ssl#safe=strict&q=qs-310162-94 University of Amsterdam | 
qs-310162-95 | University of Bristol | https://www.google.com.hk/?gws_rd=cr,ssl#safe=strict&q=qs-310162-95 University of Bristol | 
qs-310162-96 | University of Copenhagen | https://www.google.com.hk/?gws_rd=cr,ssl#safe=strict&q=qs-310162-96 University of Copenhagen | 
qs-310162-97 | University of Helsinki | https://www.google.com.hk/?gws_rd=cr,ssl#safe=strict&q=qs-310162-97 University of Helsinki | 
qs-310162-98 | University of Maryland, College Park | https://www.google.com.hk/?gws_rd=cr,ssl#safe=strict&q=qs-310162-98 University of Maryland, College Park | 
qs-310162-99 | University of Minnesota | https://www.google.com.hk/?gws_rd=cr,ssl#safe=strict&q=qs-310162-99 University of Minnesota | 
qs-310162-100 | University of Washington | https://www.google.com.hk/?gws_rd=cr,ssl#safe=strict&q=qs-310162-100 University of Washington | 
qs-310162-101 | University of Wisconsin-Madison | https://www.google.com.hk/?gws_rd=cr,ssl#safe=strict&q=qs-310162-101 University of Wisconsin-Madison | 
qs-310162-102 | The Hebrew University of Jerusalem | https://www.google.com.hk/?gws_rd=cr,ssl#safe=strict&q=qs-310162-102 The Hebrew University of Jerusalem | 
qs-310162-103 | Indian Institute of Science (IISc) Bangalore | https://www.google.com.hk/?gws_rd=cr,ssl#safe=strict&q=qs-310162-103 Indian Institute of Science (IISc) Bangalore | 
qs-310162-104 | Indian Institute of Technology Bombay (IITB) | https://www.google.com.hk/?gws_rd=cr,ssl#safe=strict&q=qs-310162-104 Indian Institute of Technology Bombay (IITB) | 
qs-310162-105 | Indian Institute of Technology Kanpur (IITK) | https://www.google.com.hk/?gws_rd=cr,ssl#safe=strict&q=qs-310162-105 Indian Institute of Technology Kanpur (IITK) | 
qs-310162-106 | Indiana University Bloomington | https://www.google.com.hk/?gws_rd=cr,ssl#safe=strict&q=qs-310162-106 Indiana University Bloomington | 
qs-310162-107 | King's College London | https://www.google.com.hk/?gws_rd=cr,ssl#safe=strict&q=qs-310162-107 King's College London | 
qs-310162-108 | KIT, Karlsruhe Institute of Technology | https://www.google.com.hk/?gws_rd=cr,ssl#safe=strict&q=qs-310162-108 KIT, Karlsruhe Institute of Technology | 
qs-310162-109 | London School of Economics and Political Science (LSE) | https://www.google.com.hk/?gws_rd=cr,ssl#safe=strict&q=qs-310162-109 London School of Economics and Political Science (LSE) | 
qs-310162-110 | Lund University | https://www.google.com.hk/?gws_rd=cr,ssl#safe=strict&q=qs-310162-110 Lund University | 
qs-310162-111 | McMaster University | https://www.google.com.hk/?gws_rd=cr,ssl#safe=strict&q=qs-310162-111 McMaster University | 
qs-310162-112 | National Tsing Hua University | https://www.google.com.hk/?gws_rd=cr,ssl#safe=strict&q=qs-310162-112 National Tsing Hua University | 
qs-310162-113 | Norwegian University of Science And Technology | https://www.google.com.hk/?gws_rd=cr,ssl#safe=strict&q=qs-310162-113 Norwegian University of Science And Technology | 
qs-310162-114 | Novosibirsk State University | https://www.google.com.hk/?gws_rd=cr,ssl#safe=strict&q=qs-310162-114 Novosibirsk State University | 
qs-310162-115 | The Ohio State University | https://www.google.com.hk/?gws_rd=cr,ssl#safe=strict&q=qs-310162-115 The Ohio State University | 
qs-310162-116 | Osaka University | https://www.google.com.hk/?gws_rd=cr,ssl#safe=strict&q=qs-310162-116 Osaka University | 
qs-310162-117 | Pennsylvania State University | https://www.google.com.hk/?gws_rd=cr,ssl#safe=strict&q=qs-310162-117 Pennsylvania State University | 
qs-310162-118 | Pohang University of Science And Technology (POSTECH) | https://www.google.com.hk/?gws_rd=cr,ssl#safe=strict&q=qs-310162-118 Pohang University of Science And Technology (POSTECH) | 
qs-310162-119 | Politecnico di Torino | https://www.google.com.hk/?gws_rd=cr,ssl#safe=strict&q=qs-310162-119 Politecnico di Torino | 
qs-310162-120 | Saint-Petersburg State University | https://www.google.com.hk/?gws_rd=cr,ssl#safe=strict&q=qs-310162-120 Saint-Petersburg State University | 
qs-310162-121 | Simon Fraser University | https://www.google.com.hk/?gws_rd=cr,ssl#safe=strict&q=qs-310162-121 Simon Fraser University | 
qs-310162-122 | Sungkyunkwan University (SKKU) | https://www.google.com.hk/?gws_rd=cr,ssl#safe=strict&q=qs-310162-122 Sungkyunkwan University (SKKU) | 
qs-310162-123 | Technical University of Denmark | https://www.google.com.hk/?gws_rd=cr,ssl#safe=strict&q=qs-310162-123 Technical University of Denmark | 
qs-310162-124 | Technische Universität Darmstadt | https://www.google.com.hk/?gws_rd=cr,ssl#safe=strict&q=qs-310162-124 Technische Universität Darmstadt | 
qs-310162-125 | Vienna University of Technology | https://www.google.com.hk/?gws_rd=cr,ssl#safe=strict&q=qs-310162-125 Vienna University of Technology | 
qs-310162-126 | Tel Aviv University | https://www.google.com.hk/?gws_rd=cr,ssl#safe=strict&q=qs-310162-126 Tel Aviv University | 
qs-310162-127 | The University of Nottingham | https://www.google.com.hk/?gws_rd=cr,ssl#safe=strict&q=qs-310162-127 The University of Nottingham | 
qs-310162-128 | Universidad Autónoma de Madrid | https://www.google.com.hk/?gws_rd=cr,ssl#safe=strict&q=qs-310162-128 Universidad Autónoma de Madrid | 
qs-310162-129 | University Complutense Madrid | https://www.google.com.hk/?gws_rd=cr,ssl#safe=strict&q=qs-310162-129 University Complutense Madrid | 
qs-310162-130 | Universidad de Buenos Aires (UBA) | https://www.google.com.hk/?gws_rd=cr,ssl#safe=strict&q=qs-310162-130 Universidad de Buenos Aires (UBA) | 
qs-310162-131 | Universidad de Chile | https://www.google.com.hk/?gws_rd=cr,ssl#safe=strict&q=qs-310162-131 Universidad de Chile | 
qs-310162-132 | Università di Padova | https://www.google.com.hk/?gws_rd=cr,ssl#safe=strict&q=qs-310162-132 Università di Padova | 
qs-310162-133 | University of Rome "Tor Vergata" | https://www.google.com.hk/?gws_rd=cr,ssl#safe=strict&q=qs-310162-133 University of Rome "Tor Vergata" | 
qs-310162-134 | Universitat Autònoma de Barcelona | https://www.google.com.hk/?gws_rd=cr,ssl#safe=strict&q=qs-310162-134 Universitat Autònoma de Barcelona | 
qs-310162-135 | Universität Stuttgart | https://www.google.com.hk/?gws_rd=cr,ssl#safe=strict&q=qs-310162-135 Universität Stuttgart | 
qs-310162-136 | University of Vienna | https://www.google.com.hk/?gws_rd=cr,ssl#safe=strict&q=qs-310162-136 University of Vienna | 
qs-310162-137 | Université Paris Dauphine | https://www.google.com.hk/?gws_rd=cr,ssl#safe=strict&q=qs-310162-137 Université Paris Dauphine | 
qs-310162-138 | Université Paris-Sud | https://www.google.com.hk/?gws_rd=cr,ssl#safe=strict&q=qs-310162-138 Université Paris-Sud | 
qs-310162-139 | University of Birmingham | https://www.google.com.hk/?gws_rd=cr,ssl#safe=strict&q=qs-310162-139 University of Birmingham | 
qs-310162-140 | University of California, Davis | https://www.google.com.hk/?gws_rd=cr,ssl#safe=strict&q=qs-310162-140 University of California, Davis | 
qs-310162-141 | University of California, Irvine | https://www.google.com.hk/?gws_rd=cr,ssl#safe=strict&q=qs-310162-141 University of California, Irvine | 
qs-310162-142 | University of California, Santa Barbara (UCSB) | https://www.google.com.hk/?gws_rd=cr,ssl#safe=strict&q=qs-310162-142 University of California, Santa Barbara (UCSB) | 
qs-310162-143 | University of Colorado Boulder | https://www.google.com.hk/?gws_rd=cr,ssl#safe=strict&q=qs-310162-143 University of Colorado Boulder | 
qs-310162-144 | University of Geneva | https://www.google.com.hk/?gws_rd=cr,ssl#safe=strict&q=qs-310162-144 University of Geneva | 
qs-310162-145 | University of Glasgow | https://www.google.com.hk/?gws_rd=cr,ssl#safe=strict&q=qs-310162-145 University of Glasgow | 
qs-310162-146 | University of Leeds | https://www.google.com.hk/?gws_rd=cr,ssl#safe=strict&q=qs-310162-146 University of Leeds | 
qs-310162-147 | University of Science and Technology of China | https://www.google.com.hk/?gws_rd=cr,ssl#safe=strict&q=qs-310162-147 University of Science and Technology of China | 
qs-310162-148 | University of Zurich | https://www.google.com.hk/?gws_rd=cr,ssl#safe=strict&q=qs-310162-148 University of Zurich | 
qs-310162-149 | Utrecht University | https://www.google.com.hk/?gws_rd=cr,ssl#safe=strict&q=qs-310162-149 Utrecht University | 
qs-310162-150 | Yonsei University | https://www.google.com.hk/?gws_rd=cr,ssl#safe=strict&q=qs-310162-150 Yonsei University | 
qs-310162-151 | Zhejiang University | https://www.google.com.hk/?gws_rd=cr,ssl#safe=strict&q=qs-310162-151 Zhejiang University | 
qs-310162-152 | Aalto University | https://www.google.com.hk/?gws_rd=cr,ssl#safe=strict&q=qs-310162-152 Aalto University | 
qs-310162-153 | Aarhus University | https://www.google.com.hk/?gws_rd=cr,ssl#safe=strict&q=qs-310162-153 Aarhus University | 
qs-310162-154 | Arizona State University | https://www.google.com.hk/?gws_rd=cr,ssl#safe=strict&q=qs-310162-154 Arizona State University | 
qs-310162-155 | Beijing Institute of Technology | https://www.google.com.hk/?gws_rd=cr,ssl#safe=strict&q=qs-310162-155 Beijing Institute of Technology | 
qs-310162-156 | Chalmers University of Technology | https://www.google.com.hk/?gws_rd=cr,ssl#safe=strict&q=qs-310162-156 Chalmers University of Technology | 
qs-310162-157 | Charles University in Prague | https://www.google.com.hk/?gws_rd=cr,ssl#safe=strict&q=qs-310162-157 Charles University in Prague | 
qs-310162-157 | École Normale Supérieure de Lyon | https://www.google.com.hk/?gws_rd=cr,ssl#safe=strict&q=qs-310162-157 École Normale Supérieure de Lyon | 
qs-310162-158 | Freie Universitaet Berlin | https://www.google.com.hk/?gws_rd=cr,ssl#safe=strict&q=qs-310162-158 Freie Universitaet Berlin | 
qs-310162-159 | Georg-August-University Goettingen | https://www.google.com.hk/?gws_rd=cr,ssl#safe=strict&q=qs-310162-159 Georg-August-University Goettingen | 
qs-310162-160 | Hong Kong Baptist University | https://www.google.com.hk/?gws_rd=cr,ssl#safe=strict&q=qs-310162-160 Hong Kong Baptist University | 
qs-310162-161 | Indian Institute of Technology Delhi (IITD) | https://www.google.com.hk/?gws_rd=cr,ssl#safe=strict&q=qs-310162-161 Indian Institute of Technology Delhi (IITD) | 
qs-310162-162 | Indian Institute of Technology Madras (IITM) | https://www.google.com.hk/?gws_rd=cr,ssl#safe=strict&q=qs-310162-162 Indian Institute of Technology Madras (IITM) | 
qs-310162-163 | King Fahd University of Petroleum & Minerals | https://www.google.com.hk/?gws_rd=cr,ssl#safe=strict&q=qs-310162-163 King Fahd University of Petroleum & Minerals | 
qs-310162-164 | Korea University | https://www.google.com.hk/?gws_rd=cr,ssl#safe=strict&q=qs-310162-164 Korea University | 
qs-310162-165 | Kyushu University | https://www.google.com.hk/?gws_rd=cr,ssl#safe=strict&q=qs-310162-165 Kyushu University | 
qs-310162-166 | Michigan State University | https://www.google.com.hk/?gws_rd=cr,ssl#safe=strict&q=qs-310162-166 Michigan State University | 
qs-310162-167 | Nagoya University | https://www.google.com.hk/?gws_rd=cr,ssl#safe=strict&q=qs-310162-167 Nagoya University | 
qs-310162-168 | Nanjing University | https://www.google.com.hk/?gws_rd=cr,ssl#safe=strict&q=qs-310162-168 Nanjing University | 
qs-310162-169 | National Cheng Kung University (NCKU) | https://www.google.com.hk/?gws_rd=cr,ssl#safe=strict&q=qs-310162-169 National Cheng Kung University (NCKU) | 
qs-310162-170 | National Chiao Tung University | https://www.google.com.hk/?gws_rd=cr,ssl#safe=strict&q=qs-310162-170 National Chiao Tung University | 
qs-310162-171 | North Carolina State University | https://www.google.com.hk/?gws_rd=cr,ssl#safe=strict&q=qs-310162-171 North Carolina State University | 
qs-310162-172 | Pontificia Universidad Católica de Chile (UC) | https://www.google.com.hk/?gws_rd=cr,ssl#safe=strict&q=qs-310162-172 Pontificia Universidad Católica de Chile (UC) | 
qs-310162-173 | Queen Mary University of London | https://www.google.com.hk/?gws_rd=cr,ssl#safe=strict&q=qs-310162-173 Queen Mary University of London | 
qs-310162-174 | Queensland University of Technology (QUT) | https://www.google.com.hk/?gws_rd=cr,ssl#safe=strict&q=qs-310162-174 Queensland University of Technology (QUT) | 
qs-310162-175 | Rice University | https://www.google.com.hk/?gws_rd=cr,ssl#safe=strict&q=qs-310162-175 Rice University | 
qs-310162-176 | Shanghai University | https://www.google.com.hk/?gws_rd=cr,ssl#safe=strict&q=qs-310162-176 Shanghai University | 
qs-310162-177 | The University of Adelaide | https://www.google.com.hk/?gws_rd=cr,ssl#safe=strict&q=qs-310162-177 The University of Adelaide | 
qs-310162-178 | Tohoku University | https://www.google.com.hk/?gws_rd=cr,ssl#safe=strict&q=qs-310162-178 Tohoku University | 
qs-310162-179 | Universidade Federal do Rio de Janeiro | https://www.google.com.hk/?gws_rd=cr,ssl#safe=strict&q=qs-310162-179 Universidade Federal do Rio de Janeiro | 
qs-310162-180 | University of Milan | https://www.google.com.hk/?gws_rd=cr,ssl#safe=strict&q=qs-310162-180 University of Milan | 
qs-310162-181 | University of Barcelona | https://www.google.com.hk/?gws_rd=cr,ssl#safe=strict&q=qs-310162-181 University of Barcelona | 
qs-310162-182 | Albert-Ludwigs-Universitaet Freiburg | https://www.google.com.hk/?gws_rd=cr,ssl#safe=strict&q=qs-310162-182 Albert-Ludwigs-Universitaet Freiburg | 
qs-310162-183 | Université Joseph Fourier - Grenoble 1 | https://www.google.com.hk/?gws_rd=cr,ssl#safe=strict&q=qs-310162-183 Université Joseph Fourier - Grenoble 1 | 
qs-310162-184 | Universite libre de Bruxelles | https://www.google.com.hk/?gws_rd=cr,ssl#safe=strict&q=qs-310162-184 Universite libre de Bruxelles | 
qs-310162-185 | Université Paul Sabatier Toulouse III | https://www.google.com.hk/?gws_rd=cr,ssl#safe=strict&q=qs-310162-185 Université Paul Sabatier Toulouse III | 
qs-310162-186 | Universiti Sains Malaysia (USM) | https://www.google.com.hk/?gws_rd=cr,ssl#safe=strict&q=qs-310162-186 Universiti Sains Malaysia (USM) | 
qs-310162-187 | University College Dublin | https://www.google.com.hk/?gws_rd=cr,ssl#safe=strict&q=qs-310162-187 University College Dublin | 
qs-310162-188 | University of Bath | https://www.google.com.hk/?gws_rd=cr,ssl#safe=strict&q=qs-310162-188 University of Bath | 
qs-310162-189 | University of Florida | https://www.google.com.hk/?gws_rd=cr,ssl#safe=strict&q=qs-310162-189 University of Florida | 
qs-310162-190 | University of Illinois, Chicago (UIC) | https://www.google.com.hk/?gws_rd=cr,ssl#safe=strict&q=qs-310162-190 University of Illinois, Chicago (UIC) | 
qs-310162-191 | University of North Carolina, Chapel Hill | https://www.google.com.hk/?gws_rd=cr,ssl#safe=strict&q=qs-310162-191 University of North Carolina, Chapel Hill | 
qs-310162-192 | University of Oslo | https://www.google.com.hk/?gws_rd=cr,ssl#safe=strict&q=qs-310162-192 University of Oslo | 
qs-310162-193 | University of Southampton | https://www.google.com.hk/?gws_rd=cr,ssl#safe=strict&q=qs-310162-193 University of Southampton | 
qs-310162-194 | University of Southern California | https://www.google.com.hk/?gws_rd=cr,ssl#safe=strict&q=qs-310162-194 University of Southern California | 
qs-310162-195 | University of Warsaw  | https://www.google.com.hk/?gws_rd=cr,ssl#safe=strict&q=qs-310162-195 University of Warsaw  | 
qs-310162-196 | Uppsala University | https://www.google.com.hk/?gws_rd=cr,ssl#safe=strict&q=qs-310162-196 Uppsala University | 
qs-310162-197 | Vanderbilt University | https://www.google.com.hk/?gws_rd=cr,ssl#safe=strict&q=qs-310162-197 Vanderbilt University | 
qs-310162-198 | Waseda University | https://www.google.com.hk/?gws_rd=cr,ssl#safe=strict&q=qs-310162-198 Waseda University | 
qs-310162-199 | Weizmann Institute of Science | https://www.google.com.hk/?gws_rd=cr,ssl#safe=strict&q=qs-310162-199 Weizmann Institute of Science | 
qs-310162-200 | Wuhan University | https://www.google.com.hk/?gws_rd=cr,ssl#safe=strict&q=qs-310162-200 Wuhan University | 
qs-310162-201 | Babes-Bolyai University | https://www.google.com.hk/?gws_rd=cr,ssl#safe=strict&q=qs-310162-201 Babes-Bolyai University | 
qs-310162-202 | Beijing Normal University  | https://www.google.com.hk/?gws_rd=cr,ssl#safe=strict&q=qs-310162-202 Beijing Normal University  | 
qs-310162-203 | Budapest University of Technology and Economics | https://www.google.com.hk/?gws_rd=cr,ssl#safe=strict&q=qs-310162-203 Budapest University of Technology and Economics | 
qs-310162-204 | Cardiff University | https://www.google.com.hk/?gws_rd=cr,ssl#safe=strict&q=qs-310162-204 Cardiff University | 
qs-310162-205 | CentraleSupélec | https://www.google.com.hk/?gws_rd=cr,ssl#safe=strict&q=qs-310162-205 CentraleSupélec | 
qs-310162-206 | City University of New York | https://www.google.com.hk/?gws_rd=cr,ssl#safe=strict&q=qs-310162-206 City University of New York | 
qs-310162-207 | Czech Technical University in Prague | https://www.google.com.hk/?gws_rd=cr,ssl#safe=strict&q=qs-310162-207 Czech Technical University in Prague | 
qs-310162-208 | Durham University | https://www.google.com.hk/?gws_rd=cr,ssl#safe=strict&q=qs-310162-208 Durham University | 
qs-310162-209 | Eberhard Karls Universität Tübingen | https://www.google.com.hk/?gws_rd=cr,ssl#safe=strict&q=qs-310162-209 Eberhard Karls Universität Tübingen | 
qs-310162-210 | Ecole Normale Supérieure de Cachan | https://www.google.com.hk/?gws_rd=cr,ssl#safe=strict&q=qs-310162-210 Ecole Normale Supérieure de Cachan | 
qs-310162-211 | Harbin Institute of Technology | https://www.google.com.hk/?gws_rd=cr,ssl#safe=strict&q=qs-310162-211 Harbin Institute of Technology | 
qs-310162-212 | Hokkaido University | https://www.google.com.hk/?gws_rd=cr,ssl#safe=strict&q=qs-310162-212 Hokkaido University | 
qs-310162-213 | Indian Institute of Technology Kharagpur (IIT-KGP) | https://www.google.com.hk/?gws_rd=cr,ssl#safe=strict&q=qs-310162-213 Indian Institute of Technology Kharagpur (IIT-KGP) | 
qs-310162-214 | Instituto Politécnico Nacional (IPN) | https://www.google.com.hk/?gws_rd=cr,ssl#safe=strict&q=qs-310162-214 Instituto Politécnico Nacional (IPN) | 
qs-310162-215 | King Abdulaziz University (KAU) | https://www.google.com.hk/?gws_rd=cr,ssl#safe=strict&q=qs-310162-215 King Abdulaziz University (KAU) | 
qs-310162-216 | King Saud University | https://www.google.com.hk/?gws_rd=cr,ssl#safe=strict&q=qs-310162-216 King Saud University | 
qs-310162-217 | Leibniz Universität Hannover | https://www.google.com.hk/?gws_rd=cr,ssl#safe=strict&q=qs-310162-217 Leibniz Universität Hannover | 
qs-310162-218 | Leiden University | https://www.google.com.hk/?gws_rd=cr,ssl#safe=strict&q=qs-310162-218 Leiden University | 
qs-310162-219 | Massey University | https://www.google.com.hk/?gws_rd=cr,ssl#safe=strict&q=qs-310162-219 Massey University | 
qs-310162-220 | National Technical University of Athens | https://www.google.com.hk/?gws_rd=cr,ssl#safe=strict&q=qs-310162-220 National Technical University of Athens | 
qs-310162-221 | Northeastern University | https://www.google.com.hk/?gws_rd=cr,ssl#safe=strict&q=qs-310162-221 Northeastern University | 
qs-310162-222 | Queen`s University at Kingston | https://www.google.com.hk/?gws_rd=cr,ssl#safe=strict&q=qs-310162-222 Queen`s University at Kingston | 
qs-310162-223 | Stockholm University | https://www.google.com.hk/?gws_rd=cr,ssl#safe=strict&q=qs-310162-223 Stockholm University | 
qs-310162-224 | TU Dortmund University | https://www.google.com.hk/?gws_rd=cr,ssl#safe=strict&q=qs-310162-224 TU Dortmund University | 
qs-310162-225 | Technische Universität Dresden | https://www.google.com.hk/?gws_rd=cr,ssl#safe=strict&q=qs-310162-225 Technische Universität Dresden | 
qs-310162-226 | Graz University of Technology | https://www.google.com.hk/?gws_rd=cr,ssl#safe=strict&q=qs-310162-226 Graz University of Technology | 
qs-310162-227 | The University of Sheffield | https://www.google.com.hk/?gws_rd=cr,ssl#safe=strict&q=qs-310162-227 The University of Sheffield | 
qs-310162-228 | The University of Western Australia | https://www.google.com.hk/?gws_rd=cr,ssl#safe=strict&q=qs-310162-228 The University of Western Australia | 
qs-310162-229 | Trinity College Dublin, The University of Dublin | https://www.google.com.hk/?gws_rd=cr,ssl#safe=strict&q=qs-310162-229 Trinity College Dublin, The University of Dublin | 
qs-310162-230 | Universidad Carlos III de Madrid (UC3M) | https://www.google.com.hk/?gws_rd=cr,ssl#safe=strict&q=qs-310162-230 Universidad Carlos III de Madrid (UC3M) | 
qs-310162-231 | University of Granada | https://www.google.com.hk/?gws_rd=cr,ssl#safe=strict&q=qs-310162-231 University of Granada | 
qs-310162-232 | University of Naples - Federico II | https://www.google.com.hk/?gws_rd=cr,ssl#safe=strict&q=qs-310162-232 University of Naples - Federico II | 
qs-310162-233 | Università degli Studi di Pavia | https://www.google.com.hk/?gws_rd=cr,ssl#safe=strict&q=qs-310162-233 Università degli Studi di Pavia | 
qs-310162-234 | Universität Bielefeld | https://www.google.com.hk/?gws_rd=cr,ssl#safe=strict&q=qs-310162-234 Universität Bielefeld | 
qs-310162-235 | Friedrich-Alexander-Universität Erlangen-Nürnberg | https://www.google.com.hk/?gws_rd=cr,ssl#safe=strict&q=qs-310162-235 Friedrich-Alexander-Universität Erlangen-Nürnberg | 
qs-310162-236 | Université du Québec | https://www.google.com.hk/?gws_rd=cr,ssl#safe=strict&q=qs-310162-236 Université du Québec | 
qs-310162-237 | Université Nice Sophia-Antipolis | https://www.google.com.hk/?gws_rd=cr,ssl#safe=strict&q=qs-310162-237 Université Nice Sophia-Antipolis | 
qs-310162-238 | Universiti Kebangsaan Malaysia (UKM) | https://www.google.com.hk/?gws_rd=cr,ssl#safe=strict&q=qs-310162-238 Universiti Kebangsaan Malaysia (UKM) | 
qs-310162-239 | Universiti Teknologi Malaysia  | https://www.google.com.hk/?gws_rd=cr,ssl#safe=strict&q=qs-310162-239 Universiti Teknologi Malaysia  | 
qs-310162-240 | The University of Arizona | https://www.google.com.hk/?gws_rd=cr,ssl#safe=strict&q=qs-310162-240 The University of Arizona | 
qs-310162-241 | University of Calgary | https://www.google.com.hk/?gws_rd=cr,ssl#safe=strict&q=qs-310162-241 University of Calgary | 
qs-310162-242 | University of Canterbury | https://www.google.com.hk/?gws_rd=cr,ssl#safe=strict&q=qs-310162-242 University of Canterbury | 
qs-310162-243 | Ghent University | https://www.google.com.hk/?gws_rd=cr,ssl#safe=strict&q=qs-310162-243 Ghent University | 
qs-310162-244 | The University of Newcastle, Australia (UoN) | https://www.google.com.hk/?gws_rd=cr,ssl#safe=strict&q=qs-310162-244 The University of Newcastle, Australia (UoN) | 
qs-310162-245 | University of Pittsburgh | https://www.google.com.hk/?gws_rd=cr,ssl#safe=strict&q=qs-310162-245 University of Pittsburgh | 
qs-310162-246 | University of Science and Technology Beijing | https://www.google.com.hk/?gws_rd=cr,ssl#safe=strict&q=qs-310162-246 University of Science and Technology Beijing | 
qs-310162-247 | University of Technology Sydney | https://www.google.com.hk/?gws_rd=cr,ssl#safe=strict&q=qs-310162-247 University of Technology Sydney | 
qs-310162-248 | The University of Tennessee, Knoxville | https://www.google.com.hk/?gws_rd=cr,ssl#safe=strict&q=qs-310162-248 The University of Tennessee, Knoxville | 
qs-310162-249 | University of Victoria | https://www.google.com.hk/?gws_rd=cr,ssl#safe=strict&q=qs-310162-249 University of Victoria | 
qs-310162-250 | Virginia Polytechnic Institute and State University | https://www.google.com.hk/?gws_rd=cr,ssl#safe=strict&q=qs-310162-250 Virginia Polytechnic Institute and State University | 
qs-310162-251 | The University of Western Ontario | https://www.google.com.hk/?gws_rd=cr,ssl#safe=strict&q=qs-310162-251 The University of Western Ontario | 
qs-310162-252 | Westfälische Wilhelms-Universitat Münster  | https://www.google.com.hk/?gws_rd=cr,ssl#safe=strict&q=qs-310162-252 Westfälische Wilhelms-Universitat Münster  | 
qs-310162-253 | York University | https://www.google.com.hk/?gws_rd=cr,ssl#safe=strict&q=qs-310162-253 York University | 
qs-310162-254 | East China Normal University | https://www.google.com.hk/?gws_rd=cr,ssl#safe=strict&q=qs-310162-254 East China Normal University | 
qs-310162-255 | Eötvös Lorànd University    | https://www.google.com.hk/?gws_rd=cr,ssl#safe=strict&q=qs-310162-255 Eötvös Lorànd University    | 
qs-310162-256 | Heriot-Watt University | https://www.google.com.hk/?gws_rd=cr,ssl#safe=strict&q=qs-310162-256 Heriot-Watt University | 
qs-310162-257 | Huazhong University of Science and Technology | https://www.google.com.hk/?gws_rd=cr,ssl#safe=strict&q=qs-310162-257 Huazhong University of Science and Technology | 
qs-310162-258 | Johannes Kepler University Linz | https://www.google.com.hk/?gws_rd=cr,ssl#safe=strict&q=qs-310162-258 Johannes Kepler University Linz | 
qs-310162-259 | Keio University | https://www.google.com.hk/?gws_rd=cr,ssl#safe=strict&q=qs-310162-259 Keio University | 
qs-310162-260 | Lancaster University | https://www.google.com.hk/?gws_rd=cr,ssl#safe=strict&q=qs-310162-260 Lancaster University | 
qs-310162-261 | Linköping University | https://www.google.com.hk/?gws_rd=cr,ssl#safe=strict&q=qs-310162-261 Linköping University | 
qs-310162-262 | Loughborough University | https://www.google.com.hk/?gws_rd=cr,ssl#safe=strict&q=qs-310162-262 Loughborough University | 
qs-310162-263 | Moscow Institute of Physics and Technology (MIPT / Moscow Phystech) | https://www.google.com.hk/?gws_rd=cr,ssl#safe=strict&q=qs-310162-263 Moscow Institute of Physics and Technology (MIPT / Moscow Phystech) | 
qs-310162-264 | Nankai University | https://www.google.com.hk/?gws_rd=cr,ssl#safe=strict&q=qs-310162-264 Nankai University | 
qs-310162-265 | National Research University Higher School of Economics (HSE, Moscow) | https://www.google.com.hk/?gws_rd=cr,ssl#safe=strict&q=qs-310162-265 National Research University Higher School of Economics (HSE, Moscow) | 
qs-310162-265 | National Sun Yat-sen University | https://www.google.com.hk/?gws_rd=cr,ssl#safe=strict&q=qs-310162-265 National Sun Yat-sen University | 
qs-310162-266 | Politécnica de Madrid | https://www.google.com.hk/?gws_rd=cr,ssl#safe=strict&q=qs-310162-266 Politécnica de Madrid | 
qs-310162-267 | Shandong University | https://www.google.com.hk/?gws_rd=cr,ssl#safe=strict&q=qs-310162-267 Shandong University | 
qs-310162-268 | Sichuan University | https://www.google.com.hk/?gws_rd=cr,ssl#safe=strict&q=qs-310162-268 Sichuan University | 
qs-310162-269 | Sun Yat-sen University | https://www.google.com.hk/?gws_rd=cr,ssl#safe=strict&q=qs-310162-269 Sun Yat-sen University | 
qs-310162-270 | Universidad de Sevilla | https://www.google.com.hk/?gws_rd=cr,ssl#safe=strict&q=qs-310162-270 Universidad de Sevilla | 
qs-310162-271 | Universidad Politècnica de València | https://www.google.com.hk/?gws_rd=cr,ssl#safe=strict&q=qs-310162-271 Universidad Politècnica de València | 
qs-310162-272 | Universidade Federal de Minas Gerais       | https://www.google.com.hk/?gws_rd=cr,ssl#safe=strict&q=qs-310162-272 Universidade Federal de Minas Gerais       | 
qs-310162-273 | University of Florence | https://www.google.com.hk/?gws_rd=cr,ssl#safe=strict&q=qs-310162-273 University of Florence | 
qs-310162-274 | University of Turin | https://www.google.com.hk/?gws_rd=cr,ssl#safe=strict&q=qs-310162-274 University of Turin | 
qs-310162-275 | Universität Duisburg-Essen | https://www.google.com.hk/?gws_rd=cr,ssl#safe=strict&q=qs-310162-275 Universität Duisburg-Essen | 
qs-310162-276 | Universität Hamburg | https://www.google.com.hk/?gws_rd=cr,ssl#safe=strict&q=qs-310162-276 Universität Hamburg | 
qs-310162-277 | University of Cologne | https://www.google.com.hk/?gws_rd=cr,ssl#safe=strict&q=qs-310162-277 University of Cologne | 
qs-310162-278 | Universität  Leipzig | https://www.google.com.hk/?gws_rd=cr,ssl#safe=strict&q=qs-310162-278 Universität  Leipzig | 
qs-310162-279 | Université de Montpellier  | https://www.google.com.hk/?gws_rd=cr,ssl#safe=strict&q=qs-310162-279 Université de Montpellier  | 
qs-310162-280 | Université Lille 1, Sciences et Technologies | https://www.google.com.hk/?gws_rd=cr,ssl#safe=strict&q=qs-310162-280 Université Lille 1, Sciences et Technologies | 
qs-310162-281 | Universiti Malaya (UM) | https://www.google.com.hk/?gws_rd=cr,ssl#safe=strict&q=qs-310162-281 Universiti Malaya (UM) | 
qs-310162-282 | Universiti Putra Malaysia (UPM) | https://www.google.com.hk/?gws_rd=cr,ssl#safe=strict&q=qs-310162-282 Universiti Putra Malaysia (UPM) | 
qs-310162-283 | University of Aberdeen | https://www.google.com.hk/?gws_rd=cr,ssl#safe=strict&q=qs-310162-283 University of Aberdeen | 
qs-310162-284 | University of Antwerp | https://www.google.com.hk/?gws_rd=cr,ssl#safe=strict&q=qs-310162-284 University of Antwerp | 
qs-310162-285 | University of Basel | https://www.google.com.hk/?gws_rd=cr,ssl#safe=strict&q=qs-310162-285 University of Basel | 
qs-310162-286 | University of Bucharest | https://www.google.com.hk/?gws_rd=cr,ssl#safe=strict&q=qs-310162-286 University of Bucharest | 
qs-310162-287 | University of Cape Town | https://www.google.com.hk/?gws_rd=cr,ssl#safe=strict&q=qs-310162-287 University of Cape Town | 
qs-310162-288 | University of Coimbra | https://www.google.com.hk/?gws_rd=cr,ssl#safe=strict&q=qs-310162-288 University of Coimbra | 
qs-310162-289 | University of Groningen | https://www.google.com.hk/?gws_rd=cr,ssl#safe=strict&q=qs-310162-289 University of Groningen | 
qs-310162-290 | University of Houston | https://www.google.com.hk/?gws_rd=cr,ssl#safe=strict&q=qs-310162-290 University of Houston | 
qs-310162-291 | University of Iowa | https://www.google.com.hk/?gws_rd=cr,ssl#safe=strict&q=qs-310162-291 University of Iowa | 
qs-310162-292 | University of Notre Dame | https://www.google.com.hk/?gws_rd=cr,ssl#safe=strict&q=qs-310162-292 University of Notre Dame | 
qs-310162-293 | University of Otago | https://www.google.com.hk/?gws_rd=cr,ssl#safe=strict&q=qs-310162-293 University of Otago | 
qs-310162-294 | University of St Andrews | https://www.google.com.hk/?gws_rd=cr,ssl#safe=strict&q=qs-310162-294 University of St Andrews | 
qs-310162-295 | University of Twente | https://www.google.com.hk/?gws_rd=cr,ssl#safe=strict&q=qs-310162-295 University of Twente | 
qs-310162-296 | University of Virginia | https://www.google.com.hk/?gws_rd=cr,ssl#safe=strict&q=qs-310162-296 University of Virginia | 
qs-310162-297 | University of York | https://www.google.com.hk/?gws_rd=cr,ssl#safe=strict&q=qs-310162-297 University of York | 
qs-310162-298 | Ural Federal University  | https://www.google.com.hk/?gws_rd=cr,ssl#safe=strict&q=qs-310162-298 Ural Federal University  | 
qs-310162-299 | Xi’an Jiaotong University | https://www.google.com.hk/?gws_rd=cr,ssl#safe=strict&q=qs-310162-299 Xi’an Jiaotong University | 
qs-310162-300 | Yeungnam University  | https://www.google.com.hk/?gws_rd=cr,ssl#safe=strict&q=qs-310162-300 Yeungnam University  | 
qs-310162-301 | Aalborg University | https://www.google.com.hk/?gws_rd=cr,ssl#safe=strict&q=qs-310162-301 Aalborg University | 
qs-310162-302 | Aristotle University of Thessaloniki | https://www.google.com.hk/?gws_rd=cr,ssl#safe=strict&q=qs-310162-302 Aristotle University of Thessaloniki | 
qs-310162-303 | Bauman Moscow State Technical University | https://www.google.com.hk/?gws_rd=cr,ssl#safe=strict&q=qs-310162-303 Bauman Moscow State Technical University | 
qs-310162-304 | Beihang University (former BUAA) | https://www.google.com.hk/?gws_rd=cr,ssl#safe=strict&q=qs-310162-304 Beihang University (former BUAA) | 
qs-310162-305 | Beijing Jiaotong University | https://www.google.com.hk/?gws_rd=cr,ssl#safe=strict&q=qs-310162-305 Beijing Jiaotong University | 
qs-310162-306 | Beijing University of Technology | https://www.google.com.hk/?gws_rd=cr,ssl#safe=strict&q=qs-310162-306 Beijing University of Technology | 
qs-310162-307 | Ben Gurion University of The Negev | https://www.google.com.hk/?gws_rd=cr,ssl#safe=strict&q=qs-310162-307 Ben Gurion University of The Negev | 
qs-310162-308 | Brno University of Technology | https://www.google.com.hk/?gws_rd=cr,ssl#safe=strict&q=qs-310162-308 Brno University of Technology | 
qs-310162-309 | Brunel University London | https://www.google.com.hk/?gws_rd=cr,ssl#safe=strict&q=qs-310162-309 Brunel University London | 
qs-310162-310 | Cairo University | https://www.google.com.hk/?gws_rd=cr,ssl#safe=strict&q=qs-310162-310 Cairo University | 
qs-310162-311 | Carleton University | https://www.google.com.hk/?gws_rd=cr,ssl#safe=strict&q=qs-310162-311 Carleton University | 
qs-310162-312 | Chulalongkorn University | https://www.google.com.hk/?gws_rd=cr,ssl#safe=strict&q=qs-310162-312 Chulalongkorn University | 
qs-310162-313 | City University London | https://www.google.com.hk/?gws_rd=cr,ssl#safe=strict&q=qs-310162-313 City University London | 
qs-310162-314 | Concordia University | https://www.google.com.hk/?gws_rd=cr,ssl#safe=strict&q=qs-310162-314 Concordia University | 
qs-310162-315 | Curtin University | https://www.google.com.hk/?gws_rd=cr,ssl#safe=strict&q=qs-310162-315 Curtin University | 
qs-310162-316 | Dalhousie University | https://www.google.com.hk/?gws_rd=cr,ssl#safe=strict&q=qs-310162-316 Dalhousie University | 
qs-310162-317 | Dalian University of Technology | https://www.google.com.hk/?gws_rd=cr,ssl#safe=strict&q=qs-310162-317 Dalian University of Technology | 
qs-310162-318 | Dartmouth College | https://www.google.com.hk/?gws_rd=cr,ssl#safe=strict&q=qs-310162-318 Dartmouth College | 
qs-310162-319 | Florida State University | https://www.google.com.hk/?gws_rd=cr,ssl#safe=strict&q=qs-310162-319 Florida State University | 
qs-310162-320 | Hanyang University | https://www.google.com.hk/?gws_rd=cr,ssl#safe=strict&q=qs-310162-320 Hanyang University | 
qs-310162-321 | Indian Institute of Technology Roorkee (IITR) | https://www.google.com.hk/?gws_rd=cr,ssl#safe=strict&q=qs-310162-321 Indian Institute of Technology Roorkee (IITR) | 
qs-310162-322 | Indian Statistical Institute | https://www.google.com.hk/?gws_rd=cr,ssl#safe=strict&q=qs-310162-322 Indian Statistical Institute | 
qs-310162-323 | Iowa State University | https://www.google.com.hk/?gws_rd=cr,ssl#safe=strict&q=qs-310162-323 Iowa State University | 
qs-310162-324 | Jagiellonian University | https://www.google.com.hk/?gws_rd=cr,ssl#safe=strict&q=qs-310162-324 Jagiellonian University | 
qs-310162-325 | Karl-Franzens-Universitaet Graz | https://www.google.com.hk/?gws_rd=cr,ssl#safe=strict&q=qs-310162-325 Karl-Franzens-Universitaet Graz | 
qs-310162-326 | Kazan (Volga region) Federal University | https://www.google.com.hk/?gws_rd=cr,ssl#safe=strict&q=qs-310162-326 Kazan (Volga region) Federal University | 
qs-310162-327 | Kobe University | https://www.google.com.hk/?gws_rd=cr,ssl#safe=strict&q=qs-310162-327 Kobe University | 
qs-310162-328 | Kyungpook National University | https://www.google.com.hk/?gws_rd=cr,ssl#safe=strict&q=qs-310162-328 Kyungpook National University | 
qs-310162-329 | Lahore University of Management Sciences (LUMS) | https://www.google.com.hk/?gws_rd=cr,ssl#safe=strict&q=qs-310162-329 Lahore University of Management Sciences (LUMS) | 
qs-310162-330 | Laval University | https://www.google.com.hk/?gws_rd=cr,ssl#safe=strict&q=qs-310162-330 Laval University | 
qs-310162-331 | Macquarie University | https://www.google.com.hk/?gws_rd=cr,ssl#safe=strict&q=qs-310162-331 Macquarie University | 
qs-310162-332 | Middle East Technical University | https://www.google.com.hk/?gws_rd=cr,ssl#safe=strict&q=qs-310162-332 Middle East Technical University | 
qs-310162-333 | National and Kapodistrian University of Athens | https://www.google.com.hk/?gws_rd=cr,ssl#safe=strict&q=qs-310162-333 National and Kapodistrian University of Athens | 
qs-310162-334 | National Central University | https://www.google.com.hk/?gws_rd=cr,ssl#safe=strict&q=qs-310162-334 National Central University | 
qs-310162-335 | National Research Nuclear University MEPhI (Moscow Engineering Physics Institute) | https://www.google.com.hk/?gws_rd=cr,ssl#safe=strict&q=qs-310162-335 National Research Nuclear University MEPhI (Moscow Engineering Physics Institute) | 
qs-310162-336 | National University of Ireland, Galway | https://www.google.com.hk/?gws_rd=cr,ssl#safe=strict&q=qs-310162-336 National University of Ireland, Galway | 
qs-310162-337 | Pontifícia Universidade Católica do Rio de Janeiro | https://www.google.com.hk/?gws_rd=cr,ssl#safe=strict&q=qs-310162-337 Pontifícia Universidade Católica do Rio de Janeiro | 
qs-310162-338 | Pusan National University | https://www.google.com.hk/?gws_rd=cr,ssl#safe=strict&q=qs-310162-338 Pusan National University | 
qs-310162-339 | Quaid-i-Azam University | https://www.google.com.hk/?gws_rd=cr,ssl#safe=strict&q=qs-310162-339 Quaid-i-Azam University | 
qs-310162-340 | Rensselaer Polytechnic Institute | https://www.google.com.hk/?gws_rd=cr,ssl#safe=strict&q=qs-310162-340 Rensselaer Polytechnic Institute | 
qs-310162-341 | RMIT University | https://www.google.com.hk/?gws_rd=cr,ssl#safe=strict&q=qs-310162-341 RMIT University | 
qs-310162-342 | Ruhr-Universität Bochum | https://www.google.com.hk/?gws_rd=cr,ssl#safe=strict&q=qs-310162-342 Ruhr-Universität Bochum | 
qs-310162-343 | Scuola Superiore Sant'Anna Pisa di Studi Universitari e di Perfezionamento | https://www.google.com.hk/?gws_rd=cr,ssl#safe=strict&q=qs-310162-343 Scuola Superiore Sant'Anna Pisa di Studi Universitari e di Perfezionamento | 
qs-310162-344 | Southeast University | https://www.google.com.hk/?gws_rd=cr,ssl#safe=strict&q=qs-310162-344 Southeast University | 
qs-310162-345 | Stony Brook University, State University of New York | https://www.google.com.hk/?gws_rd=cr,ssl#safe=strict&q=qs-310162-345 Stony Brook University, State University of New York | 
qs-310162-346 | Swansea University | https://www.google.com.hk/?gws_rd=cr,ssl#safe=strict&q=qs-310162-346 Swansea University | 
qs-310162-347 | Taras Shevchenko National University of Kyiv | https://www.google.com.hk/?gws_rd=cr,ssl#safe=strict&q=qs-310162-347 Taras Shevchenko National University of Kyiv | 
qs-310162-348 | Tokyo University of Science | https://www.google.com.hk/?gws_rd=cr,ssl#safe=strict&q=qs-310162-348 Tokyo University of Science | 
qs-310162-349 | Tongji University | https://www.google.com.hk/?gws_rd=cr,ssl#safe=strict&q=qs-310162-349 Tongji University | 
qs-310162-350 | Universidad de los Andes | https://www.google.com.hk/?gws_rd=cr,ssl#safe=strict&q=qs-310162-350 Universidad de los Andes | 
qs-310162-351 | Universidad de Santiago de Chile (USACH) | https://www.google.com.hk/?gws_rd=cr,ssl#safe=strict&q=qs-310162-351 Universidad de Santiago de Chile (USACH) | 
qs-310162-352 | Universidad de Zaragoza | https://www.google.com.hk/?gws_rd=cr,ssl#safe=strict&q=qs-310162-352 Universidad de Zaragoza | 
qs-310162-353 | Universidad Nacional de Colombia | https://www.google.com.hk/?gws_rd=cr,ssl#safe=strict&q=qs-310162-353 Universidad Nacional de Colombia | 
qs-310162-354 | Universidade de Brasilia  | https://www.google.com.hk/?gws_rd=cr,ssl#safe=strict&q=qs-310162-354 Universidade de Brasilia  | 
qs-310162-355 | Universidade de Santiago de Compostela | https://www.google.com.hk/?gws_rd=cr,ssl#safe=strict&q=qs-310162-355 Universidade de Santiago de Compostela | 
qs-310162-356 | Universidade Federal de Pernambuco(UFPE)  | https://www.google.com.hk/?gws_rd=cr,ssl#safe=strict&q=qs-310162-356 Universidade Federal de Pernambuco(UFPE)  | 
qs-310162-357 | Universidade Nova de Lisboa | https://www.google.com.hk/?gws_rd=cr,ssl#safe=strict&q=qs-310162-357 Universidade Nova de Lisboa | 
qs-310162-358 | University of Genoa | https://www.google.com.hk/?gws_rd=cr,ssl#safe=strict&q=qs-310162-358 University of Genoa | 
qs-310162-359 | University of Trento | https://www.google.com.hk/?gws_rd=cr,ssl#safe=strict&q=qs-310162-359 University of Trento | 
qs-310162-360 | University of Trieste | https://www.google.com.hk/?gws_rd=cr,ssl#safe=strict&q=qs-310162-360 University of Trieste | 
qs-310162-361 | Universität Bremen | https://www.google.com.hk/?gws_rd=cr,ssl#safe=strict&q=qs-310162-361 Universität Bremen | 
qs-310162-362 | Universitat de Valencia | https://www.google.com.hk/?gws_rd=cr,ssl#safe=strict&q=qs-310162-362 Universitat de Valencia | 
qs-310162-363 | Universität Frankfurt am Main | https://www.google.com.hk/?gws_rd=cr,ssl#safe=strict&q=qs-310162-363 Universität Frankfurt am Main | 
qs-310162-364 | Universität Jena | https://www.google.com.hk/?gws_rd=cr,ssl#safe=strict&q=qs-310162-364 Universität Jena | 
qs-310162-365 | Aix-Marseille University | https://www.google.com.hk/?gws_rd=cr,ssl#safe=strict&q=qs-310162-365 Aix-Marseille University | 
qs-310162-366 | University of Bordeaux | https://www.google.com.hk/?gws_rd=cr,ssl#safe=strict&q=qs-310162-366 University of Bordeaux | 
qs-310162-367 | Université de Rennes 1 | https://www.google.com.hk/?gws_rd=cr,ssl#safe=strict&q=qs-310162-367 Université de Rennes 1 | 
qs-310162-368 | Université de Strasbourg | https://www.google.com.hk/?gws_rd=cr,ssl#safe=strict&q=qs-310162-368 Université de Strasbourg | 
qs-310162-369 | Université Paris 1 Panthéon-Sorbonne  | https://www.google.com.hk/?gws_rd=cr,ssl#safe=strict&q=qs-310162-369 Université Paris 1 Panthéon-Sorbonne  | 
qs-310162-370 | Université Paris 13 Nord | https://www.google.com.hk/?gws_rd=cr,ssl#safe=strict&q=qs-310162-370 Université Paris 13 Nord | 
qs-310162-371 | University of Belgrade | https://www.google.com.hk/?gws_rd=cr,ssl#safe=strict&q=qs-310162-371 University of Belgrade | 
qs-310162-372 | University of Bergen | https://www.google.com.hk/?gws_rd=cr,ssl#safe=strict&q=qs-310162-372 University of Bergen | 
qs-310162-373 | University of California, Santa Cruz | https://www.google.com.hk/?gws_rd=cr,ssl#safe=strict&q=qs-310162-373 University of California, Santa Cruz | 
qs-310162-374 | University of Debrecen | https://www.google.com.hk/?gws_rd=cr,ssl#safe=strict&q=qs-310162-374 University of Debrecen | 
qs-310162-375 | University of Delhi | https://www.google.com.hk/?gws_rd=cr,ssl#safe=strict&q=qs-310162-375 University of Delhi | 
qs-310162-376 | University of Jyväskylä | https://www.google.com.hk/?gws_rd=cr,ssl#safe=strict&q=qs-310162-376 University of Jyväskylä | 
qs-310162-377 | University of Leicester | https://www.google.com.hk/?gws_rd=cr,ssl#safe=strict&q=qs-310162-377 University of Leicester | 
qs-310162-378 | University of Lisbon  | https://www.google.com.hk/?gws_rd=cr,ssl#safe=strict&q=qs-310162-378 University of Lisbon  | 
qs-310162-379 | University of Liverpool | https://www.google.com.hk/?gws_rd=cr,ssl#safe=strict&q=qs-310162-379 University of Liverpool | 
qs-310162-380 | University of Ljubljana | https://www.google.com.hk/?gws_rd=cr,ssl#safe=strict&q=qs-310162-380 University of Ljubljana | 
qs-310162-381 | University of Massachusetts Amherst | https://www.google.com.hk/?gws_rd=cr,ssl#safe=strict&q=qs-310162-381 University of Massachusetts Amherst | 
qs-310162-382 | University of Milano-Bicocca  | https://www.google.com.hk/?gws_rd=cr,ssl#safe=strict&q=qs-310162-382 University of Milano-Bicocca  | 
qs-310162-383 | University of Ottawa | https://www.google.com.hk/?gws_rd=cr,ssl#safe=strict&q=qs-310162-383 University of Ottawa | 
qs-310162-384 | University of Porto | https://www.google.com.hk/?gws_rd=cr,ssl#safe=strict&q=qs-310162-384 University of Porto | 
qs-310162-385 | University of Rochester | https://www.google.com.hk/?gws_rd=cr,ssl#safe=strict&q=qs-310162-385 University of Rochester | 
qs-310162-386 | University of South Australia | https://www.google.com.hk/?gws_rd=cr,ssl#safe=strict&q=qs-310162-386 University of South Australia | 
qs-310162-387 | University of South Carolina | https://www.google.com.hk/?gws_rd=cr,ssl#safe=strict&q=qs-310162-387 University of South Carolina | 
qs-310162-388 | University of Strathclyde | https://www.google.com.hk/?gws_rd=cr,ssl#safe=strict&q=qs-310162-388 University of Strathclyde | 
qs-310162-389 | University of Surrey | https://www.google.com.hk/?gws_rd=cr,ssl#safe=strict&q=qs-310162-389 University of Surrey | 
qs-310162-390 | University of Sussex | https://www.google.com.hk/?gws_rd=cr,ssl#safe=strict&q=qs-310162-390 University of Sussex | 
qs-310162-391 | University of Texas Arlington  | https://www.google.com.hk/?gws_rd=cr,ssl#safe=strict&q=qs-310162-391 University of Texas Arlington  | 
qs-310162-392 | University of Texas Dallas  | https://www.google.com.hk/?gws_rd=cr,ssl#safe=strict&q=qs-310162-392 University of Texas Dallas  | 
qs-310162-393 | University of Tsukuba | https://www.google.com.hk/?gws_rd=cr,ssl#safe=strict&q=qs-310162-393 University of Tsukuba | 
qs-310162-394 | University of Utah | https://www.google.com.hk/?gws_rd=cr,ssl#safe=strict&q=qs-310162-394 University of Utah | 
qs-310162-395 | University of Wollongong | https://www.google.com.hk/?gws_rd=cr,ssl#safe=strict&q=qs-310162-395 University of Wollongong | 
qs-310162-396 | Victoria University of Wellington | https://www.google.com.hk/?gws_rd=cr,ssl#safe=strict&q=qs-310162-396 Victoria University of Wellington | 
qs-310162-397 | Vrije Universiteit Amsterdam | https://www.google.com.hk/?gws_rd=cr,ssl#safe=strict&q=qs-310162-397 Vrije Universiteit Amsterdam | 
qs-310162-398 | Vrije Universiteit Brussel (VUB) | https://www.google.com.hk/?gws_rd=cr,ssl#safe=strict&q=qs-310162-398 Vrije Universiteit Brussel (VUB) | 
qs-310162-399 | Warsaw University of Technology | https://www.google.com.hk/?gws_rd=cr,ssl#safe=strict&q=qs-310162-399 Warsaw University of Technology | 
qs-310162-400 | Washington University in St. Louis | https://www.google.com.hk/?gws_rd=cr,ssl#safe=strict&q=qs-310162-400 Washington University in St. Louis | 
qs-310162-401 | Xiamen University | https://www.google.com.hk/?gws_rd=cr,ssl#safe=strict&q=qs-310162-401 Xiamen University | 
