mas-a-15-1-1 | Paul Terwilliger | http://academic.research.microsoft.com/Author/417711/paul-terwilliger | organization:University of Wisconsin Madison
mas-a-15-1-2 | David E. Radford | http://academic.research.microsoft.com/Author/12783179/david-e-radford | organization:University of Illinois Chicago
mas-a-15-1-3 | William M. Kantor | http://academic.research.microsoft.com/Author/1835414/william-m-kantor | organization:University of Oregon
mas-a-15-1-4 | Godfrey Harold Hardy | http://academic.research.microsoft.com/Author/240967/godfrey-harold-hardy | organization:University of Cambridge
mas-a-15-1-5 | Robert M. Guralnick | http://academic.research.microsoft.com/Author/12831078/robert-m-guralnick | organization:University of Southern California
mas-a-15-1-6 | Hans Jurgen Schneider | http://academic.research.microsoft.com/Author/380215/hans-jurgen-schneider | organization:University of Wisconsin Madison
mas-a-15-1-7 | Martin W. Liebeck | http://academic.research.microsoft.com/Author/265280/martin-w-liebeck | organization:Imperial College London
mas-a-15-1-8 | James J. Zhang | http://academic.research.microsoft.com/Author/47511316/james-j-zhang | organization:Shanghai University
mas-a-15-1-9 | David W. Rees | http://academic.research.microsoft.com/Author/1273267/david-w-rees | organization:University of Glamorgan
mas-a-15-1-10 | Kazumasa Nomura (野村和正) | http://academic.research.microsoft.com/Author/3487827/kazumasa-nomura | organization:Tokyo Medical and Dental University
mas-a-15-1-11 | Shahn Majid | http://academic.research.microsoft.com/Author/420501/shahn-majid | organization:Queen Mary University of London
mas-a-15-1-12 | Chi-Kwong Li | http://academic.research.microsoft.com/Author/457686/chi-kwong-li | organization:University of Hong Kong
mas-a-15-1-13 | Miroslav Fiedler | http://academic.research.microsoft.com/Author/1982022/miroslav-fiedler | organization:Academy of Sciences of the Czech Republic
mas-a-15-1-14 | Israel Gohberg | http://academic.research.microsoft.com/Author/1153072/israel-gohberg | organization:Tel Aviv University
mas-a-15-1-15 | Alexei G. Myasnikov | http://academic.research.microsoft.com/Author/541945/alexei-g-myasnikov | organization:Stevens Institute of Technology
mas-a-15-1-16 | Ken Goodearl | http://academic.research.microsoft.com/Author/2277701/ken-goodearl | organization:University of California Santa Barbara
mas-a-15-1-17 | JAN SAXL | http://academic.research.microsoft.com/Author/444315/jan-saxl | organization:University of Cambridge
mas-a-15-1-18 | Paul Van Dooren | http://academic.research.microsoft.com/Author/820103/paul-van-dooren | organization:Université Catholique de Louvain
mas-a-15-1-19 | Bernhard Banaschewski | http://academic.research.microsoft.com/Author/718708/bernhard-banaschewski | organization:McMaster University
mas-a-15-1-20 | Ludwig Elsner | http://academic.research.microsoft.com/Author/553506/ludwig-elsner | organization:University of Bielefeld
mas-a-15-1-21 | Peter Semrl (Peter Šemrl) | http://academic.research.microsoft.com/Author/12804008/peter-semrl | organization:University of Ljubljana
mas-a-15-1-22 | Harald Niederreiter | http://academic.research.microsoft.com/Author/2056105/harald-niederreiter | organization:National University of Singapore
mas-a-15-1-23 | Michael Aschbacher | http://academic.research.microsoft.com/Author/10503511/michael-aschbacher | organization:California Institute of Technology
mas-a-15-1-24 | Anthony V. Geramita | http://academic.research.microsoft.com/Author/590594/anthony-v-geramita | organization:Queen's University Kingston
mas-a-15-1-25 | Aurelio Carboni | http://academic.research.microsoft.com/Author/1370463/aurelio-carboni | organization:Università degli Studi dell'Insubria Varese e Como
mas-a-15-1-26 | Michael Atiyah | http://academic.research.microsoft.com/Author/2652594/michael-atiyah | organization:University of Edinburgh
mas-a-15-1-27 | David Eisenbud | http://academic.research.microsoft.com/Author/1306805/david-eisenbud | organization:University of California Berkeley
mas-a-15-1-28 | Maurice Auslander | http://academic.research.microsoft.com/Author/2662609/maurice-auslander | organization:Brandeis University
mas-a-15-1-29 | Charles R. Johnson | http://academic.research.microsoft.com/Author/10668168/charles-r-johnson | organization:College of William & Mary
mas-a-15-1-30 | V. A. Solonnikov | http://academic.research.microsoft.com/Author/7595754/v-a-solonnikov | organization:Russian Academy of Sciences
mas-a-15-1-31 | Michael H. Neumann | http://academic.research.microsoft.com/Author/17918155/michael-h-neumann | organization:University of Connecticut
mas-a-15-1-32 | I. Martin Isaacs | http://academic.research.microsoft.com/Author/12551189/i-martin-isaacs | organization:University of Wisconsin Madison
mas-a-15-1-33 | Ralph Mckenzie | http://academic.research.microsoft.com/Author/1098449/ralph-mckenzie | organization:Vanderbilt University
mas-a-15-1-34 | Charles Alfred Coulson (C. A. Coulson) | http://academic.research.microsoft.com/Author/18057810/charles-alfred-coulson | organization:University of Oxford
mas-a-15-1-35 | Kevin McCrimmon | http://academic.research.microsoft.com/Author/12802169/kevin-mccrimmon | organization:University of Virginia
mas-a-15-1-36 | K. I. Beidar | http://academic.research.microsoft.com/Author/7455153/k-i-beidar | organization:National Cheng Kung University, Taiwan
mas-a-15-1-37 | KARIN ERDMANN | http://academic.research.microsoft.com/Author/1623030/karin-erdmann | organization:University of Oxford
mas-a-15-1-38 | Ibrahim Assem | http://academic.research.microsoft.com/Author/422710/ibrahim-assem | organization:Université de Sherbrooke
mas-a-15-1-39 | Kaiming Zhao | http://academic.research.microsoft.com/Author/182715/kaiming-zhao | organization:Wilfrid Laurier University
mas-a-15-1-40 | Jon F. Carlson | http://academic.research.microsoft.com/Author/140892/jon-f-carlson | organization:University of Georgia
mas-a-15-1-41 | Walter Tholen | http://academic.research.microsoft.com/Author/1173969/walter-tholen | organization:York University
mas-a-15-1-42 | John Edensor Littlewood | http://academic.research.microsoft.com/Author/12599963/john-edensor-littlewood | organization:University of Cambridge
mas-a-15-1-43 | Peter J. Cameron | http://academic.research.microsoft.com/Author/722044/peter-j-cameron | organization:Queen Mary University of London
mas-a-15-1-44 | Eamonn A. O'brien | http://academic.research.microsoft.com/Author/9528006/eamonn-a-o-brien | organization:University of Auckland
mas-a-15-1-45 | M. S. Bartlett | http://academic.research.microsoft.com/Author/56406360/m-s-bartlett | organization:University College London
mas-a-15-1-46 | Takayuki Hibi (日比孝之) | http://academic.research.microsoft.com/Author/290289/takayuki-hibi | organization:Osaka University
mas-a-15-1-47 | Aron Simis | http://academic.research.microsoft.com/Author/285850/aron-simis | organization:Universidade Federal de Pernambuco
mas-a-15-1-48 | Michel Van den Bergh | http://academic.research.microsoft.com/Author/668339/michel-van-den-bergh | organization:University of Bonn
mas-a-15-1-49 | Nicholas J. Higham | http://academic.research.microsoft.com/Author/1209736/nicholas-j-higham | organization:University of Manchester
mas-a-15-1-50 | Pere Ara | http://academic.research.microsoft.com/Author/1173760/pere-ara | organization:Universitat Autònoma de Barcelona
mas-a-15-1-51 | IDUN REITEN | http://academic.research.microsoft.com/Author/2662612/idun-reiten | organization:Norwegian University of Science & Technology
mas-a-15-1-52 | Jurgen Herzog (Jürgen Herzog) | http://academic.research.microsoft.com/Author/34122417/jurgen-herzog | organization:University of Bergen
mas-a-15-1-53 | Walter Douglas Munn | http://academic.research.microsoft.com/Author/12891016/walter-douglas-munn | organization:University of Bergen
mas-a-15-1-54 | Edward Formanek | http://academic.research.microsoft.com/Author/10840737/edward-formanek | organization:Hebrew University of Jerusalem
mas-a-15-1-55 | Ilya Kapovich | http://academic.research.microsoft.com/Author/739198/ilya-kapovich | organization:University of Illinois Urbana Champaign
mas-a-15-1-56 | Freddy Van Oystaeyen | http://academic.research.microsoft.com/Author/154548/freddy-van-oystaeyen | organization:University of Antwerp
mas-a-15-1-57 | Leiba Rodman | http://academic.research.microsoft.com/Author/1002533/leiba-rodman | organization:College of William & Mary
mas-a-15-1-58 | Shmuel Friedland | http://academic.research.microsoft.com/Author/888884/shmuel-friedland | organization:University of Illinois Chicago
mas-a-15-1-59 | Stephen J. Kirkland | http://academic.research.microsoft.com/Author/26023/stephen-j-kirkland | organization:University of Manitoba
mas-a-15-1-60 | Robert A. Wilson | http://academic.research.microsoft.com/Author/241964/robert-a-wilson | organization:Queen Mary University of London
mas-a-15-1-61 | Dikran Dikranjan | http://academic.research.microsoft.com/Author/2084061/dikran-dikranjan | organization:Università degli Studi di Udine
mas-a-15-1-62 | Alberto Elduque | http://academic.research.microsoft.com/Author/52820391/alberto-elduque | organization:Universidad de Zaragoza
mas-a-15-1-63 | Daniel Hershkowitz | http://academic.research.microsoft.com/Author/892861/daniel-hershkowitz | organization:Technion Israel Institute of Technology
mas-a-15-1-64 | Charles R. Johnson | http://academic.research.microsoft.com/Author/47419028/charles-r-johnson | organization:College of William & Mary
mas-a-15-1-65 | Yi-Min Wei | http://academic.research.microsoft.com/Author/53249543/yi-min-wei | organization:Fudan University
mas-a-15-1-66 | Paul Erdos (Paul Erdös) | http://academic.research.microsoft.com/Author/1112639/paul-erdos | organization:Fudan University
mas-a-15-1-67 | Cheryl E. Praeger | http://academic.research.microsoft.com/Author/1480057/cheryl-e-praeger | organization:University of Western Australia
mas-a-15-1-68 | Mikhail A. Chebotar | http://academic.research.microsoft.com/Author/3973702/mikhail-a-chebotar | organization:Kent State University
mas-a-15-1-69 | Lance W. Small | http://academic.research.microsoft.com/Author/4333118/lance-w-small | organization:University of California San Diego
mas-a-15-1-70 | Anthony D. Joseph | http://academic.research.microsoft.com/Author/969128/anthony-d-joseph | organization:Pace University
mas-a-15-1-71 | George Janelidze | http://academic.research.microsoft.com/Author/1115345/george-janelidze | organization:University of Cape Town
mas-a-15-1-72 | D. R. Heath-Brown | http://academic.research.microsoft.com/Author/518883/d-r-heath-brown | organization:University of Oxford
mas-a-15-1-73 | Robert Wisbauer | http://academic.research.microsoft.com/Author/3661721/robert-wisbauer | organization:Heinrich Heine University Düsseldorf
mas-a-15-1-74 | John Frank Charles Kingman | http://academic.research.microsoft.com/Author/1023092/john-frank-charles-kingman | organization:Isaac Newton Institute for Mathematical Sciences
mas-a-15-1-75 | Eugene E. Tyrtyshnikov | http://academic.research.microsoft.com/Author/1268865/eugene-e-tyrtyshnikov | organization:Russian Academy of Sciences
mas-a-15-1-76 | Yucai Su (苏育才) | http://academic.research.microsoft.com/Author/6297050/yucai-su | organization:University of Science & Technology of China
mas-a-15-1-77 | Tomasz Brzezinski | http://academic.research.microsoft.com/Author/8694126/tomasz-brzezinski | organization:Swansea University
mas-a-15-1-78 | Brian Hartley | http://academic.research.microsoft.com/Author/12886238/brian-hartley | organization:Nova Southeastern University
mas-a-15-1-79 | William Keith Nicholson | http://academic.research.microsoft.com/Author/13055562/william-keith-nicholson | organization:University of Calgary
mas-a-15-1-80 | Jan Trlifaj | http://academic.research.microsoft.com/Author/573948/jan-trlifaj | organization:Charles University
mas-a-15-1-81 | Nam-Kiu Tsing | http://academic.research.microsoft.com/Author/12536028/nam-kiu-tsing | organization:University of Hong Kong
mas-a-15-1-82 | Max Born | http://academic.research.microsoft.com/Author/51171644/max-born | organization:University of Hong Kong
mas-a-15-1-83 | Fritz J. Grunewald | http://academic.research.microsoft.com/Author/546747/fritz-j-grunewald | organization:Heinrich Heine University Düsseldorf
mas-a-15-1-84 | Alexander S. Kleshchev | http://academic.research.microsoft.com/Author/598678/alexander-s-kleshchev | organization:University of Oregon
mas-a-15-1-85 | D. D. Anderson | http://academic.research.microsoft.com/Author/47669482/d-d-anderson | organization:University of Iowa
mas-a-15-1-86 | J. M. Hammersley | http://academic.research.microsoft.com/Author/1884769/j-m-hammersley | organization:University of Oxford
mas-a-15-1-87 | Tatsuro Ito (伊藤達郎) | http://academic.research.microsoft.com/Author/3444681/tatsuro-ito | organization:Kanazawa University
mas-a-15-1-88 | David F. Anderson | http://academic.research.microsoft.com/Author/12866719/david-f-anderson | organization:University of Tennessee Knoxville
mas-a-15-1-89 | Meinolf Geck | http://academic.research.microsoft.com/Author/862308/meinolf-geck | organization:University of Aberdeen
mas-a-15-1-90 | M. S. Bartlett | http://academic.research.microsoft.com/Author/12762451/m-s-bartlett | organization:University of Hertfordshire
mas-a-15-1-91 | Thomas Kailath | http://academic.research.microsoft.com/Author/293271/thomas-kailath | organization:Stanford University
mas-a-15-1-92 | Graeme Kelly | http://academic.research.microsoft.com/Author/1004381/graeme-kelly | organization:University of Limerick
mas-a-15-1-93 | Gene H. Golub | http://academic.research.microsoft.com/Author/796234/gene-h-golub | organization:Stanford University
mas-a-15-1-94 | F. Ursell | http://academic.research.microsoft.com/Author/12820652/f-ursell | organization:Stanford University
mas-a-15-1-95 | Robert C. Thompson | http://academic.research.microsoft.com/Author/12806744/robert-c-thompson | organization:University of California Santa Barbara
mas-a-15-1-96 | LeRoy B. Beasley | http://academic.research.microsoft.com/Author/12788810/leroy-b-beasley | organization:Utah State University
mas-a-15-1-97 | Yiqiang Zhou | http://academic.research.microsoft.com/Author/3914447/yiqiang-zhou | organization:Memorial University of Newfoundland
mas-a-15-1-98 | George Mark Bergman | http://academic.research.microsoft.com/Author/1636579/george-mark-bergman | organization:University of California Berkeley
mas-a-15-1-99 | Stefaan Caenepeel | http://academic.research.microsoft.com/Author/2555356/stefaan-caenepeel | organization:Free University of Brussels
mas-a-15-1-100 | W. N. Bailey | http://academic.research.microsoft.com/Author/1492055/w-n-bailey | organization:Free University of Brussels
