mas-a-2-21-1 | William Stafford Noble | http://academic.research.microsoft.com/Author/191683/william-stafford-noble | organization:University of Washington
mas-a-2-21-2 | Pavel Pevzner | http://academic.research.microsoft.com/Author/1549771/pavel-pevzner | organization:University of California San Diego
mas-a-2-21-3 | Ron Shamir | http://academic.research.microsoft.com/Author/727023/ron-shamir | organization:Tel Aviv University
mas-a-2-21-4 | Satoru Miyano (宮野悟) | http://academic.research.microsoft.com/Author/169508/satoru-miyano | organization:University of Tokyo
mas-a-2-21-5 | Roded Sharan | http://academic.research.microsoft.com/Author/602962/roded-sharan | organization:Tel Aviv University
mas-a-2-21-6 | David Haussler | http://academic.research.microsoft.com/Author/333732/david-haussler | organization:University of California Santa Cruz
mas-a-2-21-7 | Martin Vingron | http://academic.research.microsoft.com/Author/434023/martin-vingron | organization:Max Planck Gesellschaft
mas-a-2-21-8 | Thomas Lengauer | http://academic.research.microsoft.com/Author/1675622/thomas-lengauer | organization:Max Planck Gesellschaft
mas-a-2-21-9 | Sean R. Eddy | http://academic.research.microsoft.com/Author/1473272/sean-r-eddy | organization:Howard Hughes Medical Institute
mas-a-2-21-10 | Pierre Baldi | http://academic.research.microsoft.com/Author/512746/pierre-baldi | organization:University of California Irvine
mas-a-2-21-11 | Gary Stormo | http://academic.research.microsoft.com/Author/703934/gary-stormo | organization:Washington University in St. Louis
mas-a-2-21-12 | Nir Friedman | http://academic.research.microsoft.com/Author/1207329/nir-friedman | organization:Hebrew University of Jerusalem
mas-a-2-21-13 | Anders Krogh | http://academic.research.microsoft.com/Author/171184/anders-krogh | organization:University of Copenhagen
mas-a-2-21-14 | Edward Dougherty | http://academic.research.microsoft.com/Author/219934/edward-dougherty | organization:Texas A&M University
mas-a-2-21-15 | Rolf Apweiler | http://academic.research.microsoft.com/Author/1297783/rolf-apweiler | organization:European Bioinformatics Institute EMBL
mas-a-2-21-16 | Richard Manning Karp | http://academic.research.microsoft.com/Author/219003/richard-manning-karp | organization:University of California Berkeley
mas-a-2-21-17 | Peter F. Stadler | http://academic.research.microsoft.com/Author/136539/peter-f-stadler | organization:University of Leipzig
mas-a-2-21-18 | Alfonso Valencia | http://academic.research.microsoft.com/Author/333362/alfonso-valencia | organization:Centro Nacional de Investigaciones Oncológicas
mas-a-2-21-19 | Carol Friedman | http://academic.research.microsoft.com/Author/1846090/carol-friedman | organization:Columbia University
mas-a-2-21-20 | Robert Stevens | http://academic.research.microsoft.com/Author/232694/robert-stevens | organization:University of Manchester
mas-a-2-21-21 | Burkhard Rost | http://academic.research.microsoft.com/Author/319805/burkhard-rost | organization:Columbia University
mas-a-2-21-22 | Peter Karp | http://academic.research.microsoft.com/Author/218780/peter-karp | organization:SRI International
mas-a-2-21-23 | Russ B. Altman | http://academic.research.microsoft.com/Author/30847/russ-b-altman | organization:Stanford University
mas-a-2-21-24 | Mark Gerstein | http://academic.research.microsoft.com/Author/984673/mark-gerstein | organization:Yale University
mas-a-2-21-25 | Bernard Moret | http://academic.research.microsoft.com/Author/148886/bernard-moret | organization:University of New Mexico
mas-a-2-21-26 | Michael Waterman | http://academic.research.microsoft.com/Author/772250/michael-waterman | organization:University of Southern California
mas-a-2-21-27 | Webb C. Miller | http://academic.research.microsoft.com/Author/2314571/webb-c-miller | organization:Pennsylvania State University
mas-a-2-21-28 | Tandy J. Warnow | http://academic.research.microsoft.com/Author/18038471/tandy-j-warnow | organization:University of Texas Austin
mas-a-2-21-29 | Ralf Zimmer | http://academic.research.microsoft.com/Author/1233196/ralf-zimmer | organization:University of Texas Austin
mas-a-2-21-30 | Limsoon Wong | http://academic.research.microsoft.com/Author/2341760/limsoon-wong | organization:National University of Singapore
mas-a-2-21-31 | Rita Casadio | http://academic.research.microsoft.com/Author/1317854/rita-casadio | organization:Università di Bologna
mas-a-2-21-32 | Vineet Bafna | http://academic.research.microsoft.com/Author/879281/vineet-bafna | organization:University of California San Diego
mas-a-2-21-33 | Soren Brunak | http://academic.research.microsoft.com/Author/42083/soren-brunak | organization:Technical University of Denmark
mas-a-2-21-34 | Christos Ouzounis | http://academic.research.microsoft.com/Author/1118488/christos-ouzounis | organization:European Bioinformatics Institute EMBL
mas-a-2-21-35 | Chris Sander | http://academic.research.microsoft.com/Author/358445/chris-sander | organization:Sloan Kettering Memorial Cancer Center
mas-a-2-21-36 | John G. Webster | http://academic.research.microsoft.com/Author/46464563/john-g-webster | organization:University of Wisconsin Madison
mas-a-2-21-37 | David Sankoff | http://academic.research.microsoft.com/Author/1290389/david-sankoff | organization:University of Ottawa
mas-a-2-21-38 | Ying Xu | http://academic.research.microsoft.com/Author/47416978/ying-xu | organization:Beijing University of Posts & Telecommunications
mas-a-2-21-39 | Dan Gusfield | http://academic.research.microsoft.com/Author/779347/dan-gusfield | organization:University of California Davis
mas-a-2-21-40 | Vimla L. Patel | http://academic.research.microsoft.com/Author/2236033/vimla-l-patel | organization:Texas Medical Center
mas-a-2-21-41 | Piero Fariselli | http://academic.research.microsoft.com/Author/69519/piero-fariselli | organization:Università di Bologna
mas-a-2-21-42 | Ivo L. Hofacker | http://academic.research.microsoft.com/Author/641289/ivo-l-hofacker | organization:University of Vienna
mas-a-2-21-43 | Jun S. Liu | http://academic.research.microsoft.com/Author/54951882/jun-s-liu | organization:Harvard University
mas-a-2-21-44 | Andrey Rzhetsky | http://academic.research.microsoft.com/Author/177908/andrey-rzhetsky | organization:University of Chicago
mas-a-2-21-45 | Carole Goble | http://academic.research.microsoft.com/Author/829389/carole-goble | organization:University of Manchester
mas-a-2-21-46 | Ting Chen | http://academic.research.microsoft.com/Author/1202585/ting-chen | organization:University of Southern California
mas-a-2-21-47 | Andy Brass | http://academic.research.microsoft.com/Author/739415/andy-brass | organization:University of Manchester
mas-a-2-21-48 | George M. Church | http://academic.research.microsoft.com/Author/2407329/george-m-church | organization:Harvard University
mas-a-2-21-49 | Philip E Bourne | http://academic.research.microsoft.com/Author/47061748/philip-e-bourne | organization:University of California San Diego
mas-a-2-21-50 | Jens Stoye | http://academic.research.microsoft.com/Author/158205/jens-stoye | organization:University of Bielefeld
mas-a-2-21-51 | Olivier Bodenreider | http://academic.research.microsoft.com/Author/1435525/olivier-bodenreider | organization:National Institutes of Health, United States
mas-a-2-21-52 | Eugene W. Myers | http://academic.research.microsoft.com/Author/559292/eugene-w-myers | organization:University of California Berkeley
mas-a-2-21-53 | Robert Giegerich | http://academic.research.microsoft.com/Author/2481057/robert-giegerich | organization:University of Bielefeld
mas-a-2-21-54 | David Ross Gilbert | http://academic.research.microsoft.com/Author/212385/david-ross-gilbert | organization:University of California Los Angeles
mas-a-2-21-55 | Bonnie G. Berger | http://academic.research.microsoft.com/Author/753318/bonnie-g-berger | organization:Massachusetts Institute of Technology
mas-a-2-21-56 | Olga G. Troyanskaya | http://academic.research.microsoft.com/Author/762174/olga-g-troyanskaya | organization:Princeton University
mas-a-2-21-57 | Bart De Moor | http://academic.research.microsoft.com/Author/2159147/bart-de-moor | organization:Catholic University of Leuven
mas-a-2-21-58 | Daniel Huson | http://academic.research.microsoft.com/Author/190150/daniel-huson | organization:University of Tübingen
mas-a-2-21-59 | Minoru Kanehisa (金久實) | http://academic.research.microsoft.com/Author/896796/minoru-kanehisa | organization:Kyoto University
mas-a-2-21-60 | Sorin Istrail | http://academic.research.microsoft.com/Author/551835/sorin-istrail | organization:Brown University
mas-a-2-21-61 | Michael Q. Zhang | http://academic.research.microsoft.com/Author/55484093/michael-q-zhang | organization:Cold Spring Harbor Laboratory
mas-a-2-21-62 | Timothy Bailey | http://academic.research.microsoft.com/Author/184896/timothy-bailey | organization:University of Queensland
mas-a-2-21-63 | Lior Pachter | http://academic.research.microsoft.com/Author/1362736/lior-pachter | organization:University of California Berkeley
mas-a-2-21-64 | Burkhard Morgenstern | http://academic.research.microsoft.com/Author/476710/burkhard-morgenstern | organization:Gesellschaft für Wissenschaftliche Datenverarbeitung Gottingen
mas-a-2-21-65 | Isaac S. Kohane | http://academic.research.microsoft.com/Author/47754500/isaac-s-kohane | organization:Harvard University
mas-a-2-21-66 | Richard Durbin | http://academic.research.microsoft.com/Author/363015/richard-durbin | organization:Wellcome Trust Sanger Institute
mas-a-2-21-67 | Jill P. Mesirov | http://academic.research.microsoft.com/Author/1230377/jill-p-mesirov | organization:Massachusetts Institute of Technology
mas-a-2-21-68 | David Botstein | http://academic.research.microsoft.com/Author/2239044/david-botstein | organization:Princeton University
mas-a-2-21-69 | Nitish V. Thakor | http://academic.research.microsoft.com/Author/12610331/nitish-v-thakor | organization:Johns Hopkins University
mas-a-2-21-70 | Lawrence E. Hunter | http://academic.research.microsoft.com/Author/29512/lawrence-e-hunter | organization:University of Colorado Denver
mas-a-2-21-71 | Tao Jiang | http://academic.research.microsoft.com/Author/3315393/tao-jiang | organization:Huazhong University of Science & Technology
mas-a-2-21-72 | Seiya Imoto (井元清哉) | http://academic.research.microsoft.com/Author/719964/seiya-imoto | organization:University of Tokyo
mas-a-2-21-73 | Mikhail Gelfand | http://academic.research.microsoft.com/Author/308343/mikhail-gelfand | organization:Institute for Information Transmission Problems RAS
mas-a-2-21-74 | Atul J. Butte | http://academic.research.microsoft.com/Author/634056/atul-j-butte | organization:Stanford University
mas-a-2-21-75 | Joaquin Dopazo (Joaquín Dopazo) | http://academic.research.microsoft.com/Author/222508/joaquin-dopazo | organization:Centro de Investigación Príncipe Felipe
mas-a-2-21-76 | Knut Reinert | http://academic.research.microsoft.com/Author/1134065/knut-reinert | organization:Free University of Berlin
mas-a-2-21-77 | Ming Li | http://academic.research.microsoft.com/Author/47547853/ming-li | organization:Deakin University
mas-a-2-21-78 | Fengzhu Sun | http://academic.research.microsoft.com/Author/44403527/fengzhu-sun | organization:University of Southern California
mas-a-2-21-79 | Douglas L. Brutlag | http://academic.research.microsoft.com/Author/342099/douglas-l-brutlag | organization:Stanford University
mas-a-2-21-80 | Steven Salzberg | http://academic.research.microsoft.com/Author/574680/steven-salzberg | organization:Johns Hopkins University
mas-a-2-21-81 | W. John Wilbur | http://academic.research.microsoft.com/Author/808677/w-john-wilbur | organization:NanoScale Corporation
mas-a-2-21-82 | Yves Moreau | http://academic.research.microsoft.com/Author/1444813/yves-moreau | organization:Catholic University of Leuven
mas-a-2-21-83 | Yves Van De Peer | http://academic.research.microsoft.com/Author/214868/yves-van-de-peer | organization:Ghent University
mas-a-2-21-84 | Joachim Selbig | http://academic.research.microsoft.com/Author/975655/joachim-selbig | organization:German National Research Center for Computer Science (GMD)
mas-a-2-21-85 | Jean-Philippe Vert | http://academic.research.microsoft.com/Author/1332892/jean-philippe-vert | organization:Mines ParisTech
mas-a-2-21-86 | Alexander J. Hartemink | http://academic.research.microsoft.com/Author/2101878/alexander-j-hartemink | organization:Duke University
mas-a-2-21-87 | Trey Ideker | http://academic.research.microsoft.com/Author/655120/trey-ideker | organization:University of California San Diego
mas-a-2-21-88 | Terence P. Speed | http://academic.research.microsoft.com/Author/177919/terence-p-speed | organization:Walter and Eliza Hall Institute
mas-a-2-21-89 | Michael B. Eisen | http://academic.research.microsoft.com/Author/2426738/michael-b-eisen | organization:University of California Berkeley
mas-a-2-21-90 | Alan R. Aronson | http://academic.research.microsoft.com/Author/288024/alan-r-aronson | organization:National Institutes of Health, United States
mas-a-2-21-91 | Martin Tompa | http://academic.research.microsoft.com/Author/1643286/martin-tompa | organization:University of Washington
mas-a-2-21-92 | Anne Bergeron | http://academic.research.microsoft.com/Author/7736054/anne-bergeron | organization:Université du Quebec Montreal
mas-a-2-21-93 | Richard Hughey | http://academic.research.microsoft.com/Author/330296/richard-hughey | organization:University of California Santa Cruz
mas-a-2-21-94 | Eric Lander | http://academic.research.microsoft.com/Author/1272548/eric-lander | organization:University of California Santa Cruz
mas-a-2-21-95 | Korbinian Strimmer | http://academic.research.microsoft.com/Author/238011/korbinian-strimmer | organization:University of Leipzig
mas-a-2-21-96 | Tatsuya Akutsu (阿久津達也) | http://academic.research.microsoft.com/Author/276899/tatsuya-akutsu | organization:Kyoto University
mas-a-2-21-97 | Wing-kin Sung | http://academic.research.microsoft.com/Author/751765/wing-kin-sung | organization:National University of Singapore
mas-a-2-21-98 | Marie-France Sagot | http://academic.research.microsoft.com/Author/7736055/marie-france-sagot | organization:The French National Institute for Research in Computer Science and Control
mas-a-2-21-99 | Mathieu Blanchette | http://academic.research.microsoft.com/Author/808293/mathieu-blanchette | organization:McGill University
mas-a-2-21-100 | Ruth Nussinov | http://academic.research.microsoft.com/Author/10676168/ruth-nussinov | organization:National Institutes of Health, United States
