mas-a-2-11-1 | Andrew Zisserman | http://academic.research.microsoft.com/Author/252484/andrew-zisserman | organization:University of Oxford
mas-a-2-11-2 | Takeo Kanade (金出武雄) | http://academic.research.microsoft.com/Author/112413/takeo-kanade | organization:Carnegie Mellon University
mas-a-2-11-3 | Richard Szeliski | http://academic.research.microsoft.com/Author/1619119/richard-szeliski | organization:Microsoft
mas-a-2-11-4 | Olivier D. Faugeras | http://academic.research.microsoft.com/Author/503167/olivier-d-faugeras | organization:The French National Institute for Research in Computer Science and Control
mas-a-2-11-5 | Luc Van Gool | http://academic.research.microsoft.com/Author/35533/luc-van-gool | organization:Swiss Federal Institute of Technology Zurich
mas-a-2-11-6 | Alex Pentland | http://academic.research.microsoft.com/Author/343120/alex-pentland | organization:Massachusetts Institute of Technology
mas-a-2-11-7 | Shree Nayar | http://academic.research.microsoft.com/Author/1289258/shree-nayar | organization:Columbia University
mas-a-2-11-8 | Andrew Blake | http://academic.research.microsoft.com/Author/1323658/andrew-blake | organization:Microsoft
mas-a-2-11-9 | Jitendra Malik | http://academic.research.microsoft.com/Author/51113/jitendra-malik | organization:University of California Berkeley
mas-a-2-11-10 | Cordelia Schmid | http://academic.research.microsoft.com/Author/761974/cordelia-schmid | organization:The French National Institute for Research in Computer Science and Control
mas-a-2-11-11 | Michael Black | http://academic.research.microsoft.com/Author/1702230/michael-black | organization:Max Planck Gesellschaft
mas-a-2-11-12 | Larry Davis | http://academic.research.microsoft.com/Author/1336583/larry-davis | organization:University of Maryland
mas-a-2-11-13 | Christopher J. Taylor | http://academic.research.microsoft.com/Author/34076/christopher-j-taylor | organization:University of Manchester
mas-a-2-11-14 | Timothy F. Cootes | http://academic.research.microsoft.com/Author/998864/timothy-f-cootes | organization:University of Manchester
mas-a-2-11-15 | Pietro Perona | http://academic.research.microsoft.com/Author/1780594/pietro-perona | organization:California Institute of Technology
mas-a-2-11-16 | Thomas S. Huang | http://academic.research.microsoft.com/Author/292834/thomas-s-huang | organization:University of Illinois Urbana Champaign
mas-a-2-11-17 | Roberto Cipolla | http://academic.research.microsoft.com/Author/159089/roberto-cipolla | organization:University of Cambridge
mas-a-2-11-18 | Mubarak Shah | http://academic.research.microsoft.com/Author/2479399/mubarak-shah | organization:University of Central Florida
mas-a-2-11-19 | Rachid Deriche | http://academic.research.microsoft.com/Author/1056492/rachid-deriche | organization:The French National Institute for Research in Computer Science and Control
mas-a-2-11-20 | Tomaso A. Poggio | http://academic.research.microsoft.com/Author/213912/tomaso-a-poggio | organization:Massachusetts Institute of Technology
mas-a-2-11-21 | William T. Freeman | http://academic.research.microsoft.com/Author/2237621/william-t-freeman | organization:Massachusetts Institute of Technology
mas-a-2-11-22 | Harry Shum (沈向洋) | http://academic.research.microsoft.com/Author/13914/harry-shum | organization:Microsoft
mas-a-2-11-23 | Trevor J. Darrell | http://academic.research.microsoft.com/Author/22691/trevor-j-darrell | organization:University of California Berkeley
mas-a-2-11-24 | Philip H. S. Torr | http://academic.research.microsoft.com/Author/68663/philip-h-s-torr | organization:Oxford Brookes University
mas-a-2-11-25 | Stefano Soatto | http://academic.research.microsoft.com/Author/505089/stefano-soatto | organization:University of California Los Angeles
mas-a-2-11-26 | Martial Hebert | http://academic.research.microsoft.com/Author/1722566/martial-hebert | organization:Carnegie Mellon University
mas-a-2-11-27 | Nicholas Ayache | http://academic.research.microsoft.com/Author/1894676/nicholas-ayache | organization:The French National Institute for Research in Computer Science and Control
mas-a-2-11-28 | Demetri Terzopoulos | http://academic.research.microsoft.com/Author/481789/demetri-terzopoulos | organization:University of California Los Angeles
mas-a-2-11-29 | Michal Irani | http://academic.research.microsoft.com/Author/1599078/michal-irani | organization:Weizmann Institute of Science
mas-a-2-11-30 | Rama Chellappa | http://academic.research.microsoft.com/Author/1539518/rama-chellappa | organization:University of Maryland
mas-a-2-11-31 | Joachim Weickert | http://academic.research.microsoft.com/Author/2311306/joachim-weickert | organization:Saarland University
mas-a-2-11-32 | Richard Hartley | http://academic.research.microsoft.com/Author/1271765/richard-hartley | organization:Australian National University
mas-a-2-11-33 | Alan Yuille | http://academic.research.microsoft.com/Author/2474519/alan-yuille | organization:University of California Los Angeles
mas-a-2-11-34 | David Forsyth | http://academic.research.microsoft.com/Author/1007812/david-forsyth | organization:University of Illinois Urbana Champaign
mas-a-2-11-35 | Micha Sharir | http://academic.research.microsoft.com/Author/508835/micha-sharir | organization:Tel Aviv University
mas-a-2-11-36 | Simon Baker | http://academic.research.microsoft.com/Author/913114/simon-baker | organization:Microsoft
mas-a-2-11-37 | Pascal Vitali Fua | http://academic.research.microsoft.com/Author/1952255/pascal-vitali-fua | organization:École Polytechnique Fédérale de Lausanne
mas-a-2-11-38 | Jean Ponce | http://academic.research.microsoft.com/Author/147087/jean-ponce | organization:École Normale Supérieure Paris
mas-a-2-11-39 | Ron Kimmel | http://academic.research.microsoft.com/Author/157897/ron-kimmel | organization:Technion Israel Institute of Technology
mas-a-2-11-40 | David Kriegman | http://academic.research.microsoft.com/Author/1940362/david-kriegman | organization:University of California San Diego
mas-a-2-11-41 | W. Eric L. Grimson | http://academic.research.microsoft.com/Author/266486/w-eric-l-grimson | organization:Massachusetts Institute of Technology
mas-a-2-11-42 | Bill Triggs | http://academic.research.microsoft.com/Author/377139/bill-triggs | organization:Institut Informatique et Mathématiques Appliquées de Grenoble
mas-a-2-11-43 | Ramakant Nevatia | http://academic.research.microsoft.com/Author/1212312/ramakant-nevatia | organization:University of Southern California
mas-a-2-11-44 | Amnon Shashua | http://academic.research.microsoft.com/Author/443190/amnon-shashua | organization:Hebrew University of Jerusalem
mas-a-2-11-45 | Aaron F. Bobick | http://academic.research.microsoft.com/Author/527800/aaron-f-bobick | organization:Georgia Institute of Technology
mas-a-2-11-46 | Dimitris N. Metaxas | http://academic.research.microsoft.com/Author/1213709/dimitris-n-metaxas | organization:Rutgers, The State University of New Jersey
mas-a-2-11-47 | Andrew W. Fitzgibbon | http://academic.research.microsoft.com/Author/10660874/andrew-w-fitzgibbon | organization:Microsoft
mas-a-2-11-48 | Carlo Tomasi | http://academic.research.microsoft.com/Author/641862/carlo-tomasi | organization:Duke University
mas-a-2-11-49 | Marc Pollefeys | http://academic.research.microsoft.com/Author/1053339/marc-pollefeys | organization:Swiss Federal Institute of Technology Zurich
mas-a-2-11-50 | Benjamin B. Kimia | http://academic.research.microsoft.com/Author/570934/benjamin-b-kimia | organization:Brown University
mas-a-2-11-51 | Berthold K. P. Horn | http://academic.research.microsoft.com/Author/1255378/berthold-k-p-horn | organization:Massachusetts Institute of Technology
mas-a-2-11-52 | Katsushi Ikeuchi (池内克史) | http://academic.research.microsoft.com/Author/184340/katsushi-ikeuchi | organization:University of Tokyo
mas-a-2-11-53 | Gerard G. Medioni (Gérard G. Medioni) | http://academic.research.microsoft.com/Author/1458799/gerard-g-medioni | organization:University of Southern California
mas-a-2-11-54 | Narendra Ahuja | http://academic.research.microsoft.com/Author/1448436/narendra-ahuja | organization:University of Illinois Urbana Champaign
mas-a-2-11-55 | Song Chun Zhu (朱松纯) | http://academic.research.microsoft.com/Author/133455/song-chun-zhu | organization:University of California Los Angeles
mas-a-2-11-56 | Zhengyou Zhang | http://academic.research.microsoft.com/Author/1186920/zhengyou-zhang | organization:Microsoft
mas-a-2-11-57 | Bernt Schiele | http://academic.research.microsoft.com/Author/1690421/bernt-schiele | organization:Max Planck Gesellschaft
mas-a-2-11-58 | Steven M. Seitz | http://academic.research.microsoft.com/Author/1381698/steven-m-seitz | organization:University of Washington
mas-a-2-11-59 | Peter Meer | http://academic.research.microsoft.com/Author/306436/peter-meer | organization:Rutgers, The State University of New Jersey
mas-a-2-11-60 | Peter N Belhumeur | http://academic.research.microsoft.com/Author/1643020/peter-n-belhumeur | organization:Columbia University
mas-a-2-11-61 | Daniel P. Huttenlocher | http://academic.research.microsoft.com/Author/708829/daniel-p-huttenlocher | organization:Cornell University
mas-a-2-11-62 | James A. Sethian | http://academic.research.microsoft.com/Author/238949/james-a-sethian | organization:University of California Berkeley
mas-a-2-11-63 | Josef Kittler | http://academic.research.microsoft.com/Author/707513/josef-kittler | organization:University of Surrey
mas-a-2-11-64 | Shaogang Gong | http://academic.research.microsoft.com/Author/652511/shaogang-gong | organization:Queen Mary University of London
mas-a-2-11-65 | Nikos Paragios | http://academic.research.microsoft.com/Author/38087/nikos-paragios | organization:École Centrale Paris
mas-a-2-11-66 | Stan Sclaroff | http://academic.research.microsoft.com/Author/758702/stan-sclaroff | organization:Boston University
mas-a-2-11-67 | Sing Bing Kang | http://academic.research.microsoft.com/Author/932237/sing-bing-kang | organization:Microsoft
mas-a-2-11-68 | Allan D. Jepson | http://academic.research.microsoft.com/Author/1440301/allan-d-jepson | organization:University of Toronto
mas-a-2-11-69 | P. Anandan | http://academic.research.microsoft.com/Author/1139297/p-anandan | organization:Microsoft
mas-a-2-11-70 | Ian David Reid | http://academic.research.microsoft.com/Author/1781924/ian-david-reid | organization:University of Oxford
mas-a-2-11-71 | Tony Lindeberg | http://academic.research.microsoft.com/Author/16391/tony-lindeberg | organization:Royal Institute of Technology
mas-a-2-11-72 | Ronen Basri | http://academic.research.microsoft.com/Author/1494662/ronen-basri | organization:Weizmann Institute of Science
mas-a-2-11-73 | Anil K. Jain | http://academic.research.microsoft.com/Author/429641/anil-k-jain | organization:Michigan State University
mas-a-2-11-74 | Tinne Tuytelaars | http://academic.research.microsoft.com/Author/2196257/tinne-tuytelaars | organization:Catholic University of Leuven
mas-a-2-11-75 | Jake K. Aggarwal | http://academic.research.microsoft.com/Author/2529549/jake-k-aggarwal | organization:University of Texas Austin
mas-a-2-11-76 | Guillermo Sapiro | http://academic.research.microsoft.com/Author/683649/guillermo-sapiro | organization:University of Minnesota
mas-a-2-11-77 | Michael Brady | http://academic.research.microsoft.com/Author/941290/michael-brady | organization:University of Oxford
mas-a-2-11-78 | Kevin Bowyer | http://academic.research.microsoft.com/Author/435849/kevin-bowyer | organization:University of Notre Dame
mas-a-2-11-79 | David W. Jacobs | http://academic.research.microsoft.com/Author/1078467/david-w-jacobs | organization:University of Maryland
mas-a-2-11-80 | David J. Fleet | http://academic.research.microsoft.com/Author/1103845/david-j-fleet | organization:University of Toronto
mas-a-2-11-81 | Hong-jiang Zhang (张宏江) | http://academic.research.microsoft.com/Author/951346/hong-jiang-zhang | organization:Kingsoft
mas-a-2-11-82 | Herbert Edelsbrunner | http://academic.research.microsoft.com/Author/999001/herbert-edelsbrunner | organization:Institute of Science and Technology Austria
mas-a-2-11-83 | David Lowe | http://academic.research.microsoft.com/Author/2199602/david-lowe | organization:University of British Columbia
mas-a-2-11-84 | Mohan Manubhai Trivedi | http://academic.research.microsoft.com/Author/146246/mohan-manubhai-trivedi | organization:University of California San Diego
mas-a-2-11-85 | Azriel Rosenfeld | http://academic.research.microsoft.com/Author/10539644/azriel-rosenfeld | organization:University of Maryland
mas-a-2-11-86 | Laurent D. Cohen | http://academic.research.microsoft.com/Author/2321616/laurent-d-cohen | organization:Paris Dauphine University
mas-a-2-11-87 | Steven Zucker | http://academic.research.microsoft.com/Author/1919189/steven-zucker | organization:Yale University
mas-a-2-11-88 | Dorin Comaniciu | http://academic.research.microsoft.com/Author/52135/dorin-comaniciu | organization:Siemens
mas-a-2-11-89 | Shmuel Peleg | http://academic.research.microsoft.com/Author/420/shmuel-peleg | organization:Hebrew University of Jerusalem
mas-a-2-11-90 | James L. Crowley | http://academic.research.microsoft.com/Author/565001/james-l-crowley | organization:Institut National De Recherche en Informatique et en Automatique Rhône Alpes
mas-a-2-11-91 | Bastian Leibe | http://academic.research.microsoft.com/Author/1449014/bastian-leibe | organization:Rheinisch Westfalische Technische Hochschule Aachen
mas-a-2-11-92 | Leonidas J. Guibas | http://academic.research.microsoft.com/Author/1267490/leonidas-j-guibas | organization:Stanford University
mas-a-2-11-93 | Paul Viola | http://academic.research.microsoft.com/Author/888826/paul-viola | organization:Microsoft
mas-a-2-11-94 | Kenichi Kanatani (金谷健一) | http://academic.research.microsoft.com/Author/701491/kenichi-kanatani | organization:Okayama University
mas-a-2-11-95 | Xiaoou Tang (湯曉鷗) | http://academic.research.microsoft.com/Author/2397022/xiaoou-tang | organization:Chinese University of Hong Kong
mas-a-2-11-96 | Daniel Cremers | http://academic.research.microsoft.com/Author/902020/daniel-cremers | organization:Technical University Munich
mas-a-2-11-97 | Anthony J. Yezzi | http://academic.research.microsoft.com/Author/153192/anthony-j-yezzi | organization:Georgia Institute of Technology
mas-a-2-11-98 | Robert Haralick | http://academic.research.microsoft.com/Author/655751/robert-haralick | organization:City University of New York
mas-a-2-11-99 | Ying Wu (吴郢) | http://academic.research.microsoft.com/Author/489209/ying-wu | organization:Northwestern University
mas-a-2-11-100 | Robert Collins | http://academic.research.microsoft.com/Author/117468/robert-collins | organization:Pennsylvania State University
