mas-a-2-23-1 | Peter Brusilovsky | http://academic.research.microsoft.com/Author/1749495/peter-brusilovsky | organization:University of Pittsburgh
mas-a-2-23-2 | Kurt Vanlehn | http://academic.research.microsoft.com/Author/557043/kurt-vanlehn | organization:Arizona State University
mas-a-2-23-3 | Elliot Soloway | http://academic.research.microsoft.com/Author/58727/elliot-soloway | organization:University of Michigan
mas-a-2-23-4 | Daniel D. Suthers | http://academic.research.microsoft.com/Author/1777311/daniel-d-suthers | organization:University of Hawaii System
mas-a-2-23-5 | Kenneth R. Koedinger | http://academic.research.microsoft.com/Author/1354977/kenneth-r-koedinger | organization:Carnegie Mellon University
mas-a-2-23-6 | Mark Guzdial | http://academic.research.microsoft.com/Author/1173112/mark-guzdial | organization:Georgia Institute of Technology
mas-a-2-23-7 | Antonija Mitrovic | http://academic.research.microsoft.com/Author/2364972/antonija-mitrovic | organization:University of Canterbury
mas-a-2-23-8 | Susan H. Rodger | http://academic.research.microsoft.com/Author/113926/susan-h-rodger | organization:Duke University
mas-a-2-23-9 | Rob Koper | http://academic.research.microsoft.com/Author/1985122/rob-koper | organization:Open University of the Netherlands
mas-a-2-23-10 | Vincent Aleven | http://academic.research.microsoft.com/Author/610138/vincent-aleven | organization:Carnegie Mellon University
mas-a-2-23-11 | Heinz Ulrich Hoppe | http://academic.research.microsoft.com/Author/199701/heinz-ulrich-hoppe | organization:University of Twente
mas-a-2-23-12 | Susan Bull | http://academic.research.microsoft.com/Author/1399244/susan-bull | organization:University of Birmingham
mas-a-2-23-13 | Mike Sharples | http://academic.research.microsoft.com/Author/126991/mike-sharples | organization:University of Nottingham
mas-a-2-23-14 | James Greer | http://academic.research.microsoft.com/Author/382049/james-greer | organization:Queen's University Belfast
mas-a-2-23-15 | Walter L. Johnson | http://academic.research.microsoft.com/Author/552/walter-l-johnson | organization:Armstrong Atlantic State University
mas-a-2-23-16 | Julita Vassileva | http://academic.research.microsoft.com/Author/1409731/julita-vassileva | organization:University of Saskatchewan
mas-a-2-23-17 | Thomas L. Naps | http://academic.research.microsoft.com/Author/655816/thomas-l-naps | organization:University of Wisconsin Oshkosh
mas-a-2-23-18 | Riichiro Mizoguchi | http://academic.research.microsoft.com/Author/119321/riichiro-mizoguchi | organization:Osaka University
mas-a-2-23-19 | Beverly Park Woolf | http://academic.research.microsoft.com/Author/204863/beverly-park-woolf | organization:University of Massachusetts
mas-a-2-23-20 | Arthur C. Graesser | http://academic.research.microsoft.com/Author/722301/arthur-c-graesser | organization:University of Memphis
mas-a-2-23-21 | Joseph E. Beck | http://academic.research.microsoft.com/Author/1221544/joseph-e-beck | organization:Worcester Polytechnic Institute
mas-a-2-23-22 | Judy Kay | http://academic.research.microsoft.com/Author/240279/judy-kay | organization:University of Sydney
mas-a-2-23-23 | Carolyn Penstein Rose (Carolyn Penstein Rosé) | http://academic.research.microsoft.com/Author/1011542/carolyn-penstein-rose | organization:Carnegie Mellon University
mas-a-2-23-24 | Erik Duval | http://academic.research.microsoft.com/Author/1406490/erik-duval | organization:Catholic University of Leuven
mas-a-2-23-25 | Laurie Williams | http://academic.research.microsoft.com/Author/27742/laurie-williams | organization:North Carolina State University
mas-a-2-23-26 | Tom Murray (Thomas J. Murray) | http://academic.research.microsoft.com/Author/269916/tom-murray | organization:University of Massachusetts
mas-a-2-23-27 | John A. Self | http://academic.research.microsoft.com/Author/5212/john-a-self | organization:University of Leeds
mas-a-2-23-28 | John Stasko | http://academic.research.microsoft.com/Author/2181032/john-stasko | organization:Georgia Institute of Technology
mas-a-2-23-29 | Amruth N. Kumar | http://academic.research.microsoft.com/Author/1664466/amruth-n-kumar | organization:Ramapo College
mas-a-2-23-30 | Eric S. Roberts | http://academic.research.microsoft.com/Author/1149576/eric-s-roberts | organization:Stanford University
mas-a-2-23-31 | Owen L. Astrachan | http://academic.research.microsoft.com/Author/1171411/owen-l-astrachan | organization:Duke University
mas-a-2-23-32 | Mordechai Ben-ari | http://academic.research.microsoft.com/Author/2005941/mordechai-ben-ari | organization:Weizmann Institute of Science
mas-a-2-23-33 | Neil T. Heffernan | http://academic.research.microsoft.com/Author/533726/neil-t-heffernan | organization:Worcester Polytechnic Institute
mas-a-2-23-34 | Raymond Lister | http://academic.research.microsoft.com/Author/193095/raymond-lister | organization:University of Technology Sydney
mas-a-2-23-35 | Chin-chung Tsai | http://academic.research.microsoft.com/Author/2142884/chin-chung-tsai | organization:National Chiao Tung University, Taiwan
mas-a-2-23-36 | Lauri Malmi | http://academic.research.microsoft.com/Author/1621669/lauri-malmi | organization:Aalto University
mas-a-2-23-37 | Albert T. Corbett | http://academic.research.microsoft.com/Author/1953739/albert-t-corbett | organization:Carnegie Mellon University
mas-a-2-23-38 | Eileen Scanlon | http://academic.research.microsoft.com/Author/1274930/eileen-scanlon | organization:Open University UK
mas-a-2-23-39 | Jeremy Roschelle | http://academic.research.microsoft.com/Author/149769/jeremy-roschelle | organization:SRI International
mas-a-2-23-40 | Amy Soller | http://academic.research.microsoft.com/Author/230902/amy-soller | organization:Institute for Defense Analyses
mas-a-2-23-41 | Alan M. Lesgold | http://academic.research.microsoft.com/Author/127342/alan-m-lesgold | organization:University of Pittsburgh
mas-a-2-23-42 | Beth Simon | http://academic.research.microsoft.com/Author/31252/beth-simon | organization:University of California San Diego
mas-a-2-23-43 | Michael Kolling (Michael Kölling) | http://academic.research.microsoft.com/Author/413761/michael-kolling | organization:University of Kent
mas-a-2-23-44 | Ari Korhonen | http://academic.research.microsoft.com/Author/221055/ari-korhonen | organization:Aalto University
mas-a-2-23-45 | Cristina Conati | http://academic.research.microsoft.com/Author/775403/cristina-conati | organization:University of British Columbia
mas-a-2-23-46 | Rockford J. Ross | http://academic.research.microsoft.com/Author/475030/rockford-j-ross | organization:Montana State University
mas-a-2-23-47 | Gerry Stahl | http://academic.research.microsoft.com/Author/839666/gerry-stahl | organization:Drexel University
mas-a-2-23-48 | Christopher D. Hundhausen | http://academic.research.microsoft.com/Author/540437/christopher-d-hundhausen | organization:King's College London
mas-a-2-23-49 | Claude Frasson | http://academic.research.microsoft.com/Author/1718391/claude-frasson | organization:Università degli Studi di Padova
mas-a-2-23-50 | Alexandra Ioana Cristea | http://academic.research.microsoft.com/Author/838098/alexandra-ioana-cristea | organization:University of Warwick
mas-a-2-23-51 | Yoneo YANO | http://academic.research.microsoft.com/Author/1363801/yoneo-yano | organization:University of Warwick
mas-a-2-23-52 | Hiroaki Ogata | http://academic.research.microsoft.com/Author/718900/hiroaki-ogata | organization:Kyushu University
mas-a-2-23-53 | Maria Virvou | http://academic.research.microsoft.com/Author/559010/maria-virvou | organization:University of Piraeus
mas-a-2-23-54 | Viera K. Proulx | http://academic.research.microsoft.com/Author/694340/viera-k-proulx | organization:Northeastern University
mas-a-2-23-55 | Bruce M. Mclaren | http://academic.research.microsoft.com/Author/1153442/bruce-m-mclaren | organization:Carnegie Mellon University
mas-a-2-23-56 | Yannis A. Dimitriadis | http://academic.research.microsoft.com/Author/2441568/yannis-a-dimitriadis | organization:Universidad de Valladolid
mas-a-2-23-57 | Marian Petre | http://academic.research.microsoft.com/Author/492157/marian-petre | organization:Open University UK
mas-a-2-23-58 | Mitsuru Ikeda | http://academic.research.microsoft.com/Author/56981114/mitsuru-ikeda | organization:Japan Advanced Institute of Science & Technology
mas-a-2-23-59 | Allen B. Tucker | http://academic.research.microsoft.com/Author/2022427/allen-b-tucker | organization:Bowdoin College
mas-a-2-23-60 | Lynda Ann Thomas | http://academic.research.microsoft.com/Author/18208385/lynda-ann-thomas | organization:Université de Poitiers
mas-a-2-23-61 | James Lester | http://academic.research.microsoft.com/Author/378138/james-lester | organization:North Carolina State University
mas-a-2-23-62 | Jack Mostow | http://academic.research.microsoft.com/Author/892152/jack-mostow | organization:Carnegie Mellon University
mas-a-2-23-63 | Vassilis Komis | http://academic.research.microsoft.com/Author/43240066/vassilis-komis | organization:University of Patras
mas-a-2-23-64 | Pierre Dillenbourg | http://academic.research.microsoft.com/Author/508958/pierre-dillenbourg | organization:École Polytechnique Fédérale de Lausanne
mas-a-2-23-65 | Gordon I. Mccalla | http://academic.research.microsoft.com/Author/418354/gordon-i-mccalla | organization:University of Saskatchewan
mas-a-2-23-66 | Peter Denning | http://academic.research.microsoft.com/Author/835155/peter-denning | organization:George Mason University
mas-a-2-23-67 | David Gries | http://academic.research.microsoft.com/Author/2380733/david-gries | organization:Cornell University
mas-a-2-23-68 | Prof. Kinshuk | http://academic.research.microsoft.com/Author/3324094/prof-kinshuk | organization:Athabasca University
mas-a-2-23-69 | Tak-wai Chan (陳德懷) | http://academic.research.microsoft.com/Author/1503953/tak-wai-chan | organization:National Central University, Taiwan
mas-a-2-23-70 | Rosemary Luckin | http://academic.research.microsoft.com/Author/581284/rosemary-luckin | organization:Institute of Education University of London
mas-a-2-23-71 | Wolfgang Nejdl | http://academic.research.microsoft.com/Author/306254/wolfgang-nejdl | organization:University of Hannover
mas-a-2-23-72 | Vicki L. Almstrum | http://academic.research.microsoft.com/Author/937905/vicki-l-almstrum | organization:University of Texas Austin
mas-a-2-23-73 | Guido Rossling (Guido Rößling) | http://academic.research.microsoft.com/Author/1045488/guido-rossling | organization:Darmstadt University of Technology
mas-a-2-23-74 | Mats Daniels | http://academic.research.microsoft.com/Author/1185582/mats-daniels | organization:Uppsala University
mas-a-2-23-75 | Sally Fincher | http://academic.research.microsoft.com/Author/961606/sally-fincher | organization:University of Kent
mas-a-2-23-76 | Richard Rasala | http://academic.research.microsoft.com/Author/812390/richard-rasala | organization:Northeastern University
mas-a-2-23-77 | Michael E. Caspersen | http://academic.research.microsoft.com/Author/1045010/michael-e-caspersen | organization:Aarhus University
mas-a-2-23-78 | Sergey A. Sosnovsky | http://academic.research.microsoft.com/Author/652623/sergey-a-sosnovsky | organization:German Research Centre for Artificial Intelligence
mas-a-2-23-79 | Nikolaos M. Avouris | http://academic.research.microsoft.com/Author/815356/nikolaos-m-avouris | organization:University of Patras
mas-a-2-23-80 | Gwo-Jen Hwang (黃國禎) | http://academic.research.microsoft.com/Author/18019/gwo-jen-hwang | organization:National Taiwan University of Science & Technology
mas-a-2-23-81 | Niels Pinkwart | http://academic.research.microsoft.com/Author/494932/niels-pinkwart | organization:Technical University of Clausthal
mas-a-2-23-82 | John Hamer | http://academic.research.microsoft.com/Author/916209/john-hamer | organization:Eastman Kodak Company
mas-a-2-23-83 | Jens Bennedsen | http://academic.research.microsoft.com/Author/1028030/jens-bennedsen | organization:Engineering College of Aarhus
mas-a-2-23-84 | Wanda Dann | http://academic.research.microsoft.com/Author/115642/wanda-dann | organization:Carnegie Mellon University
mas-a-2-23-85 | Elliot B. Koffman | http://academic.research.microsoft.com/Author/871437/elliot-b-koffman | organization:Temple University
mas-a-2-23-86 | Brent Martin | http://academic.research.microsoft.com/Author/637231/brent-martin | organization:University of Canterbury
mas-a-2-23-87 | Mary Beth Rosson | http://academic.research.microsoft.com/Author/1657286/mary-beth-rosson | organization:Pennsylvania State University
mas-a-2-23-88 | Paul De Bra | http://academic.research.microsoft.com/Author/138111/paul-de-bra | organization:Eindhoven University of Technology
mas-a-2-23-89 | Martin Valcke | http://academic.research.microsoft.com/Author/2767297/martin-valcke | organization:Ghent University
mas-a-2-23-90 | Paul A. Kirschner | http://academic.research.microsoft.com/Author/971977/paul-a-kirschner | organization:Open University of the Netherlands
mas-a-2-23-91 | Ron Oliver | http://academic.research.microsoft.com/Author/1015314/ron-oliver | organization:Universitat de les Illes Balears
mas-a-2-23-92 | Roy D. Pea | http://academic.research.microsoft.com/Author/836975/roy-d-pea | organization:Stanford University
mas-a-2-23-93 | Maria M. Klawe | http://academic.research.microsoft.com/Author/1334152/maria-m-klawe | organization:University of British Columbia
mas-a-2-23-94 | John R. Anderson | http://academic.research.microsoft.com/Author/47651953/john-r-anderson | organization:Tohoku University
mas-a-2-23-95 | Orit Hazzan | http://academic.research.microsoft.com/Author/42764/orit-hazzan | organization:Technion Israel Institute of Technology
mas-a-2-23-96 | Maria Grigoriadou | http://academic.research.microsoft.com/Author/607875/maria-grigoriadou | organization:National and Kapodistrian University of Athens, Greece
mas-a-2-23-97 | Thomas B. Hilburn | http://academic.research.microsoft.com/Author/963568/thomas-b-hilburn | organization:National and Kapodistrian University of Athens, Greece
mas-a-2-23-98 | Peter B. Henderson | http://academic.research.microsoft.com/Author/159159/peter-b-henderson | organization:University of Southampton
mas-a-2-23-99 | Robert McCartney | http://academic.research.microsoft.com/Author/280174/robert-mccartney | organization:University of Connecticut
mas-a-2-23-100 | Andreas Harrer | http://academic.research.microsoft.com/Author/2391438/andreas-harrer | organization:Katholische Universität Eichstätt-Ingolstadt
