mas-a-15-3-1 | Yinyu Ye (叶荫宇) | http://academic.research.microsoft.com/Author/84417/yinyu-ye | organization:Stanford University
mas-a-15-3-2 | Masakazu Kojima (小島政和) | http://academic.research.microsoft.com/Author/1713938/masakazu-kojima | organization:Tokyo Institute of Technology
mas-a-15-3-3 | Paul Tseng | http://academic.research.microsoft.com/Author/164454/paul-tseng | organization:University of Washington
mas-a-15-3-4 | Masao Fukushima (福嶋雅夫) | http://academic.research.microsoft.com/Author/446763/masao-fukushima | organization:Kyoto University
mas-a-15-3-5 | George Nemhauser | http://academic.research.microsoft.com/Author/1596478/george-nemhauser | organization:Georgia Institute of Technology
mas-a-15-3-6 | Christian Kanzow | http://academic.research.microsoft.com/Author/319081/christian-kanzow | organization:University of Würzburg
mas-a-15-3-7 | Noga Alon | http://academic.research.microsoft.com/Author/103630/noga-alon | organization:Tel Aviv University
mas-a-15-3-8 | Jong-Shi Pang | http://academic.research.microsoft.com/Author/95352/jong-shi-pang | organization:Rensselaer Polytechnic Institute
mas-a-15-3-9 | Renato D. C. Monteiro | http://academic.research.microsoft.com/Author/373028/renato-d-c-monteiro | organization:Institut National de la Santé et de la Recherche Médicale
mas-a-15-3-10 | Laurence Wolsey | http://academic.research.microsoft.com/Author/2312736/laurence-wolsey | organization:Université Catholique de Louvain
mas-a-15-3-11 | Gerard P. Cornuejols (Gérard P.Cornuéjols) | http://academic.research.microsoft.com/Author/337500/gerard-p-cornuejols | organization:Carnegie Mellon University
mas-a-15-3-12 | Olvi L. Mangasarian | http://academic.research.microsoft.com/Author/2129558/olvi-l-mangasarian | organization:University of Wisconsin Madison
mas-a-15-3-13 | Aharon Ben-Tal | http://academic.research.microsoft.com/Author/310423/aharon-ben-tal | organization:Technion Israel Institute of Technology
mas-a-15-3-14 | Donald Goldfarb | http://academic.research.microsoft.com/Author/1190354/donald-goldfarb | organization:Columbia University
mas-a-15-3-15 | Egon Balas | http://academic.research.microsoft.com/Author/848503/egon-balas | organization:Carnegie Mellon University
mas-a-15-3-16 | Liqun Qi (祁力群) | http://academic.research.microsoft.com/Author/1306804/liqun-qi | organization:Hong Kong Polytechnic University
mas-a-15-3-17 | Matteo Fischetti | http://academic.research.microsoft.com/Author/1123654/matteo-fischetti | organization:Università degli Studi di Padova
mas-a-15-3-18 | Arkadi S. Nemirovski | http://academic.research.microsoft.com/Author/199352/arkadi-s-nemirovski | organization:Georgia Institute of Technology
mas-a-15-3-19 | Andrew R. Conn | http://academic.research.microsoft.com/Author/831620/andrew-r-conn | organization:IBM
mas-a-15-3-20 | Laszlo Lovasz (László Lovász) | http://academic.research.microsoft.com/Author/615494/laszlo-lovasz | organization:Eotvos Lorand University (University of Budapest)
mas-a-15-3-21 | Philippe L. Toint | http://academic.research.microsoft.com/Author/1552745/philippe-l-toint | organization:Facultes Universitaires Notre Dame de la Paix
mas-a-15-3-22 | Jorge Nocedal | http://academic.research.microsoft.com/Author/665445/jorge-nocedal | organization:Northwestern University
mas-a-15-3-23 | Martin Grötschel | http://academic.research.microsoft.com/Author/1158542/martin-gr-tschel | organization:Technical University of Berlin
mas-a-15-3-24 | Dimitri P. Bertsekas | http://academic.research.microsoft.com/Author/2167725/dimitri-p-bertsekas | organization:Massachusetts Institute of Technology
mas-a-15-3-25 | James Hardy Wilkinson | http://academic.research.microsoft.com/Author/10518168/james-hardy-wilkinson | organization:National Physical Laboratory, United Kingdom
mas-a-15-3-26 | Roger Fletcher | http://academic.research.microsoft.com/Author/145158/roger-fletcher | organization:University of Dundee
mas-a-15-3-27 | Paul D. Seymour | http://academic.research.microsoft.com/Author/333576/paul-d-seymour | organization:Princeton University
mas-a-15-3-28 | Bela Bollobas (Béla Bollobás) | http://academic.research.microsoft.com/Author/129247/bela-bollobas | organization:University of Cambridge
mas-a-15-3-29 | Alan M. Frieze | http://academic.research.microsoft.com/Author/834493/alan-m-frieze | organization:Carnegie Mellon University
mas-a-15-3-30 | Carsten Carstensen | http://academic.research.microsoft.com/Author/355669/carsten-carstensen | organization:Humboldt University of Berlin
mas-a-15-3-31 | Josef Stoer | http://academic.research.microsoft.com/Author/10518335/josef-stoer | organization:University of Würzburg
mas-a-15-3-32 | Shinji Mizuno (水野慎士) | http://academic.research.microsoft.com/Author/269718/shinji-mizuno | organization:Toyohashi University of Technology
mas-a-15-3-33 | Nathan Linial | http://academic.research.microsoft.com/Author/2403517/nathan-linial | organization:Hebrew University of Jerusalem
mas-a-15-3-34 | Christoph Georg Schwab | http://academic.research.microsoft.com/Author/155153/christoph-georg-schwab | organization:Swiss Federal Institute of Technology Zurich
mas-a-15-3-35 | Yurii E. Nesterov | http://academic.research.microsoft.com/Author/1573169/yurii-e-nesterov | organization:Université Catholique de Louvain
mas-a-15-3-36 | Richard H. Byrd | http://academic.research.microsoft.com/Author/114147/richard-h-byrd | organization:University of Colorado Boulder
mas-a-15-3-37 | Ellis L. Johnson | http://academic.research.microsoft.com/Author/801209/ellis-l-johnson | organization:Georgia Institute of Technology
mas-a-15-3-38 | James V. Burke | http://academic.research.microsoft.com/Author/888473/james-v-burke | organization:University of Washington
mas-a-15-3-39 | Franz Rendl | http://academic.research.microsoft.com/Author/1755968/franz-rendl | organization:Alpen Adria Universität Klagenfurt
mas-a-15-3-40 | Paul Erdos (Paul Erdös) | http://academic.research.microsoft.com/Author/1112639/paul-erdos | organization:Alpen Adria Universität Klagenfurt
mas-a-15-3-41 | David Nualart | http://academic.research.microsoft.com/Author/1089402/david-nualart | organization:University of Kansas
mas-a-15-3-42 | Michael J. Todd | http://academic.research.microsoft.com/Author/1294055/michael-j-todd | organization:University of Massachusetts
mas-a-15-3-43 | Michael Ferris | http://academic.research.microsoft.com/Author/1042849/michael-ferris | organization:University of Wisconsin Madison
mas-a-15-3-44 | Ivo Babuska (Ivo Babuška) | http://academic.research.microsoft.com/Author/1380738/ivo-babuska | organization:University of Texas Austin
mas-a-15-3-45 | Ernst Hairer | http://academic.research.microsoft.com/Author/2058400/ernst-hairer | organization:Université de Geneve
mas-a-15-3-46 | Franco Brezzi | http://academic.research.microsoft.com/Author/1143182/franco-brezzi | organization:Consiglio Nazionale delle Ricerche
mas-a-15-3-47 | Yin Zhang (章寅) | http://academic.research.microsoft.com/Author/612919/yin-zhang | organization:University of Texas Austin
mas-a-15-3-48 | Jorge J. More (Jorge J. Moré) | http://academic.research.microsoft.com/Author/329404/jorge-j-more | organization:Argonne National Laboratory
mas-a-15-3-49 | Roger S. Martin | http://academic.research.microsoft.com/Author/47704070/roger-s-martin | organization:National Physical Laboratory, United Kingdom
mas-a-15-3-50 | Peter Frankl (Péter Frankl) | http://academic.research.microsoft.com/Author/1526998/peter-frankl | organization:Hungarian Academy of Sciences
mas-a-15-3-51 | Karl Kunisch | http://academic.research.microsoft.com/Author/12539099/karl-kunisch | organization:Karl Franzens Universität Graz
mas-a-15-3-52 | Kurt M. Anstreicher | http://academic.research.microsoft.com/Author/229196/kurt-m-anstreicher | organization:University of Iowa
mas-a-15-3-53 | Tamas Terlaky (Tamás Terlaky) | http://academic.research.microsoft.com/Author/21733437/tamas-terlaky | organization:Lehigh University
mas-a-15-3-54 | Robert Weismantel | http://academic.research.microsoft.com/Author/1195186/robert-weismantel | organization:Otto von Guericke University Magdeburg
mas-a-15-3-55 | Endre Szemerédi | http://academic.research.microsoft.com/Author/1367299/endre-szemer-di | organization:Rutgers, The State University of New Jersey
mas-a-15-3-56 | Nicholas I. M. Gould | http://academic.research.microsoft.com/Author/1203218/nicholas-i-m-gould | organization:University of Oxford
mas-a-15-3-57 | Krzysztof C. Kiwiel | http://academic.research.microsoft.com/Author/186421/krzysztof-c-kiwiel | organization:Systems Research Institute PAS
mas-a-15-3-58 | James B. Orlin | http://academic.research.microsoft.com/Author/2000534/james-b-orlin | organization:Massachusetts Institute of Technology
mas-a-15-3-59 | Fan R. K. Chung (金芳蓉) | http://academic.research.microsoft.com/Author/953527/fan-r-k-chung | organization:University of California San Diego
mas-a-15-3-60 | Daniel Bienstock | http://academic.research.microsoft.com/Author/1390342/daniel-bienstock | organization:Columbia University
mas-a-15-3-61 | Fred Glover | http://academic.research.microsoft.com/Author/2444451/fred-glover | organization:University of Colorado Boulder
mas-a-15-3-62 | Henry Wolkowicz | http://academic.research.microsoft.com/Author/23873/henry-wolkowicz | organization:University of Waterloo
mas-a-15-3-63 | William R. Pulleyblank | http://academic.research.microsoft.com/Author/846246/william-r-pulleyblank | organization:IBM
mas-a-15-3-64 | Ya-xiang Yuan (袁亚湘) | http://academic.research.microsoft.com/Author/47177761/ya-xiang-yuan | organization:Chinese Academy of Sciences
mas-a-15-3-65 | Alexander Schrijver | http://academic.research.microsoft.com/Author/852265/alexander-schrijver | organization:Centrum Voor Wiskunde en Informatica
mas-a-15-3-66 | Claude Lemaréchal | http://academic.research.microsoft.com/Author/825638/claude-lemar-chal | organization:The French National Institute for Research in Computer Science and Control
mas-a-15-3-67 | M. R. Rao | http://academic.research.microsoft.com/Author/52967155/m-r-rao | organization:ERNET India
mas-a-15-3-68 | Elijah Polak | http://academic.research.microsoft.com/Author/164724/elijah-polak | organization:University of California Berkeley
mas-a-15-3-69 | Toshihide Ibaraki | http://academic.research.microsoft.com/Author/333914/toshihide-ibaraki | organization:Kyoto College of Graduate Studies for Informatics
mas-a-15-3-70 | Nimrod Megiddo | http://academic.research.microsoft.com/Author/1334122/nimrod-megiddo | organization:IBM
mas-a-15-3-71 | Laurence A. Wolsey | http://academic.research.microsoft.com/Author/12143440/laurence-a-wolsey | organization:Université Catholique de Louvain
mas-a-15-3-72 | R. Tyrrell Rockafellar | http://academic.research.microsoft.com/Author/957265/r-tyrrell-rockafellar | organization:University of Washington
mas-a-15-3-73 | Miklos Ajtai (Miklós Ajtai) | http://academic.research.microsoft.com/Author/787016/miklos-ajtai | organization:IBM
mas-a-15-3-74 | Xuding Zhu (朱緒鼎) | http://academic.research.microsoft.com/Author/384875/xuding-zhu | organization:National Sun Yat-Sen University, Taiwan
mas-a-15-3-75 | Carsten Thomassen | http://academic.research.microsoft.com/Author/1259912/carsten-thomassen | organization:Technical University of Denmark
mas-a-15-3-76 | Alexandr V. Kostochka | http://academic.research.microsoft.com/Author/874117/alexandr-v-kostochka | organization:University of Illinois Urbana Champaign
mas-a-15-3-77 | Irena Lasiecka | http://academic.research.microsoft.com/Author/610064/irena-lasiecka | organization:University of Virginia
mas-a-15-3-78 | Jonathan M. Borwein | http://academic.research.microsoft.com/Author/34675/jonathan-m-borwein | organization:University of Newcastle
mas-a-15-3-79 | Michele Conforti | http://academic.research.microsoft.com/Author/2034726/michele-conforti | organization:Università degli Studi di Padova
mas-a-15-3-80 | Bruce A. Reed | http://academic.research.microsoft.com/Author/185630/bruce-a-reed | organization:McGill University
mas-a-15-3-81 | Frank Harary | http://academic.research.microsoft.com/Author/152877/frank-harary | organization:University of Michigan
mas-a-15-3-82 | Alfredo N. Iusem | http://academic.research.microsoft.com/Author/560463/alfredo-n-iusem | organization:Instituto Nacional de Matemática Pura e Aplicada
mas-a-15-3-83 | Xuerong Mao | http://academic.research.microsoft.com/Author/723907/xuerong-mao | organization:University of Strathclyde
mas-a-15-3-84 | Monique Laurent | http://academic.research.microsoft.com/Author/1051399/monique-laurent | organization:Centrum Voor Wiskunde en Informatica
mas-a-15-3-85 | Friedrich L. Bauer | http://academic.research.microsoft.com/Author/1358719/friedrich-l-bauer | organization:ABB
mas-a-15-3-86 | Alexander Shapiro | http://academic.research.microsoft.com/Author/766653/alexander-shapiro | organization:Georgia Institute of Technology
mas-a-15-3-87 | William H. Cunningham | http://academic.research.microsoft.com/Author/601020/william-h-cunningham | organization:University of Glasgow
mas-a-15-3-88 | Harry Yserentant | http://academic.research.microsoft.com/Author/775869/harry-yserentant | organization:Technical University of Berlin
mas-a-15-3-89 | Ian H. Sloan | http://academic.research.microsoft.com/Author/916166/ian-h-sloan | organization:University of New South Wales
mas-a-15-3-90 | Roberto Triggiani | http://academic.research.microsoft.com/Author/52590404/roberto-triggiani | organization:Virginia Polytechnic Institute and State University
mas-a-15-3-91 | Richard S. Varga | http://academic.research.microsoft.com/Author/52803200/richard-s-varga | organization:Kent State University
mas-a-15-3-92 | Joseph Frederic Bonnans (Joseph Frédéric Bonnans) | http://academic.research.microsoft.com/Author/953124/joseph-frederic-bonnans | organization:The French National Institute for Research in Computer Science and Control
mas-a-15-3-93 | Clovis C. Gonzaga | http://academic.research.microsoft.com/Author/2183766/clovis-c-gonzaga | organization:Universidade Federal de Santa Catarina
mas-a-15-3-94 | Roger J.-B. Wets | http://academic.research.microsoft.com/Author/23741/roger-j-b-wets | organization:University of California Davis
mas-a-15-3-95 | Pierre Hansen | http://academic.research.microsoft.com/Author/324115/pierre-hansen | organization:McGill University
mas-a-15-3-96 | Robert Michael. Freund | http://academic.research.microsoft.com/Author/1056585/robert-michael-freund | organization:Massachusetts Institute of Technology
mas-a-15-3-97 | Francisco Facchinei | http://academic.research.microsoft.com/Author/467207/francisco-facchinei | organization:Università degli Studi di Roma La Sapienza
mas-a-15-3-98 | Christian Lubich | http://academic.research.microsoft.com/Author/758280/christian-lubich | organization:University of Tübingen
mas-a-15-3-99 | Francois Margot (François Margot) | http://academic.research.microsoft.com/Author/913308/francois-margot | organization:Carnegie Mellon University
mas-a-15-3-100 | Andrea Lodi | http://academic.research.microsoft.com/Author/1754057/andrea-lodi | organization:Università di Bologna
