mas-a-15-4-1 | Paul D. Seymour | http://academic.research.microsoft.com/Author/333576/paul-d-seymour | organization:Princeton University
mas-a-15-4-2 | Noga Alon | http://academic.research.microsoft.com/Author/103630/noga-alon | organization:Tel Aviv University
mas-a-15-4-3 | Carsten Thomassen | http://academic.research.microsoft.com/Author/1259912/carsten-thomassen | organization:Technical University of Denmark
mas-a-15-4-4 | G. Neil Robertson | http://academic.research.microsoft.com/Author/1729332/g-neil-robertson | organization:Ohio State University
mas-a-15-4-5 | Laszlo Lovasz (László Lovász) | http://academic.research.microsoft.com/Author/615494/laszlo-lovasz | organization:Eotvos Lorand University (University of Budapest)
mas-a-15-4-6 | Vojtech Rodl (Vojtech Rödl) | http://academic.research.microsoft.com/Author/490732/vojtech-rodl | organization:Emory University
mas-a-15-4-7 | Fan R. K. Chung (金芳蓉) | http://academic.research.microsoft.com/Author/953527/fan-r-k-chung | organization:University of California San Diego
mas-a-15-4-8 | Ronald Graham | http://academic.research.microsoft.com/Author/1167585/ronald-graham | organization:University of California San Diego
mas-a-15-4-9 | Paul Erdos (Paul Erdös) | http://academic.research.microsoft.com/Author/1112639/paul-erdos | organization:University of California San Diego
mas-a-15-4-10 | Bela Bollobas (Béla Bollobás) | http://academic.research.microsoft.com/Author/129247/bela-bollobas | organization:University of Cambridge
mas-a-15-4-11 | Alan M. Frieze | http://academic.research.microsoft.com/Author/834493/alan-m-frieze | organization:Carnegie Mellon University
mas-a-15-4-12 | Peter Frankl (Péter Frankl) | http://academic.research.microsoft.com/Author/1526998/peter-frankl | organization:Hungarian Academy of Sciences
mas-a-15-4-13 | Alexandr V. Kostochka | http://academic.research.microsoft.com/Author/874117/alexandr-v-kostochka | organization:University of Illinois Urbana Champaign
mas-a-15-4-14 | Xuding Zhu (朱緒鼎) | http://academic.research.microsoft.com/Author/384875/xuding-zhu | organization:National Sun Yat-Sen University, Taiwan
mas-a-15-4-15 | Zsolt Tuza | http://academic.research.microsoft.com/Author/1144667/zsolt-tuza | organization:Computer and Automation Research Institute HAS
mas-a-15-4-16 | Zoltan Furedi (Zoltán Füredi) | http://academic.research.microsoft.com/Author/551195/zoltan-furedi | organization:University of Illinois Urbana Champaign
mas-a-15-4-17 | Nicholas Wormald | http://academic.research.microsoft.com/Author/485223/nicholas-wormald | organization:University of Waterloo
mas-a-15-4-18 | Svante Janson | http://academic.research.microsoft.com/Author/1335851/svante-janson | organization:Uppsala University
mas-a-15-4-19 | Bruce A. Reed | http://academic.research.microsoft.com/Author/185630/bruce-a-reed | organization:McGill University
mas-a-15-4-20 | Edward A. Bender | http://academic.research.microsoft.com/Author/1173565/edward-a-bender | organization:University of California San Diego
mas-a-15-4-21 | Pavol Hell | http://academic.research.microsoft.com/Author/662700/pavol-hell | organization:Simon Fraser University
mas-a-15-4-22 | William T. Trotter | http://academic.research.microsoft.com/Author/1002208/william-t-trotter | organization:Georgia Institute of Technology
mas-a-15-4-23 | Alexander Schrijver | http://academic.research.microsoft.com/Author/852265/alexander-schrijver | organization:Centrum Voor Wiskunde en Informatica
mas-a-15-4-24 | Daniel J. Kleitman | http://academic.research.microsoft.com/Author/372764/daniel-j-kleitman | organization:Massachusetts Institute of Technology
mas-a-15-4-25 | Miguel Angel Fiol | http://academic.research.microsoft.com/Author/1829155/miguel-angel-fiol | organization:Universitat Politècnica de Catalunya
mas-a-15-4-26 | Richard P. Stanley | http://academic.research.microsoft.com/Author/499927/richard-p-stanley | organization:Massachusetts Institute of Technology
mas-a-15-4-27 | Vasek Chvatal (Vasek Chvátal) | http://academic.research.microsoft.com/Author/3318828/vasek-chvatal | organization:Concordia University
mas-a-15-4-28 | Neil J. A. Sloane | http://academic.research.microsoft.com/Author/2098401/neil-j-a-sloane | organization:AT&T Labs Research
mas-a-15-4-29 | Bojan Mohar | http://academic.research.microsoft.com/Author/861029/bojan-mohar | organization:Simon Fraser University
mas-a-15-4-30 | Tomasz Luczak | http://academic.research.microsoft.com/Author/2444094/tomasz-luczak | organization:Adam Mickiewicz University Poznan
mas-a-15-4-31 | Jaroslav Nesetril | http://academic.research.microsoft.com/Author/1429164/jaroslav-nesetril | organization:Charles University
mas-a-15-4-32 | Robin Thomas | http://academic.research.microsoft.com/Author/1362004/robin-thomas | organization:Georgia Institute of Technology
mas-a-15-4-33 | Douglas Stinson | http://academic.research.microsoft.com/Author/1258479/douglas-stinson | organization:University of Waterloo
mas-a-15-4-34 | Frank Harary | http://academic.research.microsoft.com/Author/152877/frank-harary | organization:University of Michigan
mas-a-15-4-35 | Colin J. H. McDiarmid | http://academic.research.microsoft.com/Author/745528/colin-j-h-mcdiarmid | organization:University of Oxford
mas-a-15-4-36 | Brendan McKay | http://academic.research.microsoft.com/Author/287263/brendan-mckay | organization:Australian National University
mas-a-15-4-37 | Vera Pless | http://academic.research.microsoft.com/Author/2445875/vera-pless | organization:University of Illinois Chicago
mas-a-15-4-38 | Philippe Flajolet | http://academic.research.microsoft.com/Author/561188/philippe-flajolet | organization:University of Illinois Chicago
mas-a-15-4-39 | Michael A. Henning | http://academic.research.microsoft.com/Author/2187618/michael-a-henning | organization:University of Johannesburg
mas-a-15-4-40 | Ralph J. Faudree | http://academic.research.microsoft.com/Author/202806/ralph-j-faudree | organization:University of Memphis
mas-a-15-4-41 | Douglas B. West | http://academic.research.microsoft.com/Author/58899/douglas-b-west | organization:University of Illinois Urbana Champaign
mas-a-15-4-42 | Joel Spencer | http://academic.research.microsoft.com/Author/782938/joel-spencer | organization:New York University
mas-a-15-4-43 | Oleg V. Borodin | http://academic.research.microsoft.com/Author/356895/oleg-v-borodin | organization:Russian Academy of Sciences Siberian Branch
mas-a-15-4-44 | Andries E. Brouwer | http://academic.research.microsoft.com/Author/89575/andries-e-brouwer | organization:Centrum Voor Wiskunde en Informatica
mas-a-15-4-45 | Boris G. Pittel | http://academic.research.microsoft.com/Author/1476502/boris-g-pittel | organization:Ohio State University
mas-a-15-4-46 | Herbert S. Wilf | http://academic.research.microsoft.com/Author/1552138/herbert-s-wilf | organization:University of Pennsylvania
mas-a-15-4-47 | Ira Gessel | http://academic.research.microsoft.com/Author/810463/ira-gessel | organization:Brandeis University
mas-a-15-4-48 | Miklos Simonovits (Miklós Simonovits) | http://academic.research.microsoft.com/Author/349854/miklos-simonovits | organization:Alfred Renyi Institute of Mathematics HAS
mas-a-15-4-49 | Colin S. Cooper | http://academic.research.microsoft.com/Author/10785240/colin-s-cooper | organization:Institute of Cancer Research
mas-a-15-4-50 | Lutz Volkmann | http://academic.research.microsoft.com/Author/1611263/lutz-volkmann | organization:Rheinisch Westfalische Technische Hochschule Aachen
mas-a-15-4-51 | Richard H. Schelp | http://academic.research.microsoft.com/Author/1621283/richard-h-schelp | organization:University of Memphis
mas-a-15-4-52 | Charles Colbourn | http://academic.research.microsoft.com/Author/991693/charles-colbourn | organization:Arizona State University
mas-a-15-4-53 | Benjamin Sudakov | http://academic.research.microsoft.com/Author/467403/benjamin-sudakov | organization:University of California Los Angeles
mas-a-15-4-54 | Michael Krivelevich | http://academic.research.microsoft.com/Author/1046532/michael-krivelevich | organization:Tel Aviv University
mas-a-15-4-55 | Andre Raspaud (André Raspaud) | http://academic.research.microsoft.com/Author/1591916/andre-raspaud | organization:UMR5800 Laboratoire Bordelais de Recherche en Informatique
mas-a-15-4-56 | Helmut Prodinger | http://academic.research.microsoft.com/Author/280616/helmut-prodinger | organization:Stellenbosch University
mas-a-15-4-57 | Geoffrey P. Whittle | http://academic.research.microsoft.com/Author/402673/geoffrey-p-whittle | organization:Victoria University of Wellington
mas-a-15-4-58 | Jorgen Bang-jensen (Jørgen Bang-jensen) | http://academic.research.microsoft.com/Author/71576/jorgen-bang-jensen | organization:University of Southern Denmark
mas-a-15-4-59 | Gregory Z. Gutin | http://academic.research.microsoft.com/Author/528984/gregory-z-gutin | organization:Royal Holloway University of London
mas-a-15-4-60 | Nathan Linial | http://academic.research.microsoft.com/Author/2403517/nathan-linial | organization:Hebrew University of Jerusalem
mas-a-15-4-61 | Chris D. Godsil | http://academic.research.microsoft.com/Author/535586/chris-d-godsil | organization:University of Waterloo
mas-a-15-4-62 | Zhicheng Gao | http://academic.research.microsoft.com/Author/1086430/zhicheng-gao | organization:Carleton University
mas-a-15-4-63 | Peter M. Winkler | http://academic.research.microsoft.com/Author/145887/peter-m-winkler | organization:Dartmouth College
mas-a-15-4-64 | Endre Szemerédi | http://academic.research.microsoft.com/Author/1367299/endre-szemer-di | organization:Rutgers, The State University of New Jersey
mas-a-15-4-65 | Dennis E. White | http://academic.research.microsoft.com/Author/432973/dennis-e-white | organization:University of Minnesota
mas-a-15-4-66 | Bill Jackson | http://academic.research.microsoft.com/Author/438262/bill-jackson | organization:Queen Mary University of London
mas-a-15-4-67 | Andras Gyarfas (András Gyárfás) | http://academic.research.microsoft.com/Author/2152322/andras-gyarfas | organization:Computer and Automation Research Institute HAS
mas-a-15-4-68 | James G. Oxley | http://academic.research.microsoft.com/Author/861472/james-g-oxley | organization:Louisiana State University
mas-a-15-4-69 | Peter C. Fishburn | http://academic.research.microsoft.com/Author/1337759/peter-c-fishburn | organization:AT&T Labs Research
mas-a-15-4-70 | R. Bruce Richter | http://academic.research.microsoft.com/Author/1188369/r-bruce-richter | organization:University of Waterloo
mas-a-15-4-71 | Douglas R. Woodall | http://academic.research.microsoft.com/Author/2788049/douglas-r-woodall | organization:University of Nottingham
mas-a-15-4-72 | Vladimir D. Tonchev | http://academic.research.microsoft.com/Author/606934/vladimir-d-tonchev | organization:Michigan Technological University
mas-a-15-4-73 | Dan Archdeacon | http://academic.research.microsoft.com/Author/933999/dan-archdeacon | organization:University of Vermont
mas-a-15-4-74 | Hikoe Enomoto (榎本彦衛) | http://academic.research.microsoft.com/Author/254005/hikoe-enomoto | organization:Keio University
mas-a-15-4-75 | Aviezri S. Fraenkel | http://academic.research.microsoft.com/Author/411566/aviezri-s-fraenkel | organization:Weizmann Institute of Science
mas-a-15-4-76 | Jerrold R. Griggs | http://academic.research.microsoft.com/Author/544468/jerrold-r-griggs | organization:University of South Carolina
mas-a-15-4-77 | L. Bruce Richmond | http://academic.research.microsoft.com/Author/706536/l-bruce-richmond | organization:University of Waterloo
mas-a-15-4-78 | Henk Jan Veldman | http://academic.research.microsoft.com/Author/3254316/henk-jan-veldman | organization:University of Twente
mas-a-15-4-79 | Gen-nian Ge (葛根年) | http://academic.research.microsoft.com/Author/2031362/gen-nian-ge | organization:Zhejiang University
mas-a-15-4-80 | James F. Geelen | http://academic.research.microsoft.com/Author/603849/james-f-geelen | organization:University of Waterloo
mas-a-15-4-81 | E. Rodney Canfield | http://academic.research.microsoft.com/Author/1628937/e-rodney-canfield | organization:University of Georgia
mas-a-15-4-82 | Angelika Steger | http://academic.research.microsoft.com/Author/2391950/angelika-steger | organization:Swiss Federal Institute of Technology Zurich
mas-a-15-4-83 | Seiya Negami (根上生也) | http://academic.research.microsoft.com/Author/220804/seiya-negami | organization:Yokohama National University
mas-a-15-4-84 | Norbert Sauer | http://academic.research.microsoft.com/Author/101793/norbert-sauer | organization:University of Calgary
mas-a-15-4-85 | Hal A. Kierstead | http://academic.research.microsoft.com/Author/443144/hal-a-kierstead | organization:Arizona State University
mas-a-15-4-86 | Stephen T. Hedetniemi | http://academic.research.microsoft.com/Author/432017/stephen-t-hedetniemi | organization:Clemson University
mas-a-15-4-87 | Doron Zeilberger | http://academic.research.microsoft.com/Author/2399266/doron-zeilberger | organization:Rutgers, The State University of New Jersey
mas-a-15-4-88 | Van H. Vu | http://academic.research.microsoft.com/Author/65022/van-h-vu | organization:Rutgers, The State University of New Jersey
mas-a-15-4-89 | Mireille Bousquet-melou (Mireille Bousquet-mélou) | http://academic.research.microsoft.com/Author/330801/mireille-bousquet-melou | organization:UMR5800 Laboratoire Bordelais de Recherche en Informatique
mas-a-15-4-90 | Gerard P. Cornuejols (Gérard P.Cornuéjols) | http://academic.research.microsoft.com/Author/337500/gerard-p-cornuejols | organization:Carnegie Mellon University
mas-a-15-4-91 | Martin E. Dyer | http://academic.research.microsoft.com/Author/682973/martin-e-dyer | organization:University of Leeds
mas-a-15-4-92 | Paul A. Catlin | http://academic.research.microsoft.com/Author/36239/paul-a-catlin | organization:Wayne State University
mas-a-15-4-93 | Hans-jurgen Bandelt | http://academic.research.microsoft.com/Author/430718/hans-jurgen-bandelt | organization:University of Hamburg
mas-a-15-4-94 | Christian Krattenthaler | http://academic.research.microsoft.com/Author/2425060/christian-krattenthaler | organization:University of Vienna
mas-a-15-4-95 | Jonathan L. Gross | http://academic.research.microsoft.com/Author/1866531/jonathan-l-gross | organization:Columbia University
mas-a-15-4-96 | Victor Reiner | http://academic.research.microsoft.com/Author/2443230/victor-reiner | organization:University of Minnesota
mas-a-15-4-97 | Donald E. Knuth | http://academic.research.microsoft.com/Author/167694/donald-e-knuth | organization:Stanford University
mas-a-15-4-98 | Peter J. Cameron | http://academic.research.microsoft.com/Author/722044/peter-j-cameron | organization:Queen Mary University of London
mas-a-15-4-99 | Odile Favaron | http://academic.research.microsoft.com/Author/57566/odile-favaron | organization:UMR8623 Laboratoire de Recherche en Informatique
mas-a-15-4-100 | Ken-ichi Kawarabayashi | http://academic.research.microsoft.com/Author/2963853/ken-ichi-kawarabayashi | organization:National Institute of Informatics
