mas-a-2-16-1 | Ian T. Foster | http://academic.research.microsoft.com/Author/521123/ian-t-foster | organization:Argonne National Laboratory
mas-a-2-16-2 | Jack J. Dongarra | http://academic.research.microsoft.com/Author/1638553/jack-j-dongarra | organization:University of Tennessee Knoxville
mas-a-2-16-3 | Carl Kesselman | http://academic.research.microsoft.com/Author/336774/carl-kesselman | organization:University of Southern California
mas-a-2-16-4 | Ken Kennedy | http://academic.research.microsoft.com/Author/1177448/ken-kennedy | organization:Rice University
mas-a-2-16-5 | David E. Culler | http://academic.research.microsoft.com/Author/2076342/david-e-culler | organization:University of California Berkeley
mas-a-2-16-6 | Douglas C. Schmidt | http://academic.research.microsoft.com/Author/386271/douglas-c-schmidt | organization:Vanderbilt University
mas-a-2-16-7 | Steven Tuecke | http://academic.research.microsoft.com/Author/365770/steven-tuecke | organization:Argonne National Laboratory
mas-a-2-16-8 | Miron Livny | http://academic.research.microsoft.com/Author/1037685/miron-livny | organization:University of Wisconsin Madison
mas-a-2-16-9 | Nancy A. Lynch | http://academic.research.microsoft.com/Author/842517/nancy-a-lynch | organization:Massachusetts Institute of Technology
mas-a-2-16-10 | Joel H. Saltz | http://academic.research.microsoft.com/Author/1759427/joel-h-saltz | organization:Emory University
mas-a-2-16-11 | Danny Dolev | http://academic.research.microsoft.com/Author/113182/danny-dolev | organization:Hebrew University of Jerusalem
mas-a-2-16-12 | Willy Zwaenepoel | http://academic.research.microsoft.com/Author/1833706/willy-zwaenepoel | organization:École Polytechnique Fédérale de Lausanne
mas-a-2-16-13 | Anoop Gupta | http://academic.research.microsoft.com/Author/9684437/anoop-gupta | organization:Microsoft
mas-a-2-16-14 | David A. Patterson | http://academic.research.microsoft.com/Author/2042560/david-a-patterson | organization:University of California Berkeley
mas-a-2-16-15 | Lionel Ni (倪明選) | http://academic.research.microsoft.com/Author/1270172/lionel-ni | organization:Hong Kong University of Science & Technology
mas-a-2-16-16 | Maurice Herlihy | http://academic.research.microsoft.com/Author/2452872/maurice-herlihy | organization:Brown University
mas-a-2-16-17 | Hector Garcia-Molina (Héctor García-Molina) | http://academic.research.microsoft.com/Author/2074079/hector-garcia-molina | organization:Stanford University
mas-a-2-16-18 | Rajkumar Buyya | http://academic.research.microsoft.com/Author/969058/rajkumar-buyya | organization:University of Melbourne
mas-a-2-16-19 | David Padua | http://academic.research.microsoft.com/Author/270595/david-padua | organization:University of Illinois Urbana Champaign
mas-a-2-16-20 | Vipin Kumar | http://academic.research.microsoft.com/Author/647287/vipin-kumar | organization:University of Minnesota
mas-a-2-16-21 | William D. Gropp | http://academic.research.microsoft.com/Author/1861619/william-d-gropp | organization:University of Illinois Urbana Champaign
mas-a-2-16-22 | Kang G. Shin (신강근) | http://academic.research.microsoft.com/Author/251512/kang-g-shin | organization:University of Michigan
mas-a-2-16-23 | Richard Wolski | http://academic.research.microsoft.com/Author/1288369/richard-wolski | organization:University of California Santa Barbara
mas-a-2-16-24 | Dror G. Feitelson | http://academic.research.microsoft.com/Author/332485/dror-g-feitelson | organization:Hebrew University of Jerusalem
mas-a-2-16-25 | Sam Toueg | http://academic.research.microsoft.com/Author/1551255/sam-toueg | organization:University of Toronto
mas-a-2-16-26 | Leslie Lamport | http://academic.research.microsoft.com/Author/1817419/leslie-lamport | organization:Microsoft
mas-a-2-16-27 | John Hennessy | http://academic.research.microsoft.com/Author/350528/john-hennessy | organization:Stanford University
mas-a-2-16-28 | Monica S. Lam (林倩玲) | http://academic.research.microsoft.com/Author/2298592/monica-s-lam | organization:Stanford University
mas-a-2-16-29 | Howard Jay Siegel | http://academic.research.microsoft.com/Author/93649/howard-jay-siegel | organization:Colorado State University
mas-a-2-16-30 | Andrew A Chien | http://academic.research.microsoft.com/Author/772903/andrew-a-chien | organization:University of Chicago
mas-a-2-16-31 | Kenneth Birman | http://academic.research.microsoft.com/Author/156895/kenneth-birman | organization:Cornell University
mas-a-2-16-32 | Francine D. Berman (Fran) | http://academic.research.microsoft.com/Author/165521/francine-d-berman | organization:Rensselaer Polytechnic Institute
mas-a-2-16-33 | Marc Snir | http://academic.research.microsoft.com/Author/383824/marc-snir | organization:University of Illinois Urbana Champaign
mas-a-2-16-34 | Scott J. Shenker | http://academic.research.microsoft.com/Author/196415/scott-j-shenker | organization:University of California Berkeley
mas-a-2-16-35 | Rachid Guerraoui | http://academic.research.microsoft.com/Author/2324949/rachid-guerraoui | organization:École Polytechnique Fédérale de Lausanne
mas-a-2-16-36 | Dennis Gannon | http://academic.research.microsoft.com/Author/2090353/dennis-gannon | organization:Microsoft
mas-a-2-16-37 | André Schiper | http://academic.research.microsoft.com/Author/1736155/andr-schiper | organization:École Polytechnique Fédérale de Lausanne
mas-a-2-16-38 | Daniel Reed | http://academic.research.microsoft.com/Author/2490489/daniel-reed | organization:University of Illinois Urbana Champaign
mas-a-2-16-39 | John D. Kubiatowicz | http://academic.research.microsoft.com/Author/2222791/john-d-kubiatowicz | organization:University of California Berkeley
mas-a-2-16-40 | Michel Raynal | http://academic.research.microsoft.com/Author/645842/michel-raynal | organization:Institut de Recherche en Informatique et Systèmes Aléatoires
mas-a-2-16-41 | Geoffrey Charles Fox | http://academic.research.microsoft.com/Author/1040404/geoffrey-charles-fox | organization:Indiana University
mas-a-2-16-42 | Alok N. Choudhary | http://academic.research.microsoft.com/Author/791772/alok-n-choudhary | organization:Northwestern University
mas-a-2-16-43 | Henri Casanova | http://academic.research.microsoft.com/Author/779650/henri-casanova | organization:University of Hawaii System
mas-a-2-16-44 | Sartaj Sahni | http://academic.research.microsoft.com/Author/381301/sartaj-sahni | organization:University of Florida
mas-a-2-16-45 | George Karypis | http://academic.research.microsoft.com/Author/1374770/george-karypis | organization:University of Minnesota
mas-a-2-16-46 | Chau-wen Tseng | http://academic.research.microsoft.com/Author/390656/chau-wen-tseng | organization:University of Maryland
mas-a-2-16-47 | M. Frans Kaashoek | http://academic.research.microsoft.com/Author/841808/m-frans-kaashoek | organization:Massachusetts Institute of Technology
mas-a-2-16-48 | Kai Li | http://academic.research.microsoft.com/Author/11641661/kai-li | organization:Princeton University
mas-a-2-16-49 | David J. Kuck | http://academic.research.microsoft.com/Author/1086499/david-j-kuck | organization:Intel Corporation
mas-a-2-16-50 | Dhabaleswar K. Panda | http://academic.research.microsoft.com/Author/129986/dhabaleswar-k-panda | organization:Ohio State University
mas-a-2-16-51 | José Duato | http://academic.research.microsoft.com/Author/1818629/jos-duato | organization:Universidad Politécnica de Valencia
mas-a-2-16-52 | Ponnuswamy Sadayappan | http://academic.research.microsoft.com/Author/2121426/ponnuswamy-sadayappan | organization:Ohio State University
mas-a-2-16-53 | Robbert Van Renesse | http://academic.research.microsoft.com/Author/1085741/robbert-van-renesse | organization:Cornell University
mas-a-2-16-54 | Jaswinder Pal Singh | http://academic.research.microsoft.com/Author/20353/jaswinder-pal-singh | organization:Princeton University
mas-a-2-16-55 | P. Michael Melliar-smith | http://academic.research.microsoft.com/Author/1787104/p-michael-melliar-smith | organization:University of California Santa Barbara
mas-a-2-16-56 | Peter Druschel | http://academic.research.microsoft.com/Author/180454/peter-druschel | organization:Max Planck Gesellschaft
mas-a-2-16-57 | Thomas Anderson | http://academic.research.microsoft.com/Author/1717283/thomas-anderson | organization:University of Washington
mas-a-2-16-58 | Viktor Prasanna | http://academic.research.microsoft.com/Author/2322993/viktor-prasanna | organization:University of Southern California
mas-a-2-16-59 | Henri Bal | http://academic.research.microsoft.com/Author/193801/henri-bal | organization:VU University of Amsterdam
mas-a-2-16-60 | Ravishankar K. Iyer | http://academic.research.microsoft.com/Author/953241/ravishankar-k-iyer | organization:University of Illinois Urbana Champaign
mas-a-2-16-61 | Ewing L. Lusk | http://academic.research.microsoft.com/Author/235973/ewing-l-lusk | organization:Argonne National Laboratory
mas-a-2-16-62 | John Mellor-crummey | http://academic.research.microsoft.com/Author/1101989/john-mellor-crummey | organization:Rice University
mas-a-2-16-63 | Larry Rudolph | http://academic.research.microsoft.com/Author/981989/larry-rudolph | organization:Massachusetts Institute of Technology
mas-a-2-16-64 | Ion Stoica | http://academic.research.microsoft.com/Author/314355/ion-stoica | organization:University of California Berkeley
mas-a-2-16-65 | Yves Robert | http://academic.research.microsoft.com/Author/123701/yves-robert | organization:École Normale Supérieure de Lyon
mas-a-2-16-66 | Kai Hwang | http://academic.research.microsoft.com/Author/858361/kai-hwang | organization:University of Southern California
mas-a-2-16-67 | Katherine A. Yelick | http://academic.research.microsoft.com/Author/133861/katherine-a-yelick | organization:University of California Berkeley
mas-a-2-16-68 | Ewa Deelman | http://academic.research.microsoft.com/Author/318777/ewa-deelman | organization:University of Southern California
mas-a-2-16-69 | Nir Shavit | http://academic.research.microsoft.com/Author/2263423/nir-shavit | organization:Tel Aviv University
mas-a-2-16-70 | Andrew Tanenbaum | http://academic.research.microsoft.com/Author/1695414/andrew-tanenbaum | organization:VU University of Amsterdam
mas-a-2-16-71 | Flaviu Cristian | http://academic.research.microsoft.com/Author/591763/flaviu-cristian | organization:University of California San Diego
mas-a-2-16-72 | Karsten Schwan | http://academic.research.microsoft.com/Author/233404/karsten-schwan | organization:Georgia Institute of Technology
mas-a-2-16-73 | Jie Wu (吴杰) | http://academic.research.microsoft.com/Author/465372/jie-wu | organization:Temple University
mas-a-2-16-74 | Dahlia Malkhi | http://academic.research.microsoft.com/Author/950995/dahlia-malkhi | organization:Microsoft
mas-a-2-16-75 | Mukesh Singhal | http://academic.research.microsoft.com/Author/650629/mukesh-singhal | organization:University of Kentucky
mas-a-2-16-76 | Andrew Grimshaw | http://academic.research.microsoft.com/Author/725310/andrew-grimshaw | organization:University of Virginia
mas-a-2-16-77 | Roger Wattenhofer | http://academic.research.microsoft.com/Author/521551/roger-wattenhofer | organization:Swiss Federal Institute of Technology Zurich
mas-a-2-16-78 | Guy E. Blelloch | http://academic.research.microsoft.com/Author/607774/guy-e-blelloch | organization:Carnegie Mellon University
mas-a-2-16-79 | Prithviraj Banerjee | http://academic.research.microsoft.com/Author/1807694/prithviraj-banerjee | organization:Saha Institute of Nuclear Physics
mas-a-2-16-80 | Rudolf Eigenmann | http://academic.research.microsoft.com/Author/323660/rudolf-eigenmann | organization:Purdue University
mas-a-2-16-81 | Antonio Gonzalez (Antonio González) | http://academic.research.microsoft.com/Author/1124927/antonio-gonzalez | organization:Universitat Politècnica de Catalunya
mas-a-2-16-82 | Anne-Marie Kermarrec | http://academic.research.microsoft.com/Author/146591/anne-marie-kermarrec | organization:Universitat Politècnica de Catalunya
mas-a-2-16-83 | Philip S. Yu | http://academic.research.microsoft.com/Author/1329/philip-s-yu | organization:University of Illinois Chicago
mas-a-2-16-84 | Barton Miller | http://academic.research.microsoft.com/Author/406063/barton-miller | organization:University of Wisconsin Madison
mas-a-2-16-85 | Michael L Scott | http://academic.research.microsoft.com/Author/213965/michael-l-scott | organization:University of Rochester
mas-a-2-16-86 | William James Dally | http://academic.research.microsoft.com/Author/1014994/william-james-dally | organization:Stanford University
mas-a-2-16-87 | Amin M. Vahdat | http://academic.research.microsoft.com/Author/2043282/amin-m-vahdat | organization:University of California San Diego
mas-a-2-16-88 | Fred Schneider | http://academic.research.microsoft.com/Author/1392353/fred-schneider | organization:Cornell University
mas-a-2-16-89 | Laxmikant V. Kale (Laxmikant V. Kalé) | http://academic.research.microsoft.com/Author/3318147/laxmikant-v-kale | organization:University of Illinois Urbana Champaign
mas-a-2-16-90 | Vaidy S. Sunderam | http://academic.research.microsoft.com/Author/61383/vaidy-s-sunderam | organization:Emory University
mas-a-2-16-91 | Rami Melhem | http://academic.research.microsoft.com/Author/654567/rami-melhem | organization:University of Pittsburgh
mas-a-2-16-92 | Cauligi Raghavendra | http://academic.research.microsoft.com/Author/2168229/cauligi-raghavendra | organization:University of Southern California
mas-a-2-16-93 | Hagit Attiya | http://academic.research.microsoft.com/Author/538762/hagit-attiya | organization:Technion Israel Institute of Technology
mas-a-2-16-94 | Maarten van Steen | http://academic.research.microsoft.com/Author/765689/maarten-van-steen | organization:VU University of Amsterdam
mas-a-2-16-95 | Gregor von Laszewski | http://academic.research.microsoft.com/Author/190726/gregor-von-laszewski | organization:Indiana University
mas-a-2-16-96 | Paulo Verissimo (Paulo Veríssimo) | http://academic.research.microsoft.com/Author/1327719/paulo-verissimo | organization:Universidade de Lisboa
mas-a-2-16-97 | Vivek Sarkar | http://academic.research.microsoft.com/Author/2009228/vivek-sarkar | organization:Rice University
mas-a-2-16-98 | Peter A. Dinda | http://academic.research.microsoft.com/Author/1417611/peter-a-dinda | organization:Northwestern University
mas-a-2-16-99 | Louise Moser | http://academic.research.microsoft.com/Author/2495567/louise-moser | organization:University of California Santa Barbara
mas-a-2-16-100 | W. Kent Fuchs | http://academic.research.microsoft.com/Author/1562111/w-kent-fuchs | organization:Cornell University
