mas-a-7-14-1 | Jeffrey G. Williamson | http://academic.research.microsoft.com/Author/158108/jeffrey-g-williamson | organization:Harvard University
mas-a-7-14-2 | Nicholas Crafts | http://academic.research.microsoft.com/Author/277854/nicholas-crafts | organization:University of Warwick
mas-a-7-14-3 | Peter H. Lindert | http://academic.research.microsoft.com/Author/418996/peter-h-lindert | organization:University of California Davis
mas-a-7-14-4 | John Komlos | http://academic.research.microsoft.com/Author/23404370/john-komlos | organization:Ludwig Maximilian University of Munich
mas-a-7-14-5 | Peter Temin | http://academic.research.microsoft.com/Author/2956485/peter-temin | organization:Massachusetts Institute of Technology
mas-a-7-14-6 | Robert C. Allen | http://academic.research.microsoft.com/Author/1097958/robert-c-allen | organization:University of Oxford
mas-a-7-14-7 | Robert A. Margo | http://academic.research.microsoft.com/Author/2646369/robert-a-margo | organization:Boston University
mas-a-7-14-8 | Michael David Bordo | http://academic.research.microsoft.com/Author/1151248/michael-david-bordo | organization:Boston University
mas-a-7-14-9 | Richard H. Steckel | http://academic.research.microsoft.com/Author/2623816/richard-h-steckel | organization:Ohio State University
mas-a-7-14-10 | Gregory Anthony Clark | http://academic.research.microsoft.com/Author/52702814/gregory-anthony-clark | organization:University of California Davis
mas-a-7-14-11 | Barry J. Eichengreen | http://academic.research.microsoft.com/Author/854600/barry-j-eichengreen | organization:University of California Davis
mas-a-7-14-12 | Alexander James Field | http://academic.research.microsoft.com/Author/2832975/alexander-james-field | organization:University of California Davis
mas-a-7-14-13 | Cormac O Grada (Cormac Ó Gráda) | http://academic.research.microsoft.com/Author/23463868/cormac-o-grada | organization:University College Dublin
mas-a-7-14-14 | S. B. Saul | http://academic.research.microsoft.com/Author/23417351/s-b-saul | organization:University of Edinburgh
mas-a-7-14-15 | Claudia Goldin | http://academic.research.microsoft.com/Author/2590527/claudia-goldin | organization:Harvard University
mas-a-7-14-16 | John Joseph Wallis | http://academic.research.microsoft.com/Author/2709252/john-joseph-wallis | organization:University of Maryland
mas-a-7-14-17 | Pat Hudson | http://academic.research.microsoft.com/Author/11126277/pat-hudson | organization:University of Maryland
mas-a-7-14-18 | Gregory Clark | http://academic.research.microsoft.com/Author/2401956/gregory-clark | organization:University of California Davis
mas-a-7-14-19 | Sidney Pollard | http://academic.research.microsoft.com/Author/2726023/sidney-pollard | organization:University of Sheffield
mas-a-7-14-20 | Gavin Wright | http://academic.research.microsoft.com/Author/13040310/gavin-wright | organization:Stanford University
mas-a-7-14-21 | Forrest Hunter Capie | http://academic.research.microsoft.com/Author/23409781/forrest-hunter-capie | organization:City University London
mas-a-7-14-22 | Geoffrey Jones | http://academic.research.microsoft.com/Author/23435684/geoffrey-jones | organization:Harvard University
mas-a-7-14-23 | William Ashworth | http://academic.research.microsoft.com/Author/24031316/william-ashworth | organization:Harvard University
mas-a-7-14-24 | Derek H. Aldcroft | http://academic.research.microsoft.com/Author/28121754/derek-h-aldcroft | organization:University of Glasgow
mas-a-7-14-25 | Price V. Fishback | http://academic.research.microsoft.com/Author/2625972/price-v-fishback | organization:University of Arizona
mas-a-7-14-26 | Jeremy Atack | http://academic.research.microsoft.com/Author/2618090/jeremy-atack | organization:Vanderbilt University
mas-a-7-14-27 | Timothy J. Hatton | http://academic.research.microsoft.com/Author/2601044/timothy-j-hatton | organization:Australian National University
mas-a-7-14-28 | E. L. Jones | http://academic.research.microsoft.com/Author/23389334/e-l-jones | organization:Brunel University
mas-a-7-14-29 | Eric E. Lampard | http://academic.research.microsoft.com/Author/28121382/eric-e-lampard | organization:Brunel University
mas-a-7-14-30 | S. D. Chapman | http://academic.research.microsoft.com/Author/6156113/s-d-chapman | organization:Brunel University
mas-a-7-14-31 | Lee J. Alston | http://academic.research.microsoft.com/Author/3154484/lee-j-alston | organization:University of Colorado Boulder
mas-a-7-14-32 | Robert Higgs | http://academic.research.microsoft.com/Author/48875690/robert-higgs | organization:University of Colorado Boulder
mas-a-7-14-33 | Alan S. Milward | http://academic.research.microsoft.com/Author/23417350/alan-s-milward | organization:University of Colorado Boulder
mas-a-7-14-34 | Douglass C. North | http://academic.research.microsoft.com/Author/198659/douglass-c-north | organization:Washington University in St. Louis
mas-a-7-14-35 | David Greasley | http://academic.research.microsoft.com/Author/3202328/david-greasley | organization:University of Edinburgh
mas-a-7-14-36 | Stephen N. Broadberry | http://academic.research.microsoft.com/Author/7729535/stephen-n-broadberry | organization:University of Warwick
mas-a-7-14-37 | Donald N. McCloskey | http://academic.research.microsoft.com/Author/53434574/donald-n-mccloskey | organization:University of Iowa
mas-a-7-14-38 | C. Knick Harley | http://academic.research.microsoft.com/Author/2707663/c-knick-harley | organization:University of Western Ontario
mas-a-7-14-39 | Kenneth L. Sokoloff | http://academic.research.microsoft.com/Author/2104148/kenneth-l-sokoloff | organization:University of California Los Angeles
mas-a-7-14-40 | Les Oxley | http://academic.research.microsoft.com/Author/3202329/les-oxley | organization:University of Waikato
mas-a-7-14-41 | Roy Church | http://academic.research.microsoft.com/Author/23460943/roy-church | organization:University of East Anglia
mas-a-7-14-42 | Stanley L. Engerman | http://academic.research.microsoft.com/Author/52670794/stanley-l-engerman | organization:University of Rochester
mas-a-7-14-43 | A. W. Coats | http://academic.research.microsoft.com/Author/23386103/a-w-coats | organization:University of Rochester
mas-a-7-14-44 | Theo Barker | http://academic.research.microsoft.com/Author/52336050/theo-barker | organization:London School of Economics and Political Science
mas-a-7-14-45 | Donald Coleman | http://academic.research.microsoft.com/Author/23449647/donald-coleman | organization:University of Pittsburgh
mas-a-7-14-46 | Larry Neal | http://academic.research.microsoft.com/Author/23391476/larry-neal | organization:University of Illinois Urbana Champaign
mas-a-7-14-47 | Charles P. Kindleberger | http://academic.research.microsoft.com/Author/2883184/charles-p-kindleberger | organization:Massachusetts Institute of Technology
mas-a-7-14-48 | Sidney Pollard | http://academic.research.microsoft.com/Author/54313505/sidney-pollard | organization:Massachusetts Institute of Technology
mas-a-7-14-49 | Eugene Nelson White | http://academic.research.microsoft.com/Author/2638773/eugene-nelson-white | organization:Massachusetts Institute of Technology
mas-a-7-14-50 | Stephen J. Nicholas | http://academic.research.microsoft.com/Author/23461292/stephen-j-nicholas | organization:University of New South Wales
mas-a-7-14-51 | Stephen N. Broadberry | http://academic.research.microsoft.com/Author/53687151/stephen-n-broadberry | organization:University of Warwick
mas-a-7-14-52 | Mark Harrison | http://academic.research.microsoft.com/Author/1846049/mark-harrison | organization:University of Warwick
mas-a-7-14-53 | Peter Fearon | http://academic.research.microsoft.com/Author/23999765/peter-fearon | organization:University of Manchester
mas-a-7-14-54 | R. B. Outhwaite | http://academic.research.microsoft.com/Author/28121408/r-b-outhwaite | organization:University of Manchester
mas-a-7-14-55 | Jane Humphries | http://academic.research.microsoft.com/Author/23392994/jane-humphries | organization:University of Oxford
mas-a-7-14-56 | Avner Offer | http://academic.research.microsoft.com/Author/23409995/avner-offer | organization:University of Oxford
mas-a-7-14-57 | Jordan Goodman | http://academic.research.microsoft.com/Author/28122248/jordan-goodman | organization:University of Oxford
mas-a-7-14-58 | Jan Luiten van Zanden | http://academic.research.microsoft.com/Author/126691/jan-luiten-van-zanden | organization:International Institute of Social History Amsterdam
mas-a-7-14-59 | Terence R. Gourvish | http://academic.research.microsoft.com/Author/28386067/terence-r-gourvish | organization:University of East Anglia
mas-a-7-14-60 | Kevin H. O'Rourke | http://academic.research.microsoft.com/Author/1945152/kevin-h-o-rourke | organization:University of Dublin Trinity College
mas-a-7-14-61 | Joseph Melling | http://academic.research.microsoft.com/Author/37680301/joseph-melling | organization:University of Exeter
mas-a-7-14-62 | Paul A. David | http://academic.research.microsoft.com/Author/927459/paul-a-david | organization:Stanford University
mas-a-7-14-63 | PAUL A. SLACK | http://academic.research.microsoft.com/Author/28714261/paul-a-slack | organization:Stanford University
mas-a-7-14-64 | Sheilagh C. Ogilvie | http://academic.research.microsoft.com/Author/3138339/sheilagh-c-ogilvie | organization:University of Cambridge
mas-a-7-14-65 | E. L. Jones | http://academic.research.microsoft.com/Author/53306085/e-l-jones | organization:University of Cambridge
mas-a-7-14-66 | S. G. Checkland | http://academic.research.microsoft.com/Author/3114518/s-g-checkland | organization:University of Glasgow
mas-a-7-14-67 | Michael W. Flinn | http://academic.research.microsoft.com/Author/3174900/michael-w-flinn | organization:University of Glasgow
mas-a-7-14-68 | Peter J. Cain | http://academic.research.microsoft.com/Author/23448719/peter-j-cain | organization:University of Birmingham
mas-a-7-14-69 | Gary Hawke | http://academic.research.microsoft.com/Author/10822821/gary-hawke | organization:Victoria University of Wellington
mas-a-7-14-70 | E. J. Hobsbawm | http://academic.research.microsoft.com/Author/54720819/e-j-hobsbawm | organization:Victoria University of Wellington
mas-a-7-14-71 | Mark Blaug | http://academic.research.microsoft.com/Author/23170824/mark-blaug | organization:University of Amsterdam
mas-a-7-14-72 | A. J. H. Latham | http://academic.research.microsoft.com/Author/27920717/a-j-h-latham | organization:University of Amsterdam
mas-a-7-14-73 | Charles H. Feinstein | http://academic.research.microsoft.com/Author/2023864/charles-h-feinstein | organization:University of Oxford
mas-a-7-14-74 | Lars G. Sandberg | http://academic.research.microsoft.com/Author/10238825/lars-g-sandberg | organization:University of Oxford
mas-a-7-14-75 | WILLIAM ASHWORTH | http://academic.research.microsoft.com/Author/56056625/william-ashworth | organization:University of Oxford
mas-a-7-14-76 | Hans-Joachim Voth | http://academic.research.microsoft.com/Author/2871385/hans-joachim-voth | organization:Massachusetts Institute of Technology
mas-a-7-14-77 | David K. Fieldhouse | http://academic.research.microsoft.com/Author/23464235/david-k-fieldhouse | organization:Massachusetts Institute of Technology
mas-a-7-14-78 | Derek H. Aldcroft | http://academic.research.microsoft.com/Author/55217501/derek-h-aldcroft | organization:Massachusetts Institute of Technology
mas-a-7-14-79 | Richard C. Sutch | http://academic.research.microsoft.com/Author/2773836/richard-c-sutch | organization:University of California Riverside
mas-a-7-14-80 | Robert H. Ashton | http://academic.research.microsoft.com/Author/23404279/robert-h-ashton | organization:New York University
mas-a-7-14-81 | Charles W. Munn | http://academic.research.microsoft.com/Author/28130081/charles-w-munn | organization:University of Glasgow
mas-a-7-14-82 | Michael Sanderson | http://academic.research.microsoft.com/Author/28386234/michael-sanderson | organization:University of East Anglia
mas-a-7-14-83 | Leslie Hannah | http://academic.research.microsoft.com/Author/53668504/leslie-hannah | organization:University of East Anglia
mas-a-7-14-84 | L. A. Clarkson | http://academic.research.microsoft.com/Author/28123115/l-a-clarkson | organization:University of East Anglia
mas-a-7-14-85 | Michael M. Collins | http://academic.research.microsoft.com/Author/47707805/michael-m-collins | organization:University of Hull
mas-a-7-14-86 | Timothy W. Guinnane | http://academic.research.microsoft.com/Author/1397738/timothy-w-guinnane | organization:Yale University
mas-a-7-14-87 | Shawn Kantor | http://academic.research.microsoft.com/Author/2625973/shawn-kantor | organization:Rensselaer Polytechnic Institute
mas-a-7-14-88 | Michael E. Rose | http://academic.research.microsoft.com/Author/23639691/michael-e-rose | organization:Rensselaer Polytechnic Institute
mas-a-7-14-89 | David Richardson | http://academic.research.microsoft.com/Author/28612245/david-richardson | organization:University of Hull
mas-a-7-14-90 | Anne Digby | http://academic.research.microsoft.com/Author/28715047/anne-digby | organization:University of Hull
mas-a-7-14-91 | Patrick Karl OBrien | http://academic.research.microsoft.com/Author/11120992/patrick-karl-obrien | organization:University of Edinburgh
mas-a-7-14-92 | Bruce M. S. Campbell | http://academic.research.microsoft.com/Author/23163551/bruce-m-s-campbell | organization:University of Technology Sydney
mas-a-7-14-93 | D. M. Palliser | http://academic.research.microsoft.com/Author/28714816/d-m-palliser | organization:University of Technology Sydney
mas-a-7-14-94 | Giovanni Federico | http://academic.research.microsoft.com/Author/23391510/giovanni-federico | organization:Department of Social and Political Sciences Badia Fiesolana
mas-a-7-14-95 | H. A. Shannon | http://academic.research.microsoft.com/Author/23398513/h-a-shannon | organization:Department of Social and Political Sciences Badia Fiesolana
mas-a-7-14-96 | Ranald C. Michie | http://academic.research.microsoft.com/Author/3179826/ranald-c-michie | organization:Durham University
mas-a-7-14-97 | David Eltis | http://academic.research.microsoft.com/Author/23464741/david-eltis | organization:Queen's University Kingston
mas-a-7-14-98 | Eric J. Hobsbawm | http://academic.research.microsoft.com/Author/23651781/eric-j-hobsbawm | organization:Universidad Pedagógica y Tecnológica de Colombia
mas-a-7-14-99 | Harold Perkin | http://academic.research.microsoft.com/Author/28123146/harold-perkin | organization:Universidad Pedagógica y Tecnológica de Colombia
mas-a-7-14-100 | Dudley E. Baines | http://academic.research.microsoft.com/Author/28123259/dudley-e-baines | organization:Universidad Pedagógica y Tecnológica de Colombia
