mas-a-7-1-1 | John J. Siegfried | http://academic.research.microsoft.com/Author/22652748/john-j-siegfried | organization:Vanderbilt University
mas-a-7-1-2 | William B. Walstad | http://academic.research.microsoft.com/Author/10859963/william-b-walstad | organization:University of Nebraska Lincoln
mas-a-7-1-3 | David E. Stout | http://academic.research.microsoft.com/Author/23598876/david-e-stout | organization:Youngstown State University
mas-a-7-1-4 | Marilyn A. Dyrud | http://academic.research.microsoft.com/Author/54257694/marilyn-a-dyrud | organization:Oregon Institute of Technology
mas-a-7-1-5 | William E. Becker | http://academic.research.microsoft.com/Author/53272944/william-e-becker | organization:Indiana University
mas-a-7-1-6 | Frederick Phillips | http://academic.research.microsoft.com/Author/23507869/frederick-phillips | organization:Alliant International University
mas-a-7-1-7 | Barbara A Apostolou | http://academic.research.microsoft.com/Author/28583811/barbara-a-apostolou | organization:West Virginia University
mas-a-7-1-8 | B Baldwin | http://academic.research.microsoft.com/Author/27929265/b-baldwin | organization:Arizona State University
mas-a-7-1-9 | Rebecca B. Worley | http://academic.research.microsoft.com/Author/24029463/rebecca-b-worley | organization:University of Delaware
mas-a-7-1-10 | Steven P. Golen | http://academic.research.microsoft.com/Author/28822638/steven-p-golen | organization:Arizona State University
mas-a-7-1-11 | Zane K. Quible | http://academic.research.microsoft.com/Author/28828547/zane-k-quible | organization:Oklahoma State University
mas-a-7-1-12 | Jeffrey R. Cohen | http://academic.research.microsoft.com/Author/22859830/jeffrey-r-cohen | organization:Boston College
mas-a-7-1-13 | John M. Hassell | http://academic.research.microsoft.com/Author/23477308/john-m-hassell | organization:Indiana University/Purdue University Indianapolis
mas-a-7-1-14 | Deborah Valentine | http://academic.research.microsoft.com/Author/47527979/deborah-valentine | organization:Emory University
mas-a-7-1-15 | Loren A. Nikolai | http://academic.research.microsoft.com/Author/27929476/loren-a-nikolai | organization:University of Missouri
mas-a-7-1-16 | Ronald R. Sims | http://academic.research.microsoft.com/Author/10575363/ronald-r-sims | organization:College of William & Mary
mas-a-7-1-17 | Karla M. Johnstone | http://academic.research.microsoft.com/Author/3819380/karla-m-johnstone | organization:University of Wisconsin Madison
mas-a-7-1-18 | Anthony H. Catanach | http://academic.research.microsoft.com/Author/28984207/anthony-h-catanach | organization:Villanova University
mas-a-7-1-19 | Jone Rymer | http://academic.research.microsoft.com/Author/28818173/jone-rymer | organization:Wayne State University
mas-a-7-1-20 | Iris I. Varner | http://academic.research.microsoft.com/Author/28828068/iris-i-varner | organization:Illinois State University
mas-a-7-1-21 | Debbie D. DuFrene | http://academic.research.microsoft.com/Author/28828322/debbie-d-dufrene | organization:Stephen F Austin State University
mas-a-7-1-22 | Clive Muir | http://academic.research.microsoft.com/Author/49339999/clive-muir | organization:Winston Salem State University
mas-a-7-1-23 | Priscilla S. Rogers | http://academic.research.microsoft.com/Author/27323523/priscilla-s-rogers | organization:University of Michigan
mas-a-7-1-24 | Jeanette W. Gilsdorf | http://academic.research.microsoft.com/Author/10835036/jeanette-w-gilsdorf | organization:California State University Long Beach
mas-a-7-1-25 | Michael J. Watts | http://academic.research.microsoft.com/Author/23411428/michael-j-watts | organization:University of Adelaide
mas-a-7-1-26 | Chee W. Chow | http://academic.research.microsoft.com/Author/23465554/chee-w-chow | organization:University of California San Diego
mas-a-7-1-27 | Carol M. Lehman | http://academic.research.microsoft.com/Author/46073503/carol-m-lehman | organization:Mississippi State University
mas-a-7-1-28 | C. Glenn Pearce | http://academic.research.microsoft.com/Author/46951351/c-glenn-pearce | organization:Virginia Commonwealth University
mas-a-7-1-29 | Alan Reinstein | http://academic.research.microsoft.com/Author/10845698/alan-reinstein | organization:Wayne State University
mas-a-7-1-30 | James E. Rebele | http://academic.research.microsoft.com/Author/27929445/james-e-rebele | organization:Robert Morris University
mas-a-7-1-31 | Sue Pickard Ravenscroft | http://academic.research.microsoft.com/Author/27929727/sue-pickard-ravenscroft | organization:Iowa State University
mas-a-7-1-32 | Philip M. J. Reckers | http://academic.research.microsoft.com/Author/2671242/philip-m-j-reckers | organization:Arizona State University
mas-a-7-1-33 | Mark Mabrito | http://academic.research.microsoft.com/Author/28828520/mark-mabrito | organization:Purdue University
mas-a-7-1-34 | A. Faye Borthick | http://academic.research.microsoft.com/Author/74896/a-faye-borthick | organization:Georgia State University
mas-a-7-1-35 | Marshall A. Geiger | http://academic.research.microsoft.com/Author/3866454/marshall-a-geiger | organization:University of Richmond
mas-a-7-1-36 | Kenneth J. Smith | http://academic.research.microsoft.com/Author/28163116/kenneth-j-smith | organization:Salisbury University
mas-a-7-1-37 | Donald E. Wygal | http://academic.research.microsoft.com/Author/28401638/donald-e-wygal | organization:Rider University
mas-a-7-1-38 | Nancy M. Schullery | http://academic.research.microsoft.com/Author/28818273/nancy-m-schullery | organization:Western Michigan University
mas-a-7-1-39 | Kathleen M. Hiemstra | http://academic.research.microsoft.com/Author/28828371/kathleen-m-hiemstra | organization:John Carroll University
mas-a-7-1-40 | Sally A. Webber | http://academic.research.microsoft.com/Author/34326103/sally-a-webber | organization:Northern Illinois University
mas-a-7-1-41 | Sydel Sokuvitz | http://academic.research.microsoft.com/Author/47361556/sydel-sokuvitz | organization:Babson College
mas-a-7-1-42 | Steven A. Greenlaw | http://academic.research.microsoft.com/Author/50965129/steven-a-greenlaw | organization:University of Mary Washington
mas-a-7-1-43 | Peter G. E. Kennedy | http://academic.research.microsoft.com/Author/1160434/peter-g-e-kennedy | organization:Glasgow Caledonian University
mas-a-7-1-44 | Billie M. Cunningham | http://academic.research.microsoft.com/Author/4542616/billie-m-cunningham | organization:University of Missouri
mas-a-7-1-45 | David R. Fordham | http://academic.research.microsoft.com/Author/4542617/david-r-fordham | organization:James Madison University
mas-a-7-1-46 | Kent St. Pierre | http://academic.research.microsoft.com/Author/4542618/kent-st-pierre | organization:University of Delaware
mas-a-7-1-47 | John F. Chizmar | http://academic.research.microsoft.com/Author/23689164/john-f-chizmar | organization:Illinois State University
mas-a-7-1-48 | Tim V. Eaton | http://academic.research.microsoft.com/Author/27366492/tim-v-eaton | organization:University of Oxford
mas-a-7-1-49 | Annette Nevin Shelby | http://academic.research.microsoft.com/Author/28818139/annette-nevin-shelby | organization:Georgetown University
mas-a-7-1-50 | Sarah A. Holmes | http://academic.research.microsoft.com/Author/28984377/sarah-a-holmes | organization:Texas A&M University
mas-a-7-1-51 | Cathy Ryan | http://academic.research.microsoft.com/Author/42807615/cathy-ryan | organization:Ohio State University
mas-a-7-1-52 | Kristin Walker | http://academic.research.microsoft.com/Author/43173917/kristin-walker | organization:Tennessee Technological University
mas-a-7-1-53 | William J. Wardrope | http://academic.research.microsoft.com/Author/44258512/william-j-wardrope | organization:University of Central Oklahoma
mas-a-7-1-54 | Judith Bogert | http://academic.research.microsoft.com/Author/47402235/judith-bogert | organization:Pennsylvania State University
mas-a-7-1-55 | Bruce Macfarlane | http://academic.research.microsoft.com/Author/51275902/bruce-macfarlane | organization:City University London
mas-a-7-1-56 | Stephanie F. Watson | http://academic.research.microsoft.com/Author/56009835/stephanie-f-watson | organization:University of Central Arkansas
mas-a-7-1-57 | John C. Bean | http://academic.research.microsoft.com/Author/56275761/john-c-bean | organization:Seattle University
mas-a-7-1-58 | Susan K Wolcott | http://academic.research.microsoft.com/Author/4043240/susan-k-wolcott | organization:Binghamton University
mas-a-7-1-59 | Johannes Brinkmann | http://academic.research.microsoft.com/Author/23667089/johannes-brinkmann | organization:Bi Norwegian School of Management
mas-a-7-1-60 | James R. Hasselback | http://academic.research.microsoft.com/Author/23726422/james-r-hasselback | organization:University of West Florida
mas-a-7-1-61 | Stephanie M. Bryant | http://academic.research.microsoft.com/Author/27261165/stephanie-m-bryant | organization:University of South Florida
mas-a-7-1-62 | Thomas P. Howard | http://academic.research.microsoft.com/Author/27929342/thomas-p-howard | organization:University of Missouri
mas-a-7-1-63 | Angus Duff | http://academic.research.microsoft.com/Author/27929681/angus-duff | organization:University of the West of Scotland
mas-a-7-1-64 | Ronald A. Davidson | http://academic.research.microsoft.com/Author/28401895/ronald-a-davidson | organization:Arizona State University
mas-a-7-1-65 | Jan R. Williams | http://academic.research.microsoft.com/Author/28984788/jan-r-williams | organization:Arizona State University
mas-a-7-1-66 | Mary Munter | http://academic.research.microsoft.com/Author/50543671/mary-munter | organization:Dartmouth College
mas-a-7-1-67 | Karen K. Waner | http://academic.research.microsoft.com/Author/52273636/karen-k-waner | organization:University of Central Missouri
mas-a-7-1-68 | R. Z. Baker | http://academic.research.microsoft.com/Author/52714144/r-z-baker | organization:University of Central Missouri
mas-a-7-1-69 | Carol G. Johnston | http://academic.research.microsoft.com/Author/56930733/carol-g-johnston | organization:University of Melbourne
mas-a-7-1-70 | Deborah C. Andrews | http://academic.research.microsoft.com/Author/42781567/deborah-c-andrews | organization:University of Delaware
mas-a-7-1-71 | Jim Dubinsky | http://academic.research.microsoft.com/Author/28828993/jim-dubinsky | organization:Virginia Polytechnic Institute and State University
mas-a-7-1-72 | Daphne A. Jameson | http://academic.research.microsoft.com/Author/53961043/daphne-a-jameson | organization:Cornell University
mas-a-7-1-73 | Gretchen N. Vik | http://academic.research.microsoft.com/Author/47576978/gretchen-n-vik | organization:San Diego State University
mas-a-7-1-74 | Michael Knight | http://academic.research.microsoft.com/Author/28626175/michael-knight | organization:London South Bank University
mas-a-7-1-75 | Paula J. Pomerenke | http://academic.research.microsoft.com/Author/28828099/paula-j-pomerenke | organization:Illinois State University
mas-a-7-1-76 | Kitty O. Locker | http://academic.research.microsoft.com/Author/28828516/kitty-o-locker | organization:Ohio State University
mas-a-7-1-77 | Betty S. Johnson | http://academic.research.microsoft.com/Author/357754/betty-s-johnson | organization:Stephen F Austin State University
mas-a-7-1-78 | Nelda H. Spinks | http://academic.research.microsoft.com/Author/23442464/nelda-h-spinks | organization:University of California Los Angeles
mas-a-7-1-79 | Barron Wells | http://academic.research.microsoft.com/Author/42285255/barron-wells | organization:University of California Los Angeles
mas-a-7-1-80 | Yunxia Zhu | http://academic.research.microsoft.com/Author/42488628/yunxia-zhu | organization:University of Queensland
mas-a-7-1-81 | Barbara D. Davis | http://academic.research.microsoft.com/Author/47311012/barbara-d-davis | organization:University of Memphis
mas-a-7-1-82 | Marie E. Flatley | http://academic.research.microsoft.com/Author/47381437/marie-e-flatley | organization:San Diego State University
mas-a-7-1-83 | James Calvert Scott | http://academic.research.microsoft.com/Author/56328197/james-calvert-scott | organization:University of the West of England
mas-a-7-1-84 | Peter W. Cardon | http://academic.research.microsoft.com/Author/18307579/peter-w-cardon | organization:University of South Carolina
mas-a-7-1-85 | Mike Willis | http://academic.research.microsoft.com/Author/53123888/mike-willis | organization:University of Ballarat
mas-a-7-1-86 | Deborah Britt Roebuck | http://academic.research.microsoft.com/Author/28828236/deborah-britt-roebuck | organization:Kennesaw State University
mas-a-7-1-87 | Roberta H. Krapels | http://academic.research.microsoft.com/Author/28828846/roberta-h-krapels | organization:University of Mississippi
mas-a-7-1-88 | Kim H Sosin | http://academic.research.microsoft.com/Author/342117/kim-h-sosin | organization:University of Nebraska Omaha
mas-a-7-1-89 | KimMarie McGoldrick | http://academic.research.microsoft.com/Author/23921449/kimmarie-mcgoldrick | organization:University of Richmond
mas-a-7-1-90 | Ralph L. Benke Jr | http://academic.research.microsoft.com/Author/27929247/ralph-l-benke-jr | organization:James Madison University
mas-a-7-1-91 | Valerie Priscilla Goby | http://academic.research.microsoft.com/Author/46111382/valerie-priscilla-goby | organization:Zayed University
mas-a-7-1-92 | Brian Ballou | http://academic.research.microsoft.com/Author/47328920/brian-ballou | organization:University of Oxford
mas-a-7-1-93 | Linda R. Mahin | http://academic.research.microsoft.com/Author/47509739/linda-r-mahin | organization:Towson University (Baltimore Hebrew University)
mas-a-7-1-94 | Thomas D. Clark | http://academic.research.microsoft.com/Author/52452129/thomas-d-clark | organization:Xavier University of Cincinnati
mas-a-7-1-95 | Manfred Gartner (Manfred Gärtner) | http://academic.research.microsoft.com/Author/4117092/manfred-gartner | organization:Universität Saint Gallen
mas-a-7-1-96 | Stacy E. Kovar | http://academic.research.microsoft.com/Author/11420338/stacy-e-kovar | organization:Kansas State University
mas-a-7-1-97 | Timothy J. Fogarty | http://academic.research.microsoft.com/Author/23408184/timothy-j-fogarty | organization:Case Western Reserve University
mas-a-7-1-98 | Stephen Buckles | http://academic.research.microsoft.com/Author/23815914/stephen-buckles | organization:Vanderbilt University
mas-a-7-1-99 | Judi Brownell | http://academic.research.microsoft.com/Author/24044120/judi-brownell | organization:Cornell University
mas-a-7-1-100 | Marsha L. Bayless | http://academic.research.microsoft.com/Author/27889294/marsha-l-bayless | organization:Stephen F Austin State University
