mas-a-2-10-1 | Pat Hanrahan | http://academic.research.microsoft.com/Author/485201/pat-hanrahan | organization:Stanford University
mas-a-2-10-2 | Markus H. Gross | http://academic.research.microsoft.com/Author/2131669/markus-h-gross | organization:Swiss Federal Institute of Technology Zurich
mas-a-2-10-3 | Nadia Magnenat-Thalmann | http://academic.research.microsoft.com/Author/187896/nadia-magnenat-thalmann | organization:Université de Geneve
mas-a-2-10-4 | Hans-peter Seidel | http://academic.research.microsoft.com/Author/495931/hans-peter-seidel | organization:Max Planck Gesellschaft
mas-a-2-10-5 | Daniel Thalmann | http://academic.research.microsoft.com/Author/244624/daniel-thalmann | organization:École Polytechnique Fédérale de Lausanne
mas-a-2-10-6 | Donald Greenberg | http://academic.research.microsoft.com/Author/1250940/donald-greenberg | organization:Cornell University
mas-a-2-10-7 | Michael F. Cohen | http://academic.research.microsoft.com/Author/962159/michael-f-cohen | organization:Microsoft
mas-a-2-10-8 | David Salesin | http://academic.research.microsoft.com/Author/42214/david-salesin | organization:University of Washington
mas-a-2-10-9 | Arie E. Kaufman | http://academic.research.microsoft.com/Author/1508808/arie-e-kaufman | organization:Stony Brook University
mas-a-2-10-10 | Dinesh Manocha | http://academic.research.microsoft.com/Author/1319170/dinesh-manocha | organization:University of North Carolina Chapel Hill
mas-a-2-10-11 | Daniel Cohen-Or | http://academic.research.microsoft.com/Author/1710271/daniel-cohen-or | organization:Tel Aviv University
mas-a-2-10-12 | Peter . Schroder | http://academic.research.microsoft.com/Author/55956/peter-schroder | organization:California Institute of Technology
mas-a-2-10-13 | Hugues Hoppe | http://academic.research.microsoft.com/Author/943885/hugues-hoppe | organization:Microsoft
mas-a-2-10-14 | Marc Levoy | http://academic.research.microsoft.com/Author/747018/marc-levoy | organization:Stanford University
mas-a-2-10-15 | Ming C. Lin | http://academic.research.microsoft.com/Author/1353438/ming-c-lin | organization:University of North Carolina Chapel Hill
mas-a-2-10-16 | Leif Kobbelt | http://academic.research.microsoft.com/Author/1617720/leif-kobbelt | organization:Rheinisch Westfalische Technische Hochschule Aachen
mas-a-2-10-17 | Norman Badler | http://academic.research.microsoft.com/Author/334378/norman-badler | organization:University of Pennsylvania
mas-a-2-10-18 | Peter Shirley | http://academic.research.microsoft.com/Author/537109/peter-shirley | organization:University of Utah
mas-a-2-10-19 | Thomas A. Funkhouser | http://academic.research.microsoft.com/Author/580628/thomas-a-funkhouser | organization:Princeton University
mas-a-2-10-20 | Harry Shum (沈向洋) | http://academic.research.microsoft.com/Author/13914/harry-shum | organization:Microsoft
mas-a-2-10-21 | Mathieu Desbrun | http://academic.research.microsoft.com/Author/1462402/mathieu-desbrun | organization:California Institute of Technology
mas-a-2-10-22 | Charles D. Hansen | http://academic.research.microsoft.com/Author/549370/charles-d-hansen | organization:University of Utah
mas-a-2-10-23 | Jessica K. Hodgins | http://academic.research.microsoft.com/Author/2225226/jessica-k-hodgins | organization:Carnegie Mellon University
mas-a-2-10-24 | Thomas Ertl | http://academic.research.microsoft.com/Author/613014/thomas-ertl | organization:University of Stuttgart
mas-a-2-10-25 | Greg Turk | http://academic.research.microsoft.com/Author/1424146/greg-turk | organization:Georgia Institute of Technology
mas-a-2-10-26 | Demetri Terzopoulos | http://academic.research.microsoft.com/Author/481789/demetri-terzopoulos | organization:University of California Los Angeles
mas-a-2-10-27 | Roberto Scopigno | http://academic.research.microsoft.com/Author/748650/roberto-scopigno | organization:Consiglio Nazionale delle Ricerche
mas-a-2-10-28 | Henry Fuchs | http://academic.research.microsoft.com/Author/1758610/henry-fuchs | organization:University of North Carolina Chapel Hill
mas-a-2-10-29 | Tony Derose | http://academic.research.microsoft.com/Author/790307/tony-derose | organization:University of Washington
mas-a-2-10-30 | Fredo Durand | http://academic.research.microsoft.com/Author/615697/fredo-durand | organization:Massachusetts Institute of Technology
mas-a-2-10-31 | George Drettakis | http://academic.research.microsoft.com/Author/358751/george-drettakis | organization:The French National Institute for Research in Computer Science and Control
mas-a-2-10-32 | James F. O'brien | http://academic.research.microsoft.com/Author/1013108/james-f-o-brien | organization:University of California Berkeley
mas-a-2-10-33 | Claudio T. Silva | http://academic.research.microsoft.com/Author/2347544/claudio-t-silva | organization:Polytechnic University of New York
mas-a-2-10-34 | Julie Dorsey | http://academic.research.microsoft.com/Author/689143/julie-dorsey | organization:Yale University
mas-a-2-10-35 | Ronald Fedkiw | http://academic.research.microsoft.com/Author/1783920/ronald-fedkiw | organization:Stanford University
mas-a-2-10-36 | Richard Szeliski | http://academic.research.microsoft.com/Author/1619119/richard-szeliski | organization:Microsoft
mas-a-2-10-37 | Alan Barr | http://academic.research.microsoft.com/Author/163035/alan-barr | organization:California Institute of Technology
mas-a-2-10-38 | Kwan-Liu Ma | http://academic.research.microsoft.com/Author/866109/kwan-liu-ma | organization:University of California Davis
mas-a-2-10-39 | Bernd Hamann | http://academic.research.microsoft.com/Author/413457/bernd-hamann | organization:University of California Davis
mas-a-2-10-40 | Paolo Cignoni | http://academic.research.microsoft.com/Author/1151622/paolo-cignoni | organization:Consiglio Nazionale delle Ricerche
mas-a-2-10-41 | Hanspeter Pfister | http://academic.research.microsoft.com/Author/1048044/hanspeter-pfister | organization:Harvard University
mas-a-2-10-42 | Marc Alexa | http://academic.research.microsoft.com/Author/1960019/marc-alexa | organization:Technical University of Berlin
mas-a-2-10-43 | Nelson L. Max | http://academic.research.microsoft.com/Author/1289104/nelson-l-max | organization:University of California Davis
mas-a-2-10-44 | Dani Lischinski | http://academic.research.microsoft.com/Author/1321340/dani-lischinski | organization:Hebrew University of Jerusalem
mas-a-2-10-45 | John Hughes | http://academic.research.microsoft.com/Author/1519974/john-hughes | organization:Brown University
mas-a-2-10-46 | Baining Guo (郭百宁) | http://academic.research.microsoft.com/Author/1712205/baining-guo | organization:Microsoft
mas-a-2-10-47 | Jarek Rossignac | http://academic.research.microsoft.com/Author/1769726/jarek-rossignac | organization:Georgia Institute of Technology
mas-a-2-10-48 | Chandrajit Bajaj | http://academic.research.microsoft.com/Author/1344231/chandrajit-bajaj | organization:University of Texas Austin
mas-a-2-10-49 | Philipp Slusallek | http://academic.research.microsoft.com/Author/560120/philipp-slusallek | organization:Saarland University
mas-a-2-10-50 | Wolfgang Heidrich | http://academic.research.microsoft.com/Author/1744218/wolfgang-heidrich | organization:University of British Columbia
mas-a-2-10-51 | Ulrich Neumann | http://academic.research.microsoft.com/Author/729055/ulrich-neumann | organization:University of Southern California
mas-a-2-10-52 | Francois Sillion | http://academic.research.microsoft.com/Author/3312671/francois-sillion | organization:The French National Institute for Research in Computer Science and Control
mas-a-2-10-53 | Thomas W. Sederberg | http://academic.research.microsoft.com/Author/1458160/thomas-w-sederberg | organization:Brigham Young University
mas-a-2-10-54 | Adam Finkelstein | http://academic.research.microsoft.com/Author/400706/adam-finkelstein | organization:Princeton University
mas-a-2-10-55 | Tomoyuki Nishita (西田友是) | http://academic.research.microsoft.com/Author/1502800/tomoyuki-nishita | organization:University of Tokyo
mas-a-2-10-56 | Dieter Schmalstieg | http://academic.research.microsoft.com/Author/684155/dieter-schmalstieg | organization:Vienna University of Technology
mas-a-2-10-57 | Valerio Pascucci | http://academic.research.microsoft.com/Author/1701732/valerio-pascucci | organization:University of Utah
mas-a-2-10-58 | Craig Gotsman | http://academic.research.microsoft.com/Author/722737/craig-gotsman | organization:Technion Israel Institute of Technology
mas-a-2-10-59 | Marie-paule Cani | http://academic.research.microsoft.com/Author/655824/marie-paule-cani | organization:Institut Informatique et Mathématiques Appliquées de Grenoble
mas-a-2-10-60 | Paul Ernest Debevec | http://academic.research.microsoft.com/Author/134730/paul-ernest-debevec | organization:University of Southern California
mas-a-2-10-61 | Maneesh Agrawala | http://academic.research.microsoft.com/Author/1126522/maneesh-agrawala | organization:University of California Berkeley
mas-a-2-10-62 | Gerald Farin | http://academic.research.microsoft.com/Author/246275/gerald-farin | organization:Arizona State University
mas-a-2-10-63 | Claudio Montani | http://academic.research.microsoft.com/Author/421857/claudio-montani | organization:Consiglio Nazionale delle Ricerche
mas-a-2-10-64 | Ross Whitaker | http://academic.research.microsoft.com/Author/1206838/ross-whitaker | organization:University of Utah
mas-a-2-10-65 | Leonard McMillan | http://academic.research.microsoft.com/Author/39790/leonard-mcmillan | organization:University of North Carolina Chapel Hill
mas-a-2-10-66 | Michael Garland | http://academic.research.microsoft.com/Author/1657902/michael-garland | organization:NVIDIA
mas-a-2-10-67 | Steven J. Gortler | http://academic.research.microsoft.com/Author/24461/steven-j-gortler | organization:Harvard University
mas-a-2-10-68 | Eduard Gröller | http://academic.research.microsoft.com/Author/1143526/eduard-gr-ller | organization:Vienna University of Technology
mas-a-2-10-69 | Ramesh Raskar | http://academic.research.microsoft.com/Author/2099894/ramesh-raskar | organization:Massachusetts Institute of Technology
mas-a-2-10-70 | Jeroen van Wijk | http://academic.research.microsoft.com/Author/1248281/jeroen-van-wijk | organization:Eindhoven University of Technology
mas-a-2-10-71 | Steven K Feiner | http://academic.research.microsoft.com/Author/24134035/steven-k-feiner | organization:Columbia University
mas-a-2-10-72 | Roni Yagel | http://academic.research.microsoft.com/Author/1027097/roni-yagel | organization:Ohio State University
mas-a-2-10-73 | Mark Pauly | http://academic.research.microsoft.com/Author/10490524/mark-pauly | organization:École Polytechnique Fédérale de Lausanne
mas-a-2-10-74 | John Snyder | http://academic.research.microsoft.com/Author/11641696/john-snyder | organization:Microsoft
mas-a-2-10-75 | Paul S. Heckbert | http://academic.research.microsoft.com/Author/2259481/paul-s-heckbert | organization:Carnegie Mellon University
mas-a-2-10-76 | Kenneth I. Joy | http://academic.research.microsoft.com/Author/290700/kenneth-i-joy | organization:University of California Davis
mas-a-2-10-77 | Helwig Hauser | http://academic.research.microsoft.com/Author/1217631/helwig-hauser | organization:University of Bergen
mas-a-2-10-78 | David S. Ebert | http://academic.research.microsoft.com/Author/595592/david-s-ebert | organization:Purdue University
mas-a-2-10-79 | John C. Hart | http://academic.research.microsoft.com/Author/79313/john-c-hart | organization:University of Illinois Urbana Champaign
mas-a-2-10-80 | Mark Billinghurst | http://academic.research.microsoft.com/Author/2433632/mark-billinghurst | organization:University of Canterbury
mas-a-2-10-81 | Helmut Pottmann | http://academic.research.microsoft.com/Author/680782/helmut-pottmann | organization:Vienna University of Technology
mas-a-2-10-82 | Gregory M. Nielson | http://academic.research.microsoft.com/Author/2348402/gregory-m-nielson | organization:Arizona State University
mas-a-2-10-83 | Jan Kautz | http://academic.research.microsoft.com/Author/540374/jan-kautz | organization:University College London
mas-a-2-10-84 | Henrik Wann Jensen | http://academic.research.microsoft.com/Author/686718/henrik-wann-jensen | organization:Broadcom Corporation
mas-a-2-10-85 | Denis Zorin | http://academic.research.microsoft.com/Author/1996927/denis-zorin | organization:New York University
mas-a-2-10-86 | Szymon Rusinkiewicz | http://academic.research.microsoft.com/Author/1073134/szymon-rusinkiewicz | organization:Princeton University
mas-a-2-10-87 | Michael L. Gleicher | http://academic.research.microsoft.com/Author/234923/michael-l-gleicher | organization:University of Wisconsin Madison
mas-a-2-10-88 | Brian Lee Curless | http://academic.research.microsoft.com/Author/150869/brian-lee-curless | organization:University of Washington
mas-a-2-10-89 | Andrew Witkin | http://academic.research.microsoft.com/Author/723142/andrew-witkin | organization:Carnegie Mellon University
mas-a-2-10-90 | Aristides A. G. Requicha | http://academic.research.microsoft.com/Author/159298/aristides-a-g-requicha | organization:University of Southern California
mas-a-2-10-91 | Jos Stam | http://academic.research.microsoft.com/Author/1591271/jos-stam | organization:Autodesk
mas-a-2-10-92 | Tosiyasu Kunii (國井利泰) | http://academic.research.microsoft.com/Author/643295/tosiyasu-kunii | organization:Kanazawa University
mas-a-2-10-93 | Klaus Mueller | http://academic.research.microsoft.com/Author/1957983/klaus-mueller | organization:Stony Brook University
mas-a-2-10-94 | Ronan Boulic | http://academic.research.microsoft.com/Author/264709/ronan-boulic | organization:École Polytechnique Fédérale de Lausanne
mas-a-2-10-95 | Holly E. Rushmeier | http://academic.research.microsoft.com/Author/1234437/holly-e-rushmeier | organization:Yale University
mas-a-2-10-96 | James R. Arvo | http://academic.research.microsoft.com/Author/639542/james-r-arvo | organization:University of California Irvine
mas-a-2-10-97 | Rudiger Westermann (Rüdiger Westermann) | http://academic.research.microsoft.com/Author/695914/rudiger-westermann | organization:Technical University Munich
mas-a-2-10-98 | Amitabh Varshney | http://academic.research.microsoft.com/Author/832556/amitabh-varshney | organization:University of Maryland
mas-a-2-10-99 | Zoran Popovic (Zoran Popović) | http://academic.research.microsoft.com/Author/2381398/zoran-popovic | organization:University of Washington
mas-a-2-10-100 | Ingo Wald | http://academic.research.microsoft.com/Author/909526/ingo-wald | organization:University of Utah
