mas-a-2-3-1 | Alberto L. Sangiovanni-Vincentelli | http://academic.research.microsoft.com/Author/1927673/alberto-l-sangiovanni-vincentelli | organization:University of California Berkeley
mas-a-2-3-2 | Giovanni De Micheli | http://academic.research.microsoft.com/Author/63609/giovanni-de-micheli | organization:École Polytechnique Fédérale de Lausanne
mas-a-2-3-3 | Robert Brayton | http://academic.research.microsoft.com/Author/246992/robert-brayton | organization:University of California Berkeley
mas-a-2-3-4 | Jason Cong (丛京生) | http://academic.research.microsoft.com/Author/1441395/jason-cong | organization:University of California Los Angeles
mas-a-2-3-5 | Luca Benini | http://academic.research.microsoft.com/Author/4329/luca-benini | organization:Università di Bologna
mas-a-2-3-6 | Andrew Kahng | http://academic.research.microsoft.com/Author/222639/andrew-kahng | organization:University of California San Diego
mas-a-2-3-7 | Massoud Pedram | http://academic.research.microsoft.com/Author/484349/massoud-pedram | organization:University of Southern California
mas-a-2-3-8 | Srinivas Devadas | http://academic.research.microsoft.com/Author/2406204/srinivas-devadas | organization:Massachusetts Institute of Technology
mas-a-2-3-9 | Anantha Chandrakasan | http://academic.research.microsoft.com/Author/1431796/anantha-chandrakasan | organization:Massachusetts Institute of Technology
mas-a-2-3-10 | Sharad Malik | http://academic.research.microsoft.com/Author/751872/sharad-malik | organization:Princeton University
mas-a-2-3-11 | Mark D. Hill | http://academic.research.microsoft.com/Author/24944/mark-d-hill | organization:University of Wisconsin Madison
mas-a-2-3-12 | Kaushik Roy | http://academic.research.microsoft.com/Author/389260/kaushik-roy | organization:Purdue University
mas-a-2-3-13 | Jan M. Rabaey | http://academic.research.microsoft.com/Author/905626/jan-m-rabaey | organization:University of California Berkeley
mas-a-2-3-14 | James Smith | http://academic.research.microsoft.com/Author/1387368/james-smith | organization:Duke University
mas-a-2-3-15 | David T. Blaauw | http://academic.research.microsoft.com/Author/590262/david-t-blaauw | organization:University of Michigan
mas-a-2-3-16 | Kurt Keutzer | http://academic.research.microsoft.com/Author/1969488/kurt-keutzer | organization:University of California Berkeley
mas-a-2-3-17 | Sudhakar M. Reddy | http://academic.research.microsoft.com/Author/1654571/sudhakar-m-reddy | organization:University of Iowa
mas-a-2-3-18 | Niraj K. Jha | http://academic.research.microsoft.com/Author/7836/niraj-k-jha | organization:Princeton University
mas-a-2-3-19 | Kwang-ting Cheng | http://academic.research.microsoft.com/Author/191912/kwang-ting-cheng | organization:University of California Santa Barbara
mas-a-2-3-20 | Norman Jouppi | http://academic.research.microsoft.com/Author/298725/norman-jouppi | organization:HP Labs
mas-a-2-3-21 | Hugo De Man | http://academic.research.microsoft.com/Author/344131/hugo-de-man | organization:Interuniversity Microelectronics Center
mas-a-2-3-22 | Trevor Mudge | http://academic.research.microsoft.com/Author/798776/trevor-mudge | organization:University of Michigan
mas-a-2-3-23 | Mark A. Horowitz | http://academic.research.microsoft.com/Author/655550/mark-a-horowitz | organization:Stanford University
mas-a-2-3-24 | Gurindar S. Sohi | http://academic.research.microsoft.com/Author/2452798/gurindar-s-sohi | organization:University of Wisconsin Madison
mas-a-2-3-25 | Edward A. Lee | http://academic.research.microsoft.com/Author/1726667/edward-a-lee | organization:University of California Berkeley
mas-a-2-3-26 | Nikil D. Dutt | http://academic.research.microsoft.com/Author/22613983/nikil-d-dutt | organization:University of California Irvine
mas-a-2-3-27 | Mary Jane Irwin | http://academic.research.microsoft.com/Author/26270/mary-jane-irwin | organization:Pennsylvania State University
mas-a-2-3-28 | Daniel Gajski | http://academic.research.microsoft.com/Author/170507/daniel-gajski | organization:University of California Irvine
mas-a-2-3-29 | Vijaykrishnan Narayanan (Vijay Narayanan) | http://academic.research.microsoft.com/Author/1087530/vijaykrishnan-narayanan | organization:Pennsylvania State University
mas-a-2-3-30 | Sachin S. Sapatnekar | http://academic.research.microsoft.com/Author/124861/sachin-s-sapatnekar | organization:University of Minnesota
mas-a-2-3-31 | William James Dally | http://academic.research.microsoft.com/Author/1014994/william-james-dally | organization:Stanford University
mas-a-2-3-32 | John Hennessy | http://academic.research.microsoft.com/Author/350528/john-hennessy | organization:Stanford University
mas-a-2-3-33 | Miodrag Potkonjak | http://academic.research.microsoft.com/Author/286199/miodrag-potkonjak | organization:University of California Los Angeles
mas-a-2-3-34 | Majid Sarrafzadeh | http://academic.research.microsoft.com/Author/10519150/majid-sarrafzadeh | organization:University of California Los Angeles
mas-a-2-3-35 | Yale N. Patt | http://academic.research.microsoft.com/Author/1047132/yale-n-patt | organization:University of Texas Austin
mas-a-2-3-36 | Janak H. Patel | http://academic.research.microsoft.com/Author/167583/janak-h-patel | organization:University of Illinois Urbana Champaign
mas-a-2-3-37 | Wen-mei W. Hwu | http://academic.research.microsoft.com/Author/1585468/wen-mei-w-hwu | organization:University of Illinois Urbana Champaign
mas-a-2-3-38 | Gary Hachtel | http://academic.research.microsoft.com/Author/867216/gary-hachtel | organization:University of Colorado Boulder
mas-a-2-3-39 | Irith Pomeranz | http://academic.research.microsoft.com/Author/603797/irith-pomeranz | organization:Purdue University
mas-a-2-3-40 | Krishnendu Chakrabarty | http://academic.research.microsoft.com/Author/1840406/krishnendu-chakrabarty | organization:Duke University
mas-a-2-3-41 | Lawrence T. Pileggi | http://academic.research.microsoft.com/Author/160193/lawrence-t-pileggi | organization:Carnegie Mellon University
mas-a-2-3-42 | Fabio Somenzi | http://academic.research.microsoft.com/Author/961931/fabio-somenzi | organization:University of Colorado Boulder
mas-a-2-3-43 | David A. Wood | http://academic.research.microsoft.com/Author/10567244/david-a-wood | organization:University of Wisconsin Madison
mas-a-2-3-44 | Mahmut Kandemir | http://academic.research.microsoft.com/Author/255433/mahmut-kandemir | organization:Pennsylvania State University
mas-a-2-3-45 | Vishwani D. Agrawal | http://academic.research.microsoft.com/Author/1007227/vishwani-d-agrawal | organization:Auburn University
mas-a-2-3-46 | Anand Raghunathan | http://academic.research.microsoft.com/Author/556934/anand-raghunathan | organization:Purdue University
mas-a-2-3-47 | Jonathan Rose | http://academic.research.microsoft.com/Author/272608/jonathan-rose | organization:University of Toronto
mas-a-2-3-48 | Randal Bryant | http://academic.research.microsoft.com/Author/1976763/randal-bryant | organization:Carnegie Mellon University
mas-a-2-3-49 | Igor L. Markov | http://academic.research.microsoft.com/Author/520764/igor-l-markov | organization:University of Michigan
mas-a-2-3-50 | Sujit Dey | http://academic.research.microsoft.com/Author/497997/sujit-dey | organization:University of California San Diego
mas-a-2-3-51 | Doug Burger | http://academic.research.microsoft.com/Author/752153/doug-burger | organization:Microsoft
mas-a-2-3-52 | Farid N. Najm | http://academic.research.microsoft.com/Author/303731/farid-n-najm | organization:University of Toronto
mas-a-2-3-53 | A. Richard Newton | http://academic.research.microsoft.com/Author/188225/a-richard-newton | organization:University of California Berkeley
mas-a-2-3-54 | Brad Calder | http://academic.research.microsoft.com/Author/2300751/brad-calder | organization:University of California San Diego
mas-a-2-3-55 | Dean Tullsen | http://academic.research.microsoft.com/Author/134380/dean-tullsen | organization:University of California San Diego
mas-a-2-3-56 | Anoop Gupta | http://academic.research.microsoft.com/Author/9684437/anoop-gupta | organization:Microsoft
mas-a-2-3-57 | Francky Catthoor | http://academic.research.microsoft.com/Author/631064/francky-catthoor | organization:Catholic University of Leuven
mas-a-2-3-58 | Dennis Sylvester | http://academic.research.microsoft.com/Author/1271988/dennis-sylvester | organization:University of Michigan
mas-a-2-3-59 | Marilyn Claire Wolf | http://academic.research.microsoft.com/Author/9436553/marilyn-claire-wolf | organization:Georgia Institute of Technology
mas-a-2-3-60 | Danny C. F. Wong | http://academic.research.microsoft.com/Author/1137044/danny-c-f-wong | organization:Nilai International College
mas-a-2-3-61 | Luciano Lavagno | http://academic.research.microsoft.com/Author/461487/luciano-lavagno | organization:Politecnico di Torino
mas-a-2-3-62 | John P. Hayes | http://academic.research.microsoft.com/Author/190497/john-p-hayes | organization:University of Michigan
mas-a-2-3-63 | Radu Marculescu | http://academic.research.microsoft.com/Author/57387/radu-marculescu | organization:Carnegie Mellon University
mas-a-2-3-64 | Todd Austin | http://academic.research.microsoft.com/Author/404486/todd-austin | organization:University of Michigan
mas-a-2-3-65 | David L. Dill | http://academic.research.microsoft.com/Author/1654037/david-l-dill | organization:Stanford University
mas-a-2-3-66 | Malgorzata Marek-sadowska | http://academic.research.microsoft.com/Author/2456251/malgorzata-marek-sadowska | organization:University of California Santa Barbara
mas-a-2-3-67 | Rajesh Kumar Gupta | http://academic.research.microsoft.com/Author/1735679/rajesh-kumar-gupta | organization:University of California San Diego
mas-a-2-3-68 | Frank Vahid | http://academic.research.microsoft.com/Author/1222377/frank-vahid | organization:University of California Riverside
mas-a-2-3-69 | Ernest S. Kuh | http://academic.research.microsoft.com/Author/1459714/ernest-s-kuh | organization:University of California Berkeley
mas-a-2-3-70 | Margaret Martonosi | http://academic.research.microsoft.com/Author/10562451/margaret-martonosi | organization:Princeton University
mas-a-2-3-71 | Kunle Olukotun | http://academic.research.microsoft.com/Author/253613/kunle-olukotun | organization:Stanford University
mas-a-2-3-72 | Enrico Macii | http://academic.research.microsoft.com/Author/1765695/enrico-macii | organization:Politecnico di Torino
mas-a-2-3-73 | Rob A. Rutenbar | http://academic.research.microsoft.com/Author/745403/rob-a-rutenbar | organization:University of Illinois Urbana Champaign
mas-a-2-3-74 | Melvin A. Breuer | http://academic.research.microsoft.com/Author/1616395/melvin-a-breuer | organization:University of Southern California
mas-a-2-3-75 | Alex Nicolau | http://academic.research.microsoft.com/Author/10569790/alex-nicolau | organization:University of California Irvine
mas-a-2-3-76 | Edward J. Mccluskey | http://academic.research.microsoft.com/Author/129742/edward-j-mccluskey | organization:Stanford University
mas-a-2-3-77 | Charles J. Alpert | http://academic.research.microsoft.com/Author/1086302/charles-j-alpert | organization:IBM
mas-a-2-3-78 | Kevin Skadron | http://academic.research.microsoft.com/Author/396013/kevin-skadron | organization:University of Virginia
mas-a-2-3-79 | Mircea Stan | http://academic.research.microsoft.com/Author/818537/mircea-stan | organization:University of Virginia
mas-a-2-3-80 | Vivek De | http://academic.research.microsoft.com/Author/1433302/vivek-de | organization:Intel Corporation
mas-a-2-3-81 | Anant Agarwal | http://academic.research.microsoft.com/Author/2450989/anant-agarwal | organization:Massachusetts Institute of Technology
mas-a-2-3-82 | John Paul Shen | http://academic.research.microsoft.com/Author/1322518/john-paul-shen | organization:Chinese Academy of Sciences
mas-a-2-3-83 | David A. Patterson | http://academic.research.microsoft.com/Author/2042560/david-a-patterson | organization:University of California Berkeley
mas-a-2-3-84 | Jacob A. Abraham | http://academic.research.microsoft.com/Author/931045/jacob-a-abraham | organization:University of Texas Austin
mas-a-2-3-85 | Antonio Gonzalez (Antonio González) | http://academic.research.microsoft.com/Author/1124927/antonio-gonzalez | organization:Universitat Politècnica de Catalunya
mas-a-2-3-86 | Josep Torrellas | http://academic.research.microsoft.com/Author/2272226/josep-torrellas | organization:University of Illinois Urbana Champaign
mas-a-2-3-87 | Jacob K. White | http://academic.research.microsoft.com/Author/377213/jacob-k-white | organization:Massachusetts Institute of Technology
mas-a-2-3-88 | Peter Marwedel | http://academic.research.microsoft.com/Author/1493706/peter-marwedel | organization:TU Dortmund University
mas-a-2-3-89 | Robert W. Brodersen | http://academic.research.microsoft.com/Author/282538/robert-w-brodersen | organization:University of California Berkeley
mas-a-2-3-90 | Saman P. Amarasinghe | http://academic.research.microsoft.com/Author/1920643/saman-p-amarasinghe | organization:Massachusetts Institute of Technology
mas-a-2-3-91 | Chung-Kuan Cheng | http://academic.research.microsoft.com/Author/1790767/chung-kuan-cheng | organization:University of California San Diego
mas-a-2-3-92 | Ahmed Amine Jerraya | http://academic.research.microsoft.com/Author/728796/ahmed-amine-jerraya | organization:Institut Informatique et Mathématiques Appliquées de Grenoble
mas-a-2-3-93 | Eby G. Friedman | http://academic.research.microsoft.com/Author/2039833/eby-g-friedman | organization:University of Rochester
mas-a-2-3-94 | Janusz Rajski | http://academic.research.microsoft.com/Author/525121/janusz-rajski | organization:University of Rochester
mas-a-2-3-95 | Scott A. Mahlke | http://academic.research.microsoft.com/Author/2197253/scott-a-mahlke | organization:University of Michigan
mas-a-2-3-96 | Nur A. Touba | http://academic.research.microsoft.com/Author/1296955/nur-a-touba | organization:University of Texas Austin
mas-a-2-3-97 | Babak Falsafi (بابك فلسفي) | http://academic.research.microsoft.com/Author/1745432/babak-falsafi | organization:École Polytechnique Fédérale de Lausanne
mas-a-2-3-98 | Leon O. Chua | http://academic.research.microsoft.com/Author/1152091/leon-o-chua | organization:University of California Berkeley
mas-a-2-3-99 | Shekhar Y. Borkar | http://academic.research.microsoft.com/Author/917040/shekhar-y-borkar | organization:Intel Corporation
mas-a-2-3-100 | Wayne Luk | http://academic.research.microsoft.com/Author/1266448/wayne-luk | organization:Imperial College London
