mas-a-2-8-1 | W. Bruce Croft | http://academic.research.microsoft.com/Author/28553/w-bruce-croft | organization:University of Massachusetts
mas-a-2-8-2 | Gerard Salton | http://academic.research.microsoft.com/Author/588940/gerard-salton | organization:Cornell University
mas-a-2-8-3 | Ellen Voorhees | http://academic.research.microsoft.com/Author/27925/ellen-voorhees | organization:National Institute of Standards and Technology, United States
mas-a-2-8-4 | Chris Buckley | http://academic.research.microsoft.com/Author/1822367/chris-buckley | organization:Cornell University
mas-a-2-8-5 | Stephen Edward Robertson | http://academic.research.microsoft.com/Author/1720436/stephen-edward-robertson | organization:Microsoft
mas-a-2-8-6 | Jamie Callan | http://academic.research.microsoft.com/Author/1355156/jamie-callan | organization:Carnegie Mellon University
mas-a-2-8-7 | Susan T. Dumais | http://academic.research.microsoft.com/Author/336189/susan-t-dumais | organization:Microsoft
mas-a-2-8-8 | James Allan | http://academic.research.microsoft.com/Author/1426902/james-allan | organization:University of Massachusetts
mas-a-2-8-9 | Hsinchun Chen | http://academic.research.microsoft.com/Author/178803/hsinchun-chen | organization:University of Arizona
mas-a-2-8-10 | Justin Zobel | http://academic.research.microsoft.com/Author/374184/justin-zobel | organization:University of Melbourne
mas-a-2-8-11 | Edward Fox | http://academic.research.microsoft.com/Author/2138065/edward-fox | organization:Virginia Polytechnic Institute and State University
mas-a-2-8-12 | Donna Harman | http://academic.research.microsoft.com/Author/1595627/donna-harman | organization:National Institute of Standards and Technology, United States
mas-a-2-8-13 | Amanda Helen Spink | http://academic.research.microsoft.com/Author/691287/amanda-helen-spink | organization:Loughborough University
mas-a-2-8-14 | Norbert Fuhr | http://academic.research.microsoft.com/Author/23930/norbert-fuhr | organization:University of Duisburg Essen
mas-a-2-8-15 | Cornelis Joost Van Rijsbergen (Keith) | http://academic.research.microsoft.com/Author/1702830/cornelis-joost-van-rijsbergen | organization:University of Glasgow
mas-a-2-8-16 | Alistair Moffat | http://academic.research.microsoft.com/Author/526932/alistair-moffat | organization:University of Melbourne
mas-a-2-8-17 | Ricardo A. Baeza-yates | http://academic.research.microsoft.com/Author/7920/ricardo-a-baeza-yates | organization:Yahoo Research Labs
mas-a-2-8-18 | Amit Singhal | http://academic.research.microsoft.com/Author/878696/amit-singhal | organization:Google Inc.
mas-a-2-8-19 | Cheng-xiang Zhai | http://academic.research.microsoft.com/Author/1710090/cheng-xiang-zhai | organization:University of Illinois Urbana Champaign
mas-a-2-8-20 | Gary Marchionini | http://academic.research.microsoft.com/Author/1826681/gary-marchionini | organization:University of North Carolina Chapel Hill
mas-a-2-8-21 | Nicholas J. Belkin | http://academic.research.microsoft.com/Author/1426187/nicholas-j-belkin | organization:Rutgers, The State University of New Jersey
mas-a-2-8-22 | David Hawking | http://academic.research.microsoft.com/Author/1224004/david-hawking | organization:Rutgers, The State University of New Jersey
mas-a-2-8-23 | Nick Craswell | http://academic.research.microsoft.com/Author/950862/nick-craswell | organization:Microsoft
mas-a-2-8-24 | Hector Garcia-Molina (Héctor García-Molina) | http://academic.research.microsoft.com/Author/2074079/hector-garcia-molina | organization:Stanford University
mas-a-2-8-25 | Mike Thelwall | http://academic.research.microsoft.com/Author/10667464/mike-thelwall | organization:University of Wolverhampton
mas-a-2-8-26 | Ian H. Witten | http://academic.research.microsoft.com/Author/518067/ian-h-witten | organization:University of Waikato
mas-a-2-8-27 | William R. Hersh | http://academic.research.microsoft.com/Author/299122/william-r-hersh | organization:Oregon Health & Science University
mas-a-2-8-28 | Karen Sparck Jones (Karen I. B. Spärck Jones) | http://academic.research.microsoft.com/Author/920644/karen-sparck-jones | organization:University of Cambridge
mas-a-2-8-29 | Loet Leydesdorff | http://academic.research.microsoft.com/Author/1433786/loet-leydesdorff | organization:University of Amsterdam
mas-a-2-8-30 | Carl J. Lagoze | http://academic.research.microsoft.com/Author/1787472/carl-j-lagoze | organization:University of Michigan
mas-a-2-8-31 | Bernard J. Jansen | http://academic.research.microsoft.com/Author/110648/bernard-j-jansen | organization:Pennsylvania State University
mas-a-2-8-32 | Mark Sanderson | http://academic.research.microsoft.com/Author/173113/mark-sanderson | organization:RMIT University
mas-a-2-8-33 | Mounia Lalmas | http://academic.research.microsoft.com/Author/1008104/mounia-lalmas | organization:Yahoo Research Labs
mas-a-2-8-34 | Charles Clarke | http://academic.research.microsoft.com/Author/1200620/charles-clarke | organization:University of Waterloo
mas-a-2-8-35 | C. Lee Giles | http://academic.research.microsoft.com/Author/1037303/c-lee-giles | organization:Pennsylvania State University
mas-a-2-8-36 | Gonzalo Navarro | http://academic.research.microsoft.com/Author/1253297/gonzalo-navarro | organization:Universidad de Chile
mas-a-2-8-37 | Tefko Saracevic | http://academic.research.microsoft.com/Author/1712384/tefko-saracevic | organization:Rutgers, The State University of New Jersey
mas-a-2-8-38 | Alan F. Smeaton | http://academic.research.microsoft.com/Author/308363/alan-f-smeaton | organization:Dublin City University
mas-a-2-8-39 | Douglas W. Oard | http://academic.research.microsoft.com/Author/24032/douglas-w-oard | organization:University of Maryland
mas-a-2-8-40 | Gordon Cormack | http://academic.research.microsoft.com/Author/1099639/gordon-cormack | organization:University of Waterloo
mas-a-2-8-41 | Ben Shneiderman | http://academic.research.microsoft.com/Author/899177/ben-shneiderman | organization:University of Maryland
mas-a-2-8-42 | Jan Pedersen | http://academic.research.microsoft.com/Author/186938/jan-pedersen | organization:Microsoft
mas-a-2-8-43 | Djoerd Hiemstra | http://academic.research.microsoft.com/Author/1419266/djoerd-hiemstra | organization:University of Twente
mas-a-2-8-44 | Jacques Savoy | http://academic.research.microsoft.com/Author/501433/jacques-savoy | organization:Université de Neuchâtel
mas-a-2-8-45 | Jian-Yun Nie | http://academic.research.microsoft.com/Author/383218/jian-yun-nie | organization:Université de Montreal
mas-a-2-8-46 | Leo Egghe | http://academic.research.microsoft.com/Author/529837/leo-egghe | organization:Hasselt University (University of Limburg)
mas-a-2-8-47 | Clement Yu | http://academic.research.microsoft.com/Author/192577/clement-yu | organization:Columbia University
mas-a-2-8-48 | Ronald Rousseau | http://academic.research.microsoft.com/Author/325905/ronald-rousseau | organization:Catholic School of Brugge Oostende
mas-a-2-8-49 | Wei-ying Ma (马维英) | http://academic.research.microsoft.com/Author/922315/wei-ying-ma | organization:Microsoft
mas-a-2-8-50 | Herbert Van De Sompel | http://academic.research.microsoft.com/Author/42304011/herbert-van-de-sompel | organization:Microsoft
mas-a-2-8-51 | Christine L. Borgman | http://academic.research.microsoft.com/Author/461204/christine-l-borgman | organization:University of California Los Angeles
mas-a-2-8-52 | Andreas Paepcke | http://academic.research.microsoft.com/Author/822882/andreas-paepcke | organization:Stanford University
mas-a-2-8-53 | Peter K. Willett | http://academic.research.microsoft.com/Author/965700/peter-k-willett | organization:School of Pharmacy University of London
mas-a-2-8-54 | Kalervo Jarvelin (Kalervo Järvelin) | http://academic.research.microsoft.com/Author/985985/kalervo-jarvelin | organization:University of Tampere
mas-a-2-8-55 | Fredric C. Gey | http://academic.research.microsoft.com/Author/219141/fredric-c-gey | organization:University of California Berkeley
mas-a-2-8-56 | Berthier A. Ribeiro-neto | http://academic.research.microsoft.com/Author/374570/berthier-a-ribeiro-neto | organization:Universidade Federal de Minas Gerais
mas-a-2-8-57 | Peter Schauble (Peter Schäuble) | http://academic.research.microsoft.com/Author/1595023/peter-schauble | organization:Universität Zürich
mas-a-2-8-58 | Ian Soboroff | http://academic.research.microsoft.com/Author/409628/ian-soboroff | organization:National Institute of Standards and Technology, United States
mas-a-2-8-59 | Ronald R. Yager | http://academic.research.microsoft.com/Author/792934/ronald-r-yager | organization:Iona College
mas-a-2-8-60 | Yiming Yang (杨颐明) | http://academic.research.microsoft.com/Author/2105775/yiming-yang | organization:Carnegie Mellon University
mas-a-2-8-61 | Marti A. Hearst | http://academic.research.microsoft.com/Author/551100/marti-a-hearst | organization:University of California Berkeley
mas-a-2-8-62 | Yiyu Yao | http://academic.research.microsoft.com/Author/3315861/yiyu-yao | organization:University of Regina
mas-a-2-8-63 | Howard R. Turtle | http://academic.research.microsoft.com/Author/695512/howard-r-turtle | organization:University of Massachusetts
mas-a-2-8-64 | Stephen G. Walker | http://academic.research.microsoft.com/Author/896528/stephen-g-walker | organization:University of Texas Austin
mas-a-2-8-65 | Maarten De Rijke | http://academic.research.microsoft.com/Author/417037/maarten-de-rijke | organization:University of Amsterdam
mas-a-2-8-66 | Ophir Frieder | http://academic.research.microsoft.com/Author/1956759/ophir-frieder | organization:Georgetown University
mas-a-2-8-67 | Ian Ruthven | http://academic.research.microsoft.com/Author/919612/ian-ruthven | organization:University of Strathclyde
mas-a-2-8-68 | Ryen W. White | http://academic.research.microsoft.com/Author/541459/ryen-w-white | organization:Microsoft
mas-a-2-8-69 | Abraham Bookstein | http://academic.research.microsoft.com/Author/335293/abraham-bookstein | organization:University of Chicago
mas-a-2-8-70 | Diane Kelly | http://academic.research.microsoft.com/Author/145012/diane-kelly | organization:University of North Carolina Chapel Hill
mas-a-2-8-71 | Nivio Ziviani | http://academic.research.microsoft.com/Author/1466635/nivio-ziviani | organization:Universidade Federal de Minas Gerais
mas-a-2-8-72 | David Lewis | http://academic.research.microsoft.com/Author/2656667/david-lewis | organization:AT&T Labs Research
mas-a-2-8-73 | Zheng Chen (陈正) | http://academic.research.microsoft.com/Author/568563/zheng-chen | organization:Microsoft
mas-a-2-8-74 | Judit Bar-Ilan | http://academic.research.microsoft.com/Author/714285/judit-bar-ilan | organization:Bar Ilan University
mas-a-2-8-75 | Wolfgang Glanzel (Wolfgang Glänzel) | http://academic.research.microsoft.com/Author/3420308/wolfgang-glanzel | organization:Catholic University of Leuven
mas-a-2-8-76 | Jinxi Xu | http://academic.research.microsoft.com/Author/1191383/jinxi-xu | organization:National University of Singapore
mas-a-2-8-77 | Iadh Ounis | http://academic.research.microsoft.com/Author/161644/iadh-ounis | organization:University of Glasgow
mas-a-2-8-78 | Wessel Kraaij | http://academic.research.microsoft.com/Author/337884/wessel-kraaij | organization:Radboud University Nijmegen
mas-a-2-8-79 | Hang Li (李航) | http://academic.research.microsoft.com/Author/2050915/hang-li | organization:Huawei
mas-a-2-8-80 | Peter David Bruza | http://academic.research.microsoft.com/Author/15346/peter-david-bruza | organization:Czech Technical University
mas-a-2-8-81 | James Jeng-weei Lin | http://academic.research.microsoft.com/Author/52713639/james-jeng-weei-lin | organization:Tokyo Institute of Technology
mas-a-2-8-82 | Alexander G. Hauptmann | http://academic.research.microsoft.com/Author/713130/alexander-g-hauptmann | organization:Carnegie Mellon University
mas-a-2-8-83 | Kui-lam Kwok | http://academic.research.microsoft.com/Author/2514124/kui-lam-kwok | organization:City University of New York
mas-a-2-8-84 | Cathy Marshall | http://academic.research.microsoft.com/Author/120126/cathy-marshall | organization:Microsoft
mas-a-2-8-85 | Steve Lawrence | http://academic.research.microsoft.com/Author/768284/steve-lawrence | organization:Google Inc.
mas-a-2-8-86 | Thomas Landauer | http://academic.research.microsoft.com/Author/16249/thomas-landauer | organization:University of Colorado Boulder
mas-a-2-8-87 | Joemon M. Jose | http://academic.research.microsoft.com/Author/197845/joemon-m-jose | organization:University of Glasgow
mas-a-2-8-88 | Marcos Andre Goncalves (Marcos André Gonçalves) | http://academic.research.microsoft.com/Author/3317311/marcos-andre-goncalves | organization:Universidade Federal de Minas Gerais
mas-a-2-8-89 | Arjen P. de Vries | http://academic.research.microsoft.com/Author/438855/arjen-p-de-vries | organization:Centrum Voor Wiskunde en Informatica
mas-a-2-8-90 | David Bainbridge | http://academic.research.microsoft.com/Author/1571864/david-bainbridge | organization:University of Waikato
mas-a-2-8-91 | Paul B. Kantor | http://academic.research.microsoft.com/Author/1161423/paul-b-kantor | organization:Fordham University
mas-a-2-8-92 | Fabrizio Sebastiani | http://academic.research.microsoft.com/Author/2018060/fabrizio-sebastiani | organization:Consiglio Nazionale delle Ricerche
mas-a-2-8-93 | Donald Metzler | http://academic.research.microsoft.com/Author/1772050/donald-metzler | organization:University of Southern California
mas-a-2-8-94 | Jaime G. Carbonell | http://academic.research.microsoft.com/Author/669552/jaime-g-carbonell | organization:Carnegie Mellon University
mas-a-2-8-95 | David A. Hull | http://academic.research.microsoft.com/Author/717997/david-a-hull | organization:Northwestern University
mas-a-2-8-96 | Aitao Chen | http://academic.research.microsoft.com/Author/468451/aitao-chen | organization:University of California Berkeley
mas-a-2-8-97 | Paul Over | http://academic.research.microsoft.com/Author/2488749/paul-over | organization:National Institute of Standards and Technology, United States
mas-a-2-8-98 | Colleen Cool | http://academic.research.microsoft.com/Author/2225540/colleen-cool | organization:City University of New York
mas-a-2-8-99 | Nigel J. Ford | http://academic.research.microsoft.com/Author/258276/nigel-j-ford | organization:University of Sheffield
mas-a-2-8-100 | Raya Fidel | http://academic.research.microsoft.com/Author/1255177/raya-fidel | organization:University of Washington
