mas-a-7-6-1 | Yadong Luo | http://academic.research.microsoft.com/Author/323914/yadong-luo | organization:University of Miami
mas-a-7-6-2 | David A. Griffith | http://academic.research.microsoft.com/Author/11309121/david-a-griffith | organization:Michigan State University
mas-a-7-6-3 | Keith E. Maskus | http://academic.research.microsoft.com/Author/620342/keith-e-maskus | organization:University of Colorado Boulder
mas-a-7-6-4 | James Markusen | http://academic.research.microsoft.com/Author/1296603/james-markusen | organization:University of Colorado Boulder
mas-a-7-6-5 | Peter J. Buckley | http://academic.research.microsoft.com/Author/10733048/peter-j-buckley | organization:University of Leeds
mas-a-7-6-6 | Salih Tamer Cavusgil | http://academic.research.microsoft.com/Author/4135184/salih-tamer-cavusgil | organization:Georgia State University
mas-a-7-6-7 | Masaaki Kotabe | http://academic.research.microsoft.com/Author/10850126/masaaki-kotabe | organization:Temple University
mas-a-7-6-8 | Arvind Panagariya | http://academic.research.microsoft.com/Author/65424/arvind-panagariya | organization:Columbia University
mas-a-7-6-9 | Alan M. Rugman | http://academic.research.microsoft.com/Author/22855782/alan-m-rugman | organization:University of Reading
mas-a-7-6-10 | Alan V. Deardorff | http://academic.research.microsoft.com/Author/1029631/alan-v-deardorff | organization:University of Michigan
mas-a-7-6-11 | David Greenaway | http://academic.research.microsoft.com/Author/2789994/david-greenaway | organization:University of Nottingham
mas-a-7-6-12 | Jagdish N. Bhagwati | http://academic.research.microsoft.com/Author/10676356/jagdish-n-bhagwati | organization:Columbia University
mas-a-7-6-13 | Anthony James Venables | http://academic.research.microsoft.com/Author/1047095/anthony-james-venables | organization:University of Oxford
mas-a-7-6-14 | Paul W. Beamish | http://academic.research.microsoft.com/Author/915425/paul-w-beamish | organization:Western University
mas-a-7-6-15 | David K. Tse | http://academic.research.microsoft.com/Author/2919813/david-k-tse | organization:University of Hong Kong
mas-a-7-6-16 | Robert C Feenstra | http://academic.research.microsoft.com/Author/1821002/robert-c-feenstra | organization:University of California Davis
mas-a-7-6-17 | Michael B. Devereux | http://academic.research.microsoft.com/Author/51688/michael-b-devereux | organization:University of British Columbia
mas-a-7-6-18 | Joshua Aizenman | http://academic.research.microsoft.com/Author/39147/joshua-aizenman | organization:University of California Santa Cruz
mas-a-7-6-19 | John Whalley | http://academic.research.microsoft.com/Author/171460/john-whalley | organization:University of Western Ontario
mas-a-7-6-20 | John H. Dunning | http://academic.research.microsoft.com/Author/2867134/john-h-dunning | organization:University of Reading
mas-a-7-6-21 | Stephen J. Turnovsky | http://academic.research.microsoft.com/Author/443203/stephen-j-turnovsky | organization:University of Washington
mas-a-7-6-22 | Klaus E. Meyer | http://academic.research.microsoft.com/Author/1292087/klaus-e-meyer | organization:University of Bath
mas-a-7-6-23 | Michael G. Harvey | http://academic.research.microsoft.com/Author/53686822/michael-g-harvey | organization:University of Mississippi
mas-a-7-6-24 | Bernard M. Hoekman | http://academic.research.microsoft.com/Author/1062805/bernard-m-hoekman | organization:World Bank
mas-a-7-6-25 | Menzie David Chinn (陈庚辛) | http://academic.research.microsoft.com/Author/27585178/menzie-david-chinn | organization:University of Wisconsin Madison
mas-a-7-6-26 | Charles M. Engel | http://academic.research.microsoft.com/Author/566128/charles-m-engel | organization:University of Wisconsin Madison
mas-a-7-6-27 | Mike W. Peng | http://academic.research.microsoft.com/Author/3381367/mike-w-peng | organization:University of Texas Dallas
mas-a-7-6-28 | Shige Makino | http://academic.research.microsoft.com/Author/4145366/shige-makino | organization:University of Texas Dallas
mas-a-7-6-29 | Torben Pedersen | http://academic.research.microsoft.com/Author/6903326/torben-pedersen | organization:Copenhagen Business School
mas-a-7-6-30 | Andrew K. Rose | http://academic.research.microsoft.com/Author/413072/andrew-k-rose | organization:University of California Berkeley
mas-a-7-6-31 | Mohsen Bahmani-Oskooee | http://academic.research.microsoft.com/Author/23424713/mohsen-bahmani-oskooee | organization:University of Wisconsin Milwaukee
mas-a-7-6-32 | Alain Verbeke | http://academic.research.microsoft.com/Author/23399187/alain-verbeke | organization:University of Calgary
mas-a-7-6-33 | Igor Filatotchev | http://academic.research.microsoft.com/Author/2029169/igor-filatotchev | organization:City University London
mas-a-7-6-34 | Peter H. Egger | http://academic.research.microsoft.com/Author/776314/peter-h-egger | organization:Swiss Federal Institute of Technology Zurich
mas-a-7-6-35 | Lance Eliot Brouthers | http://academic.research.microsoft.com/Author/2956291/lance-eliot-brouthers | organization:Kennesaw State University
mas-a-7-6-36 | Yigang Pan | http://academic.research.microsoft.com/Author/47481914/yigang-pan | organization:York University
mas-a-7-6-37 | Trevor Buck | http://academic.research.microsoft.com/Author/2982224/trevor-buck | organization:Loughborough University
mas-a-7-6-38 | Dani Rodrik | http://academic.research.microsoft.com/Author/421514/dani-rodrik | organization:Harvard University
mas-a-7-6-39 | Kamal Saggi | http://academic.research.microsoft.com/Author/580101/kamal-saggi | organization:Vanderbilt University
mas-a-7-6-40 | Thomas J. Prusa | http://academic.research.microsoft.com/Author/2632055/thomas-j-prusa | organization:Rutgers, The State University of New Jersey
mas-a-7-6-41 | Lars E.O. Svensson | http://academic.research.microsoft.com/Author/1735593/lars-e-o-svensson | organization:Stockholm University
mas-a-7-6-42 | Shang-Jin Wei | http://academic.research.microsoft.com/Author/867688/shang-jin-wei | organization:Columbia University
mas-a-7-6-43 | Jeffrey Frankel | http://academic.research.microsoft.com/Author/1106852/jeffrey-frankel | organization:Harvard University
mas-a-7-6-44 | Raymond. G. Riezman | http://academic.research.microsoft.com/Author/708927/raymond-g-riezman | organization:University of Iowa
mas-a-7-6-45 | Carl Davidson | http://academic.research.microsoft.com/Author/2733012/carl-davidson | organization:Michigan State University
mas-a-7-6-46 | Barbara J. Spencer | http://academic.research.microsoft.com/Author/1261378/barbara-j-spencer | organization:University of British Columbia
mas-a-7-6-47 | Richard A. Brecher | http://academic.research.microsoft.com/Author/10814301/richard-a-brecher | organization:Carleton University
mas-a-7-6-48 | Chuck C. Y. Kwok | http://academic.research.microsoft.com/Author/10771171/chuck-c-y-kwok | organization:University of South Carolina
mas-a-7-6-49 | Takatoshi Ito (伊藤高敏) | http://academic.research.microsoft.com/Author/2991513/takatoshi-ito | organization:Tohoku University
mas-a-7-6-50 | Oded Shenkar | http://academic.research.microsoft.com/Author/52894533/oded-shenkar | organization:Ohio State University
mas-a-7-6-51 | Barry J. Eichengreen | http://academic.research.microsoft.com/Author/854600/barry-j-eichengreen | organization:Ohio State University
mas-a-7-6-52 | Julian Birkinshaw | http://academic.research.microsoft.com/Author/23429968/julian-birkinshaw | organization:London Business School
mas-a-7-6-53 | Kym Anderson | http://academic.research.microsoft.com/Author/320568/kym-anderson | organization:University of Adelaide
mas-a-7-6-54 | Kendall Roth | http://academic.research.microsoft.com/Author/54702691/kendall-roth | organization:University of South Carolina
mas-a-7-6-55 | Yin-Wong Cheung | http://academic.research.microsoft.com/Author/2098545/yin-wong-cheung | organization:University of California Santa Cruz
mas-a-7-6-56 | Robert M. Stern | http://academic.research.microsoft.com/Author/2600284/robert-m-stern | organization:University of Michigan
mas-a-7-6-57 | Janet Y. Murray | http://academic.research.microsoft.com/Author/2901219/janet-y-murray | organization:University of Missouri Saint Louis
mas-a-7-6-58 | Ingmar Bjorkman (Ingmar Björkman) | http://academic.research.microsoft.com/Author/22850691/ingmar-bjorkman | organization:Swedish School of Economics and Business Administration
mas-a-7-6-59 | Robert W. Staiger | http://academic.research.microsoft.com/Author/387648/robert-w-staiger | organization:Stanford University
mas-a-7-6-60 | Prema-chandra Athukorala | http://academic.research.microsoft.com/Author/2864410/prema-chandra-athukorala | organization:Australian National University
mas-a-7-6-61 | Paul Robin Krugman | http://academic.research.microsoft.com/Author/106088/paul-robin-krugman | organization:Princeton University
mas-a-7-6-62 | Jan Johanson | http://academic.research.microsoft.com/Author/282133/jan-johanson | organization:Uppsala University
mas-a-7-6-63 | Elhanan Helpman | http://academic.research.microsoft.com/Author/1466016/elhanan-helpman | organization:Harvard University
mas-a-7-6-64 | David H. Papell | http://academic.research.microsoft.com/Author/420438/david-h-papell | organization:University of Houston
mas-a-7-6-65 | Thomas W. Hertel | http://academic.research.microsoft.com/Author/149913/thomas-w-hertel | organization:Purdue University
mas-a-7-6-66 | Susan P. Douglas | http://academic.research.microsoft.com/Author/5796839/susan-p-douglas | organization:New York University
mas-a-7-6-67 | Keith Head | http://academic.research.microsoft.com/Author/14192/keith-head | organization:University of British Columbia
mas-a-7-6-68 | Maurice Obstfeld | http://academic.research.microsoft.com/Author/18003950/maurice-obstfeld | organization:University of California Berkeley
mas-a-7-6-69 | Philippe Martin | http://academic.research.microsoft.com/Author/693164/philippe-martin | organization:Institut d'études Politiques de Paris
mas-a-7-6-70 | Sylvie K. Chetty | http://academic.research.microsoft.com/Author/22864384/sylvie-k-chetty | organization:Massey University
mas-a-7-6-71 | Rosalie L. Tung | http://academic.research.microsoft.com/Author/10667038/rosalie-l-tung | organization:Simon Fraser University
mas-a-7-6-72 | Paul De Grauwe | http://academic.research.microsoft.com/Author/845524/paul-de-grauwe | organization:Catholic University of Leuven
mas-a-7-6-73 | David A. Ralston | http://academic.research.microsoft.com/Author/1238925/david-a-ralston | organization:University of Oklahoma
mas-a-7-6-74 | Preet S. Aulakh | http://academic.research.microsoft.com/Author/4454936/preet-s-aulakh | organization:York University
mas-a-7-6-75 | Bruce Kogut | http://academic.research.microsoft.com/Author/390191/bruce-kogut | organization:Columbia University
mas-a-7-6-76 | Mike Wright | http://academic.research.microsoft.com/Author/7986929/mike-wright | organization:University of Nottingham
mas-a-7-6-77 | Adamantios Diamantopoulos | http://academic.research.microsoft.com/Author/2938876/adamantios-diamantopoulos | organization:University of Vienna
mas-a-7-6-78 | Ram Mudambi | http://academic.research.microsoft.com/Author/3037322/ram-mudambi | organization:Temple University
mas-a-7-6-79 | Jonathan P. Doh | http://academic.research.microsoft.com/Author/4054132/jonathan-p-doh | organization:Villanova University
mas-a-7-6-80 | Kala M. Krishna | http://academic.research.microsoft.com/Author/10219434/kala-m-krishna | organization:Pennsylvania State University
mas-a-7-6-81 | James E. Anderson | http://academic.research.microsoft.com/Author/1648782/james-e-anderson | organization:Flinders University
mas-a-7-6-82 | Keith W. Glaister | http://academic.research.microsoft.com/Author/3141515/keith-w-glaister | organization:University of Sheffield
mas-a-7-6-83 | Andrew Delios | http://academic.research.microsoft.com/Author/3870851/andrew-delios | organization:National University of Singapore
mas-a-7-6-84 | L. Alan Winters | http://academic.research.microsoft.com/Author/10692253/l-alan-winters | organization:University of Sussex
mas-a-7-6-85 | Constantine S. Katsikeas | http://academic.research.microsoft.com/Author/4418089/constantine-s-katsikeas | organization:University of Leeds
mas-a-7-6-86 | Keith D. Brouthers | http://academic.research.microsoft.com/Author/10771603/keith-d-brouthers | organization:King's College London
mas-a-7-6-87 | Wilfred J. Ethier | http://academic.research.microsoft.com/Author/33057/wilfred-j-ethier | organization:University of Pennsylvania
mas-a-7-6-88 | Graham Bird | http://academic.research.microsoft.com/Author/114596/graham-bird | organization:University of Surrey
mas-a-7-6-89 | Tamim Bayoumi | http://academic.research.microsoft.com/Author/168105/tamim-bayoumi | organization:University of California Berkeley
mas-a-7-6-90 | Aaditya Mattoo | http://academic.research.microsoft.com/Author/648562/aaditya-mattoo | organization:World Bank
mas-a-7-6-91 | Holger Gorg (Holger Görg) | http://academic.research.microsoft.com/Author/1050606/holger-gorg | organization:Christian Albrechts University of Kiel
mas-a-7-6-92 | Sebastian Edwards | http://academic.research.microsoft.com/Author/149169/sebastian-edwards | organization:University of California Los Angeles
mas-a-7-6-93 | William J. Martin | http://academic.research.microsoft.com/Author/10852288/william-j-martin | organization:World Bank
mas-a-7-6-94 | Lawrence Stephenson Welch | http://academic.research.microsoft.com/Author/10939789/lawrence-stephenson-welch | organization:Melbourne Business School
mas-a-7-6-95 | J. Stewart Black | http://academic.research.microsoft.com/Author/23428674/j-stewart-black | organization:University of California San Diego
mas-a-7-6-96 | Kenneth S. Rogoff | http://academic.research.microsoft.com/Author/489171/kenneth-s-rogoff | organization:Harvard University
mas-a-7-6-97 | Sourafel Girma | http://academic.research.microsoft.com/Author/2794006/sourafel-girma | organization:University of Nottingham
mas-a-7-6-98 | Arvind Subramanian | http://academic.research.microsoft.com/Author/2887466/arvind-subramanian | organization:Peterson Institute for International Economics
mas-a-7-6-99 | Drusilla K. Brown | http://academic.research.microsoft.com/Author/46327825/drusilla-k-brown | organization:University of Michigan
mas-a-7-6-100 | Douglas A. Irwin | http://academic.research.microsoft.com/Author/948657/douglas-a-irwin | organization:Dartmouth College
