mas-a-7-10-1 | Richard B. Freeman | http://academic.research.microsoft.com/Author/383621/richard-b-freeman | organization:Harvard University
mas-a-7-10-2 | Peter J. Kuhn | http://academic.research.microsoft.com/Author/2410098/peter-j-kuhn | organization:University of California Santa Barbara
mas-a-7-10-3 | Stephen Nickell | http://academic.research.microsoft.com/Author/1575716/stephen-nickell | organization:University of Oxford
mas-a-7-10-4 | Dieter Helm | http://academic.research.microsoft.com/Author/23458438/dieter-helm | organization:Robert Koch Institute
mas-a-7-10-5 | Stephen Machin | http://academic.research.microsoft.com/Author/1472652/stephen-machin | organization:University College London
mas-a-7-10-6 | Alan Manning | http://academic.research.microsoft.com/Author/186240/alan-manning | organization:University College London
mas-a-7-10-7 | David Neumark | http://academic.research.microsoft.com/Author/976349/david-neumark | organization:University of California Irvine
mas-a-7-10-8 | Robert D. Tollison | http://academic.research.microsoft.com/Author/10686268/robert-d-tollison | organization:Clemson University
mas-a-7-10-9 | Christopher Allsopp | http://academic.research.microsoft.com/Author/23426631/christopher-allsopp | organization:University of Oxford
mas-a-7-10-10 | Colin P. Mayer | http://academic.research.microsoft.com/Author/430700/colin-p-mayer | organization:University of Oxford
mas-a-7-10-11 | Yoram G. Weiss | http://academic.research.microsoft.com/Author/2089037/yoram-g-weiss | organization:Tel Aviv University
mas-a-7-10-12 | David Greenaway | http://academic.research.microsoft.com/Author/2789994/david-greenaway | organization:University of Nottingham
mas-a-7-10-13 | Paul J. Gregg | http://academic.research.microsoft.com/Author/45135/paul-j-gregg | organization:University of Bristol
mas-a-7-10-14 | Simon M. Burgess | http://academic.research.microsoft.com/Author/2630823/simon-m-burgess | organization:University of Bristol
mas-a-7-10-15 | Bruno S. Frey | http://academic.research.microsoft.com/Author/1512205/bruno-s-frey | organization:Universität Zürich
mas-a-7-10-16 | Adil E. Shamoo | http://academic.research.microsoft.com/Author/56232015/adil-e-shamoo | organization:University of Maryland
mas-a-7-10-17 | Todd Sandler | http://academic.research.microsoft.com/Author/504158/todd-sandler | organization:University of Texas Dallas
mas-a-7-10-18 | Lawrence M. Kahn | http://academic.research.microsoft.com/Author/210773/lawrence-m-kahn | organization:Cornell University
mas-a-7-10-19 | Rudolf Winter-Ebmer | http://academic.research.microsoft.com/Author/1283703/rudolf-winter-ebmer | organization:Johannes Kepler Universität Linz
mas-a-7-10-20 | Henry S. Farber | http://academic.research.microsoft.com/Author/421512/henry-s-farber | organization:Princeton University
mas-a-7-10-21 | John B. Knight | http://academic.research.microsoft.com/Author/23389175/john-b-knight | organization:University of Oxford
mas-a-7-10-22 | James Heckman | http://academic.research.microsoft.com/Author/183233/james-heckman | organization:University of Chicago
mas-a-7-10-23 | Nicholas Crafts | http://academic.research.microsoft.com/Author/277854/nicholas-crafts | organization:University of Warwick
mas-a-7-10-24 | Shelly J. Lundberg | http://academic.research.microsoft.com/Author/280849/shelly-j-lundberg | organization:University of Washington
mas-a-7-10-25 | Daniel S. Hamermesh | http://academic.research.microsoft.com/Author/344418/daniel-s-hamermesh | organization:University of Texas Austin
mas-a-7-10-26 | Barry R. Chiswick | http://academic.research.microsoft.com/Author/837445/barry-r-chiswick | organization:University of Illinois Chicago
mas-a-7-10-27 | Dan A. Black | http://academic.research.microsoft.com/Author/10688652/dan-a-black | organization:University of Chicago
mas-a-7-10-28 | John Haltiwanger | http://academic.research.microsoft.com/Author/58214/john-haltiwanger | organization:University of Maryland
mas-a-7-10-29 | Joseph E. Stiglitz | http://academic.research.microsoft.com/Author/413894/joseph-e-stiglitz | organization:Columbia University
mas-a-7-10-30 | David M. Blau | http://academic.research.microsoft.com/Author/582261/david-m-blau | organization:Ohio State University
mas-a-7-10-31 | George J. Borjas | http://academic.research.microsoft.com/Author/671747/george-j-borjas | organization:Harvard University
mas-a-7-10-32 | James W. Albrecht | http://academic.research.microsoft.com/Author/2611468/james-w-albrecht | organization:Georgetown University
mas-a-7-10-33 | Susan B. Vroman | http://academic.research.microsoft.com/Author/2611469/susan-b-vroman | organization:Georgetown University
mas-a-7-10-34 | David B. Resnik | http://academic.research.microsoft.com/Author/18486603/david-b-resnik | organization:National Institutes of Health, United States
mas-a-7-10-35 | Keith Cowling | http://academic.research.microsoft.com/Author/1592479/keith-cowling | organization:University of Warwick
mas-a-7-10-36 | Raghav Gaiha | http://academic.research.microsoft.com/Author/2803302/raghav-gaiha | organization:Faculty of Management Studies University of Delhi
mas-a-7-10-37 | Edward P. Lazear | http://academic.research.microsoft.com/Author/415064/edward-p-lazear | organization:Stanford University
mas-a-7-10-38 | Joop Hartog | http://academic.research.microsoft.com/Author/1597524/joop-hartog | organization:University of Amsterdam
mas-a-7-10-39 | David Vines | http://academic.research.microsoft.com/Author/1687465/david-vines | organization:University of Oxford
mas-a-7-10-40 | John S. Heywood | http://academic.research.microsoft.com/Author/2835073/john-s-heywood | organization:University of Wisconsin Milwaukee
mas-a-7-10-41 | David Card | http://academic.research.microsoft.com/Author/28431/david-card | organization:University of California Berkeley
mas-a-7-10-42 | Dennis J. Snower | http://academic.research.microsoft.com/Author/124736/dennis-j-snower | organization:Kiel Institute for the World Economy
mas-a-7-10-43 | Roger Sugden | http://academic.research.microsoft.com/Author/1291852/roger-sugden | organization:University of Stirling
mas-a-7-10-44 | Dennis C. Mueller | http://academic.research.microsoft.com/Author/426791/dennis-c-mueller | organization:University of Vienna
mas-a-7-10-45 | Reiner Eichenberger | http://academic.research.microsoft.com/Author/1401811/reiner-eichenberger | organization:Université de Fribourg Universität Freiburg
mas-a-7-10-46 | Andrea Boltho | http://academic.research.microsoft.com/Author/11011534/andrea-boltho | organization:University of Oxford
mas-a-7-10-47 | Sherwin Rosen | http://academic.research.microsoft.com/Author/1668692/sherwin-rosen | organization:University of Chicago
mas-a-7-10-48 | Michael Lechner | http://academic.research.microsoft.com/Author/1800707/michael-lechner | organization:Universität Saint Gallen
mas-a-7-10-49 | Gilles Saint-Paul | http://academic.research.microsoft.com/Author/1815923/gilles-saint-paul | organization:Institut Zur Zukunft der Arbeit
mas-a-7-10-50 | Bertil Holmlund | http://academic.research.microsoft.com/Author/110691/bertil-holmlund | organization:Uppsala University
mas-a-7-10-51 | Peter T. Gottschalk | http://academic.research.microsoft.com/Author/549035/peter-t-gottschalk | organization:Boston College
mas-a-7-10-52 | John N Muellbauer | http://academic.research.microsoft.com/Author/755630/john-n-muellbauer | organization:University of Oxford
mas-a-7-10-53 | Francis Kramarz | http://academic.research.microsoft.com/Author/846180/francis-kramarz | organization:École Nationale de la Statistique et de l'Administration Économique
mas-a-7-10-54 | Joshua Angrist | http://academic.research.microsoft.com/Author/1146433/joshua-angrist | organization:Massachusetts Institute of Technology
mas-a-7-10-55 | Alan B. Krueger | http://academic.research.microsoft.com/Author/1354626/alan-b-krueger | organization:National Bureau of Economic Research, United States
mas-a-7-10-56 | Dale T. Mortensen | http://academic.research.microsoft.com/Author/2139885/dale-t-mortensen | organization:Northwestern University
mas-a-7-10-57 | Lex Borghans | http://academic.research.microsoft.com/Author/2661977/lex-borghans | organization:Faculty of Psychology and Neuroscience
mas-a-7-10-58 | Ann P. Bartel | http://academic.research.microsoft.com/Author/2815427/ann-p-bartel | organization:Columbia University
mas-a-7-10-59 | Peter J. Sloane | http://academic.research.microsoft.com/Author/2816574/peter-j-sloane | organization:Swansea University
mas-a-7-10-60 | Ewart Keep | http://academic.research.microsoft.com/Author/10862397/ewart-keep | organization:Cardiff University
mas-a-7-10-61 | Peter Bernholz | http://academic.research.microsoft.com/Author/48259768/peter-bernholz | organization:Johann Wolfgang Goethe-University Frankfurt
mas-a-7-10-62 | Paul Robin Krugman | http://academic.research.microsoft.com/Author/106088/paul-robin-krugman | organization:Princeton University
mas-a-7-10-63 | John Bound | http://academic.research.microsoft.com/Author/505931/john-bound | organization:University of Michigan
mas-a-7-10-64 | John Vickers | http://academic.research.microsoft.com/Author/1081877/john-vickers | organization:University of Oxford
mas-a-7-10-65 | Arie Kapteyn | http://academic.research.microsoft.com/Author/1390157/arie-kapteyn | organization:Rand Corporation
mas-a-7-10-66 | Richard Blundell | http://academic.research.microsoft.com/Author/2270579/richard-blundell | organization:University College London
mas-a-7-10-67 | Christopher J. Ruhm | http://academic.research.microsoft.com/Author/2607314/christopher-j-ruhm | organization:University of North Carolina Greensboro
mas-a-7-10-68 | Nachum Sicherman | http://academic.research.microsoft.com/Author/2822715/nachum-sicherman | organization:Columbia University
mas-a-7-10-69 | Richard J. Cebula | http://academic.research.microsoft.com/Author/2805681/richard-j-cebula | organization:Jacksonville University
mas-a-7-10-70 | Paul M. Sommers | http://academic.research.microsoft.com/Author/23419939/paul-m-sommers | organization:Pennsylvania State University
mas-a-7-10-71 | Thomas Straubhaar | http://academic.research.microsoft.com/Author/23417947/thomas-straubhaar | organization:Hamburgisches Weltwirtschaftsinstitut Gemeinnutzige
mas-a-7-10-72 | Brian E. Dollery | http://academic.research.microsoft.com/Author/23385778/brian-e-dollery | organization:University of New England Australia
mas-a-7-10-73 | Rick Csiernik | http://academic.research.microsoft.com/Author/21140074/rick-csiernik | organization:University of Western Ontario
mas-a-7-10-74 | William J. Baumol | http://academic.research.microsoft.com/Author/60597/william-j-baumol | organization:New York University
mas-a-7-10-75 | Ronald Schettkat | http://academic.research.microsoft.com/Author/23455165/ronald-schettkat | organization:Bergische University Wuppertal
mas-a-7-10-76 | Alex Millmow | http://academic.research.microsoft.com/Author/24005323/alex-millmow | organization:University of Ballarat
mas-a-7-10-77 | Frances Stewart | http://academic.research.microsoft.com/Author/1104482/frances-stewart | organization:University of Oxford
mas-a-7-10-78 | Anthony B. Atkinson | http://academic.research.microsoft.com/Author/10799525/anthony-b-atkinson | organization:University of Oxford
mas-a-7-10-79 | Tim Jenkinson | http://academic.research.microsoft.com/Author/12994220/tim-jenkinson | organization:University of Oxford
mas-a-7-10-80 | DIANA J. BEAL | http://academic.research.microsoft.com/Author/23452684/diana-j-beal | organization:University of Southern Queensland
mas-a-7-10-81 | Klaus F. Zimmermann | http://academic.research.microsoft.com/Author/50158499/klaus-f-zimmermann | organization:University of Bonn
mas-a-7-10-82 | Augustine Chuck Arize | http://academic.research.microsoft.com/Author/2262593/augustine-chuck-arize | organization:Texas A&M University-Commerce
mas-a-7-10-83 | Andrew J. Glyn | http://academic.research.microsoft.com/Author/2900678/andrew-j-glyn | organization:University of Oxford
mas-a-7-10-84 | Jesus Felipe | http://academic.research.microsoft.com/Author/3959786/jesus-felipe | organization:Asian Development Bank (ADB)
mas-a-7-10-85 | Yaw M. Mensah | http://academic.research.microsoft.com/Author/4062150/yaw-m-mensah | organization:Rutgers, The State University of New Jersey
mas-a-7-10-86 | John S. L. McCombie | http://academic.research.microsoft.com/Author/10763822/john-s-l-mccombie | organization:University of Cambridge
mas-a-7-10-87 | Andrea Ichino | http://academic.research.microsoft.com/Author/2097881/andrea-ichino | organization:Università di Bologna
mas-a-7-10-88 | John H. Dunning | http://academic.research.microsoft.com/Author/2867134/john-h-dunning | organization:University of Reading
mas-a-7-10-89 | Mark V. Roehling | http://academic.research.microsoft.com/Author/2961135/mark-v-roehling | organization:Michigan State University
mas-a-7-10-90 | John Marangos | http://academic.research.microsoft.com/Author/4324440/john-marangos | organization:University of Crete
mas-a-7-10-91 | Paul W. Miller | http://academic.research.microsoft.com/Author/6962356/paul-w-miller | organization:Curtin University of Technology
mas-a-7-10-92 | Krishnamurthy K. Raman | http://academic.research.microsoft.com/Author/52730882/krishnamurthy-k-raman | organization:University of North Texas
mas-a-7-10-93 | Ruth Milkman | http://academic.research.microsoft.com/Author/53354760/ruth-milkman | organization:University of California Los Angeles
mas-a-7-10-94 | Michael P. Devereux | http://academic.research.microsoft.com/Author/133517/michael-p-devereux | organization:University of Oxford
mas-a-7-10-95 | Martin Shubik | http://academic.research.microsoft.com/Author/1435987/martin-shubik | organization:Universität Innsbruck
mas-a-7-10-96 | Giorgio Brunello | http://academic.research.microsoft.com/Author/1715671/giorgio-brunello | organization:Università degli Studi di Padova
mas-a-7-10-97 | Tito Boeri | http://academic.research.microsoft.com/Author/2011574/tito-boeri | organization:Università Bocconi
mas-a-7-10-98 | David N. Laband | http://academic.research.microsoft.com/Author/2671897/david-n-laband | organization:Auburn University
mas-a-7-10-99 | Barry T. Hirsch | http://academic.research.microsoft.com/Author/2855393/barry-t-hirsch | organization:Georgia State University
mas-a-7-10-100 | John G. Treble | http://academic.research.microsoft.com/Author/6870492/john-g-treble | organization:Swansea University
