mas-a-7-11-1 | Steven Shavell | http://academic.research.microsoft.com/Author/554812/steven-shavell | organization:Harvard University
mas-a-7-11-2 | Jean Marcel Tirole | http://academic.research.microsoft.com/Author/928155/jean-marcel-tirole | organization:University of Toulouse
mas-a-7-11-3 | Robert D. Tollison | http://academic.research.microsoft.com/Author/10686268/robert-d-tollison | organization:Clemson University
mas-a-7-11-4 | Vernon L. Smith | http://academic.research.microsoft.com/Author/293379/vernon-l-smith | organization:Chapman University
mas-a-7-11-5 | Tracy R. Lewis | http://academic.research.microsoft.com/Author/22938653/tracy-r-lewis | organization:Duke University
mas-a-7-11-6 | David E. M. Sappington | http://academic.research.microsoft.com/Author/278197/david-e-m-sappington | organization:University of Florida
mas-a-7-11-7 | Josh Lerner | http://academic.research.microsoft.com/Author/526056/josh-lerner | organization:Harvard University
mas-a-7-11-8 | Pablo T. Spiller | http://academic.research.microsoft.com/Author/780690/pablo-t-spiller | organization:University of California Berkeley
mas-a-7-11-9 | Jennifer F. Reinganum | http://academic.research.microsoft.com/Author/565209/jennifer-f-reinganum | organization:Vanderbilt University
mas-a-7-11-10 | Richard A. Posner | http://academic.research.microsoft.com/Author/42243253/richard-a-posner | organization:University of Chicago
mas-a-7-11-11 | Oliver E. Williamson | http://academic.research.microsoft.com/Author/588016/oliver-e-williamson | organization:University of California Berkeley
mas-a-7-11-12 | Benjamin Klein | http://academic.research.microsoft.com/Author/126235/benjamin-klein | organization:Georgia Institute of Technology
mas-a-7-11-13 | Paul L. Joskow | http://academic.research.microsoft.com/Author/1116194/paul-l-joskow | organization:Massachusetts Institute of Technology
mas-a-7-11-14 | Joel Waldfogel | http://academic.research.microsoft.com/Author/1313956/joel-waldfogel | organization:University of Minnesota
mas-a-7-11-15 | Andrew F. Daughety | http://academic.research.microsoft.com/Author/977334/andrew-f-daughety | organization:Vanderbilt University
mas-a-7-11-16 | Ronald Harry Coase | http://academic.research.microsoft.com/Author/193550/ronald-harry-coase | organization:Vanderbilt University
mas-a-7-11-17 | W. Kip Viscusi | http://academic.research.microsoft.com/Author/2589525/w-kip-viscusi | organization:Vanderbilt University
mas-a-7-11-18 | Harold Demsetz | http://academic.research.microsoft.com/Author/793401/harold-demsetz | organization:University of California Los Angeles
mas-a-7-11-19 | Bruno S. Frey | http://academic.research.microsoft.com/Author/1512205/bruno-s-frey | organization:Universität Zürich
mas-a-7-11-20 | Suzanne Scotchmer | http://academic.research.microsoft.com/Author/938292/suzanne-scotchmer | organization:University of California Berkeley
mas-a-7-11-21 | R. Mark Isaac | http://academic.research.microsoft.com/Author/1226675/r-mark-isaac | organization:Florida State University
mas-a-7-11-22 | Thomas J. Miceli | http://academic.research.microsoft.com/Author/1583787/thomas-j-miceli | organization:University of Connecticut
mas-a-7-11-23 | Nuno R. Garoupa | http://academic.research.microsoft.com/Author/283480/nuno-r-garoupa | organization:University of Illinois Urbana Champaign
mas-a-7-11-24 | Douglas W. Allen | http://academic.research.microsoft.com/Author/3260671/douglas-w-allen | organization:Simon Fraser University
mas-a-7-11-25 | Louis Putterman | http://academic.research.microsoft.com/Author/2658551/louis-putterman | organization:Brown University
mas-a-7-11-26 | Rachel T. A. Croson | http://academic.research.microsoft.com/Author/1690704/rachel-t-a-croson | organization:University of Texas Dallas
mas-a-7-11-27 | David. J. Teece | http://academic.research.microsoft.com/Author/123910/david-j-teece | organization:University of California Berkeley
mas-a-7-11-28 | Sam Peltzman | http://academic.research.microsoft.com/Author/382471/sam-peltzman | organization:University of California Berkeley
mas-a-7-11-29 | Andrei lkjkl Shleifer | http://academic.research.microsoft.com/Author/1006987/andrei-lkjkl-shleifer | organization:Harvard University
mas-a-7-11-30 | Michael D. Whinston | http://academic.research.microsoft.com/Author/1665424/michael-d-whinston | organization:Northwestern University
mas-a-7-11-31 | Cars H. Hommes | http://academic.research.microsoft.com/Author/1958599/cars-h-hommes | organization:University of Amsterdam
mas-a-7-11-32 | Gary Charness | http://academic.research.microsoft.com/Author/232852/gary-charness | organization:University of California Santa Barbara
mas-a-7-11-33 | Werner Güth | http://academic.research.microsoft.com/Author/1051608/werner-g-th | organization:Max Planck Gesellschaft
mas-a-7-11-34 | A. Mitchell Polinsky | http://academic.research.microsoft.com/Author/2170803/a-mitchell-polinsky | organization:Stanford University
mas-a-7-11-35 | Charles R. Plott | http://academic.research.microsoft.com/Author/531218/charles-r-plott | organization:California Institute of Technology
mas-a-7-11-36 | Michael Waldman | http://academic.research.microsoft.com/Author/1893133/michael-waldman | organization:Cornell University
mas-a-7-11-37 | Eric Helland | http://academic.research.microsoft.com/Author/2786036/eric-helland | organization:Claremont Mckenna College
mas-a-7-11-38 | William M. Landes | http://academic.research.microsoft.com/Author/57995/william-m-landes | organization:Claremont Mckenna College
mas-a-7-11-39 | David Dranove | http://academic.research.microsoft.com/Author/697536/david-dranove | organization:Northwestern University
mas-a-7-11-40 | Michael H. Riordan | http://academic.research.microsoft.com/Author/881169/michael-h-riordan | organization:Columbia University
mas-a-7-11-41 | Benjamin E. Hermalin | http://academic.research.microsoft.com/Author/974260/benjamin-e-hermalin | organization:University of California Berkeley
mas-a-7-11-42 | Jason F. Shogren | http://academic.research.microsoft.com/Author/2604929/jason-f-shogren | organization:University of Wyoming
mas-a-7-11-43 | Benito Arrunada (Benito Arruñada) | http://academic.research.microsoft.com/Author/3781293/benito-arrunada | organization:Universitat Pompeu Fabra
mas-a-7-11-44 | Ralph A. Winter | http://academic.research.microsoft.com/Author/10747665/ralph-a-winter | organization:University of British Columbia
mas-a-7-11-45 | Arlington W. Williams | http://academic.research.microsoft.com/Author/40797229/arlington-w-williams | organization:Indiana University
mas-a-7-11-46 | Yoram Barzel | http://academic.research.microsoft.com/Author/600771/yoram-barzel | organization:University of Washington
mas-a-7-11-47 | Joep Sonnemans | http://academic.research.microsoft.com/Author/929633/joep-sonnemans | organization:University of Amsterdam
mas-a-7-11-48 | Carl Shapiro | http://academic.research.microsoft.com/Author/1325481/carl-shapiro | organization:University of California Berkeley
mas-a-7-11-49 | Thomas W. Ross | http://academic.research.microsoft.com/Author/2249120/thomas-w-ross | organization:University of British Columbia
mas-a-7-11-50 | Dean Lueck | http://academic.research.microsoft.com/Author/3892965/dean-lueck | organization:University of Arizona
mas-a-7-11-51 | Patrick Rey | http://academic.research.microsoft.com/Author/388586/patrick-rey | organization:Centre Interuniversitaire de Calcul de Toulouse
mas-a-7-11-52 | Richard J. Gilbert | http://academic.research.microsoft.com/Author/429059/richard-j-gilbert | organization:University of California Berkeley
mas-a-7-11-53 | Jean-Jacques Laffont | http://academic.research.microsoft.com/Author/483924/jean-jacques-laffont | organization:Toulouse 1 University Capitole
mas-a-7-11-54 | Gary Biglaiser | http://academic.research.microsoft.com/Author/1374595/gary-biglaiser | organization:University of North Carolina Chapel Hill
mas-a-7-11-55 | David Martimort | http://academic.research.microsoft.com/Author/1815666/david-martimort | organization:Centre Interuniversitaire de Calcul de Toulouse
mas-a-7-11-56 | Francesco Parisi | http://academic.research.microsoft.com/Author/247001/francesco-parisi | organization:Centre Interuniversitaire de Calcul de Toulouse
mas-a-7-11-57 | Amy Farmer | http://academic.research.microsoft.com/Author/2670278/amy-farmer | organization:University of Arkansas Fayetteville
mas-a-7-11-58 | John Thogersen (John Thøgersen) | http://academic.research.microsoft.com/Author/23584585/john-thogersen | organization:Aarhus School of Business
mas-a-7-11-59 | Kathryn E. Spier | http://academic.research.microsoft.com/Author/20574/kathryn-e-spier | organization:Harvard University
mas-a-7-11-60 | KEVIN MCCABE | http://academic.research.microsoft.com/Author/97268/kevin-mccabe | organization:George Mason University
mas-a-7-11-61 | Yeon-Koo Che | http://academic.research.microsoft.com/Author/1246580/yeon-koo-che | organization:Columbia University
mas-a-7-11-62 | Richard Nelson | http://academic.research.microsoft.com/Author/2040398/richard-nelson | organization:Columbia University
mas-a-7-11-63 | Dennis W. Carlton | http://academic.research.microsoft.com/Author/56317/dennis-w-carlton | organization:University of Chicago
mas-a-7-11-64 | Amnon Rapoport | http://academic.research.microsoft.com/Author/205934/amnon-rapoport | organization:University of California Riverside
mas-a-7-11-65 | Louis Kaplow | http://academic.research.microsoft.com/Author/553974/louis-kaplow | organization:Harvard University
mas-a-7-11-66 | Robert E. McCormick | http://academic.research.microsoft.com/Author/2625117/robert-e-mccormick | organization:Clemson University
mas-a-7-11-67 | Wesley A. Magat | http://academic.research.microsoft.com/Author/2676867/wesley-a-magat | organization:Duke University
mas-a-7-11-68 | Daniel F. Spulber | http://academic.research.microsoft.com/Author/10798446/daniel-f-spulber | organization:Northwestern University
mas-a-7-11-69 | Ivan P. L. Png | http://academic.research.microsoft.com/Author/1775820/ivan-p-l-png | organization:National University of Singapore
mas-a-7-11-70 | Jay Pil Choi | http://academic.research.microsoft.com/Author/2224532/jay-pil-choi | organization:Michigan State University
mas-a-7-11-71 | Larry Samuelson | http://academic.research.microsoft.com/Author/41896/larry-samuelson | organization:Yale University
mas-a-7-11-72 | Paul D. Klemperer | http://academic.research.microsoft.com/Author/148756/paul-d-klemperer | organization:University of Oxford
mas-a-7-11-73 | Garth Saloner | http://academic.research.microsoft.com/Author/320188/garth-saloner | organization:Stanford University
mas-a-7-11-74 | Severin Borenstein | http://academic.research.microsoft.com/Author/352844/severin-borenstein | organization:University of California Berkeley
mas-a-7-11-75 | Richard A. Easterlin | http://academic.research.microsoft.com/Author/386550/richard-a-easterlin | organization:Institut Zur Zukunft der Arbeit
mas-a-7-11-76 | Stephen J. Rassenti | http://academic.research.microsoft.com/Author/398669/stephen-j-rassenti | organization:Chapman University
mas-a-7-11-77 | Andrea Shepard | http://academic.research.microsoft.com/Author/749480/andrea-shepard | organization:Stanford University
mas-a-7-11-78 | Xavier Vives | http://academic.research.microsoft.com/Author/944264/xavier-vives | organization:University of Navarra
mas-a-7-11-79 | Joseph Farrell | http://academic.research.microsoft.com/Author/1051331/joseph-farrell | organization:University of California Berkeley
mas-a-7-11-80 | Martin Weber | http://academic.research.microsoft.com/Author/1055434/martin-weber | organization:University of Mannheim
mas-a-7-11-81 | Michael T. Maloney | http://academic.research.microsoft.com/Author/1293698/michael-t-maloney | organization:Clemson University
mas-a-7-11-82 | Timothy F. Bresnahan | http://academic.research.microsoft.com/Author/1686508/timothy-f-bresnahan | organization:Stanford University
mas-a-7-11-83 | Clifford Winston | http://academic.research.microsoft.com/Author/2670237/clifford-winston | organization:Brookings Institution
mas-a-7-11-84 | Robert W. Rosenthal | http://academic.research.microsoft.com/Author/2685145/robert-w-rosenthal | organization:Nippon Telegraph and Telephone Corporation
mas-a-7-11-85 | Alan D. Mathios | http://academic.research.microsoft.com/Author/3085102/alan-d-mathios | organization:Cornell University
mas-a-7-11-86 | Alan O. Sykes | http://academic.research.microsoft.com/Author/10236294/alan-o-sykes | organization:Stanford University
mas-a-7-11-87 | Rajiv Sethi | http://academic.research.microsoft.com/Author/294673/rajiv-sethi | organization:Columbia University
mas-a-7-11-88 | Laura Gardini | http://academic.research.microsoft.com/Author/3600173/laura-gardini | organization:Università degli Studi di Urbino Carlo Bo
mas-a-7-11-89 | Dale O. Stahl | http://academic.research.microsoft.com/Author/515694/dale-o-stahl | organization:University of Texas Austin
mas-a-7-11-90 | David P. Porter | http://academic.research.microsoft.com/Author/22850443/david-p-porter | organization:Chapman University
mas-a-7-11-91 | Frank H. Easterbrook | http://academic.research.microsoft.com/Author/23389392/frank-h-easterbrook | organization:Chapman University
mas-a-7-11-92 | Gary M. Anderson | http://academic.research.microsoft.com/Author/23414531/gary-m-anderson | organization:California State University Northridge
mas-a-7-11-93 | Eberhard Feess | http://academic.research.microsoft.com/Author/2974429/eberhard-feess | organization:Frankfurt School of Finance &amp; Management
mas-a-7-11-94 | Paul H. Rubin | http://academic.research.microsoft.com/Author/53360991/paul-h-rubin | organization:Frankfurt School of Finance &amp; Management
mas-a-7-11-95 | Eric Bennett Rasmusen | http://academic.research.microsoft.com/Author/330820/eric-bennett-rasmusen | organization:Indiana University
mas-a-7-11-96 | Daniel L. Rubinfeld | http://academic.research.microsoft.com/Author/657079/daniel-l-rubinfeld | organization:University of California Berkeley
mas-a-7-11-97 | Carl Chiarella | http://academic.research.microsoft.com/Author/821566/carl-chiarella | organization:University of Technology Sydney
mas-a-7-11-98 | Glenn W. Harrison | http://academic.research.microsoft.com/Author/1018179/glenn-w-harrison | organization:Georgia State University
mas-a-7-11-99 | George J. Stigler | http://academic.research.microsoft.com/Author/1631616/george-j-stigler | organization:University of Chicago
mas-a-7-11-100 | Yongmin Chen | http://academic.research.microsoft.com/Author/1854482/yongmin-chen | organization:University of Colorado Boulder
