mas-a-2-6-1 | Anil K. Jain | http://academic.research.microsoft.com/Author/429641/anil-k-jain | organization:Michigan State University
mas-a-2-6-2 | Michael I. Jordan | http://academic.research.microsoft.com/Author/1135555/michael-i-jordan | organization:University of California Berkeley
mas-a-2-6-3 | Bernhard Scholkopf | http://academic.research.microsoft.com/Author/387534/bernhard-scholkopf | organization:Max Planck Gesellschaft
mas-a-2-6-4 | Geoffrey E. Hinton | http://academic.research.microsoft.com/Author/1143392/geoffrey-e-hinton | organization:University of Toronto
mas-a-2-6-5 | Alexander J. Smola | http://academic.research.microsoft.com/Author/356500/alexander-j-smola | organization:Carnegie Mellon University
mas-a-2-6-6 | Vladimir Vapnik | http://academic.research.microsoft.com/Author/874353/vladimir-vapnik | organization:University of London Computer Centre
mas-a-2-6-7 | Terrence J. Sejnowski | http://academic.research.microsoft.com/Author/240799/terrence-j-sejnowski | organization:Salk Institute for Biological Studies
mas-a-2-6-8 | Tomaso A. Poggio | http://academic.research.microsoft.com/Author/213912/tomaso-a-poggio | organization:Massachusetts Institute of Technology
mas-a-2-6-9 | Azriel Rosenfeld | http://academic.research.microsoft.com/Author/10539644/azriel-rosenfeld | organization:University of Maryland
mas-a-2-6-10 | Robert E. Schapire | http://academic.research.microsoft.com/Author/359373/robert-e-schapire | organization:Princeton University
mas-a-2-6-11 | Zoubin Ghahramani | http://academic.research.microsoft.com/Author/149500/zoubin-ghahramani | organization:University of Cambridge
mas-a-2-6-12 | Daphne Koller | http://academic.research.microsoft.com/Author/469846/daphne-koller | organization:Stanford University
mas-a-2-6-13 | Shun-ichi Amari (甘利俊一) | http://academic.research.microsoft.com/Author/939406/shun-ichi-amari | organization:RIKEN Brain Science Institute
mas-a-2-6-14 | Teuvo Kohonen | http://academic.research.microsoft.com/Author/1789271/teuvo-kohonen | organization:Aalto University
mas-a-2-6-15 | Manfred Warmuth | http://academic.research.microsoft.com/Author/74128/manfred-warmuth | organization:University of California Santa Cruz
mas-a-2-6-16 | John Shawe-Taylor | http://academic.research.microsoft.com/Author/530462/john-shawe-taylor | organization:University College London
mas-a-2-6-17 | Yoram Singer | http://academic.research.microsoft.com/Author/851923/yoram-singer | organization:Google Inc.
mas-a-2-6-18 | Alex Pentland | http://academic.research.microsoft.com/Author/343120/alex-pentland | organization:Massachusetts Institute of Technology
mas-a-2-6-19 | Andrew Y. Ng | http://academic.research.microsoft.com/Author/838823/andrew-y-ng | organization:Stanford University
mas-a-2-6-20 | Horst Bunke | http://academic.research.microsoft.com/Author/1477133/horst-bunke | organization:Universität Bern
mas-a-2-6-21 | Ching Y. Suen | http://academic.research.microsoft.com/Author/990971/ching-y-suen | organization:Concordia University
mas-a-2-6-22 | Robert P.W. Duin | http://academic.research.microsoft.com/Author/1003256/robert-p-w-duin | organization:Delft University of Technology
mas-a-2-6-23 | Erkki Oja | http://academic.research.microsoft.com/Author/2201723/erkki-oja | organization:Aalto University
mas-a-2-6-24 | Yoshua Bengio | http://academic.research.microsoft.com/Author/1251924/yoshua-bengio | organization:Université de Montreal
mas-a-2-6-25 | Thomas G. Dietterich | http://academic.research.microsoft.com/Author/1622575/thomas-g-dietterich | organization:Oregon State University
mas-a-2-6-26 | Josef Kittler | http://academic.research.microsoft.com/Author/707513/josef-kittler | organization:University of Surrey
mas-a-2-6-27 | Peter L. Bartlett | http://academic.research.microsoft.com/Author/2234775/peter-l-bartlett | organization:University of California Berkeley
mas-a-2-6-28 | Takeo Kanade (金出武雄) | http://academic.research.microsoft.com/Author/112413/takeo-kanade | organization:Carnegie Mellon University
mas-a-2-6-29 | Sebastian Thrun | http://academic.research.microsoft.com/Author/361346/sebastian-thrun | organization:Stanford University
mas-a-2-6-30 | David Heckerman | http://academic.research.microsoft.com/Author/2457946/david-heckerman | organization:Microsoft
mas-a-2-6-31 | Satinder Singh | http://academic.research.microsoft.com/Author/306978/satinder-singh | organization:University of Michigan
mas-a-2-6-32 | Yann Lecun | http://academic.research.microsoft.com/Author/573297/yann-lecun | organization:New York University
mas-a-2-6-33 | Michael Kearns | http://academic.research.microsoft.com/Author/299153/michael-kearns | organization:University of Pennsylvania
mas-a-2-6-34 | Chih-Jen Lin (林智仁) | http://academic.research.microsoft.com/Author/276686/chih-jen-lin | organization:National Taiwan University
mas-a-2-6-35 | Klaus-robert Müller | http://academic.research.microsoft.com/Author/884537/klaus-robert-m-ller | organization:Technical University of Berlin
mas-a-2-6-36 | Tommi S. Jaakkola | http://academic.research.microsoft.com/Author/1820153/tommi-s-jaakkola | organization:Massachusetts Institute of Technology
mas-a-2-6-37 | Robert Haralick | http://academic.research.microsoft.com/Author/655751/robert-haralick | organization:City University of New York
mas-a-2-6-38 | Thomas S. Huang | http://academic.research.microsoft.com/Author/292834/thomas-s-huang | organization:University of Illinois Urbana Champaign
mas-a-2-6-39 | Aapo Hyvarinen (Aapo Hyvärinen) | http://academic.research.microsoft.com/Author/188772/aapo-hyvarinen | organization:University of Helsinki
mas-a-2-6-40 | Kevin Bowyer | http://academic.research.microsoft.com/Author/435849/kevin-bowyer | organization:University of Notre Dame
mas-a-2-6-41 | Sargur Srihari | http://academic.research.microsoft.com/Author/518038/sargur-srihari | organization:State University of New York at Buffalo
mas-a-2-6-42 | Rama Chellappa | http://academic.research.microsoft.com/Author/1539518/rama-chellappa | organization:University of Maryland
mas-a-2-6-43 | Andrew William Moore | http://academic.research.microsoft.com/Author/1802181/andrew-william-moore | organization:Google Inc.
mas-a-2-6-44 | Richard Sutton | http://academic.research.microsoft.com/Author/359696/richard-sutton | organization:University of Alberta
mas-a-2-6-45 | Lawrence Saul | http://academic.research.microsoft.com/Author/780170/lawrence-saul | organization:University of California San Diego
mas-a-2-6-46 | Olvi L. Mangasarian | http://academic.research.microsoft.com/Author/2129558/olvi-l-mangasarian | organization:University of Wisconsin Madison
mas-a-2-6-47 | David Haussler | http://academic.research.microsoft.com/Author/333732/david-haussler | organization:University of California Santa Cruz
mas-a-2-6-48 | David Zhang (張大鵬) | http://academic.research.microsoft.com/Author/2086856/david-zhang | organization:Hong Kong Polytechnic University
mas-a-2-6-49 | Jake K. Aggarwal | http://academic.research.microsoft.com/Author/2529549/jake-k-aggarwal | organization:University of Texas Austin
mas-a-2-6-50 | Katsushi Ikeuchi (池内克史) | http://academic.research.microsoft.com/Author/184340/katsushi-ikeuchi | organization:University of Tokyo
mas-a-2-6-51 | Larry Davis | http://academic.research.microsoft.com/Author/1336583/larry-davis | organization:University of Maryland
mas-a-2-6-52 | Peter Dayan | http://academic.research.microsoft.com/Author/1576418/peter-dayan | organization:University College London
mas-a-2-6-53 | Christof Koch | http://academic.research.microsoft.com/Author/2439613/christof-koch | organization:California Institute of Technology
mas-a-2-6-54 | Jason Weston | http://academic.research.microsoft.com/Author/845668/jason-weston | organization:Google Inc.
mas-a-2-6-55 | Theo Pavlidis (Theodosios Pavlidis) | http://academic.research.microsoft.com/Author/727609/theo-pavlidis | organization:Stony Brook University
mas-a-2-6-56 | Nir Friedman | http://academic.research.microsoft.com/Author/1207329/nir-friedman | organization:Hebrew University of Jerusalem
mas-a-2-6-57 | Avrim Blum | http://academic.research.microsoft.com/Author/1154881/avrim-blum | organization:Carnegie Mellon University
mas-a-2-6-58 | David Mackay | http://academic.research.microsoft.com/Author/152537/david-mackay | organization:University of Cambridge
mas-a-2-6-59 | Yoav Freund | http://academic.research.microsoft.com/Author/1207018/yoav-freund | organization:University of California San Diego
mas-a-2-6-60 | C. Lee Giles | http://academic.research.microsoft.com/Author/1037303/c-lee-giles | organization:Pennsylvania State University
mas-a-2-6-61 | Naftali Tishby | http://academic.research.microsoft.com/Author/320637/naftali-tishby | organization:Hebrew University of Jerusalem
mas-a-2-6-62 | Christopher M. Bishop | http://academic.research.microsoft.com/Author/719294/christopher-m-bishop | organization:Microsoft
mas-a-2-6-63 | Gunnar Ratsch | http://academic.research.microsoft.com/Author/57946/gunnar-ratsch | organization:Max Planck Gesellschaft
mas-a-2-6-64 | Nello Cristianini | http://academic.research.microsoft.com/Author/1280549/nello-cristianini | organization:University of Bristol
mas-a-2-6-65 | John Lafferty | http://academic.research.microsoft.com/Author/102595/john-lafferty | organization:Carnegie Mellon University
mas-a-2-6-66 | Christopher J. C. Burges | http://academic.research.microsoft.com/Author/752810/christopher-j-c-burges | organization:Microsoft
mas-a-2-6-67 | Edwin Hancock | http://academic.research.microsoft.com/Author/288596/edwin-hancock | organization:University of York
mas-a-2-6-68 | Tieniu Tan (谭铁牛) | http://academic.research.microsoft.com/Author/141170/tieniu-tan | organization:Chinese Academy of Sciences
mas-a-2-6-69 | Sankar Kumar Pal | http://academic.research.microsoft.com/Author/252800/sankar-kumar-pal | organization:Indian Statistical Institute Kolkata
mas-a-2-6-70 | Joachim Buhmann | http://academic.research.microsoft.com/Author/1641470/joachim-buhmann | organization:Swiss Federal Institute of Technology Zurich
mas-a-2-6-71 | Gerard G. Medioni (Gérard G. Medioni) | http://academic.research.microsoft.com/Author/1458799/gerard-g-medioni | organization:University of Southern California
mas-a-2-6-72 | Christopher Williams | http://academic.research.microsoft.com/Author/898397/christopher-williams | organization:University of Edinburgh
mas-a-2-6-73 | L   eon Bottou (L ´ eon Bottou) | http://academic.research.microsoft.com/Author/1905781/l-eon-bottou | organization:NEC
mas-a-2-6-74 | Sam Roweis | http://academic.research.microsoft.com/Author/552150/sam-roweis | organization:New York University
mas-a-2-6-75 | John Platt | http://academic.research.microsoft.com/Author/346925/john-platt | organization:Microsoft
mas-a-2-6-76 | Thorsten Joachims | http://academic.research.microsoft.com/Author/1519133/thorsten-joachims | organization:Cornell University
mas-a-2-6-77 | William T. Freeman | http://academic.research.microsoft.com/Author/2237621/william-t-freeman | organization:Massachusetts Institute of Technology
mas-a-2-6-78 | Andrzej Cichocki | http://academic.research.microsoft.com/Author/1878243/andrzej-cichocki | organization:RIKEN Brain Science Institute
mas-a-2-6-79 | Massimiliano Pontil | http://academic.research.microsoft.com/Author/595147/massimiliano-pontil | organization:University College London
mas-a-2-6-80 | Andrew Mccallum | http://academic.research.microsoft.com/Author/2232623/andrew-mccallum | organization:University of Massachusetts
mas-a-2-6-81 | Stephen Grossberg | http://academic.research.microsoft.com/Author/290464/stephen-grossberg | organization:Boston University
mas-a-2-6-82 | Ludmila I. Kuncheva | http://academic.research.microsoft.com/Author/713491/ludmila-i-kuncheva | organization:Bangor University
mas-a-2-6-83 | Sathiya Keerthi | http://academic.research.microsoft.com/Author/254723/sathiya-keerthi | organization:Microsoft
mas-a-2-6-84 | Yair Weiss | http://academic.research.microsoft.com/Author/2077971/yair-weiss | organization:Hebrew University of Jerusalem
mas-a-2-6-85 | Olivier Bousquet | http://academic.research.microsoft.com/Author/2077517/olivier-bousquet | organization:University of Tübingen
mas-a-2-6-86 | Jing-yu Yang | http://academic.research.microsoft.com/Author/133849/jing-yu-yang | organization:Shenyang Pharmaceutical University
mas-a-2-6-87 | Jun Wang | http://academic.research.microsoft.com/Author/12332964/jun-wang | organization:Shenyang Pharmaceutical University
mas-a-2-6-88 | Joydeep Ghosh | http://academic.research.microsoft.com/Author/624559/joydeep-ghosh | organization:University of Texas Austin
mas-a-2-6-89 | Wolfgang Maass | http://academic.research.microsoft.com/Author/536578/wolfgang-maass | organization:Graz University of Technology
mas-a-2-6-90 | Matti Pietikainen (Matti Pietikäinen) | http://academic.research.microsoft.com/Author/475122/matti-pietikainen | organization:University of Oulu
mas-a-2-6-91 | Stan Li (李子青) | http://academic.research.microsoft.com/Author/2247968/stan-li | organization:Chinese Academy of Sciences
mas-a-2-6-92 | Narendra Ahuja | http://academic.research.microsoft.com/Author/1448436/narendra-ahuja | organization:University of Illinois Urbana Champaign
mas-a-2-6-93 | Volker Tresp | http://academic.research.microsoft.com/Author/264011/volker-tresp | organization:Siemens
mas-a-2-6-94 | Henry S. Baird | http://academic.research.microsoft.com/Author/1504943/henry-s-baird | organization:Lehigh University
mas-a-2-6-95 | Alan Yuille | http://academic.research.microsoft.com/Author/2474519/alan-yuille | organization:University of California Los Angeles
mas-a-2-6-96 | Michael L. Littman | http://academic.research.microsoft.com/Author/171434/michael-l-littman | organization:Brown University
mas-a-2-6-97 | Andrew Barto | http://academic.research.microsoft.com/Author/633931/andrew-barto | organization:University of Massachusetts
mas-a-2-6-98 | Ralf Herbrich | http://academic.research.microsoft.com/Author/243777/ralf-herbrich | organization:Microsoft
mas-a-2-6-99 | OLIVIER CHAPELLE | http://academic.research.microsoft.com/Author/1215371/olivier-chapelle | organization:Yahoo Research Labs
mas-a-2-6-100 | Thomas Hofmann | http://academic.research.microsoft.com/Author/1491332/thomas-hofmann | organization:Google Inc.
