mas-a-15-11-1 | Godfrey Harold Hardy | http://academic.research.microsoft.com/Author/240967/godfrey-harold-hardy | organization:University of Cambridge
mas-a-15-11-2 | Bela Bollobas (Béla Bollobás) | http://academic.research.microsoft.com/Author/129247/bela-bollobas | organization:University of Cambridge
mas-a-15-11-3 | Noga Alon | http://academic.research.microsoft.com/Author/103630/noga-alon | organization:Tel Aviv University
mas-a-15-11-4 | Marc Yor | http://academic.research.microsoft.com/Author/1077880/marc-yor | organization:Pierre and Marie Curie University
mas-a-15-11-5 | David W. Rees | http://academic.research.microsoft.com/Author/1273267/david-w-rees | organization:University of Glamorgan
mas-a-15-11-6 | Paul Erdos (Paul Erdös) | http://academic.research.microsoft.com/Author/1112639/paul-erdos | organization:University of Glamorgan
mas-a-15-11-7 | Nathan Linial | http://academic.research.microsoft.com/Author/2403517/nathan-linial | organization:Hebrew University of Jerusalem
mas-a-15-11-8 | Yuval Peres | http://academic.research.microsoft.com/Author/178564/yuval-peres | organization:Microsoft
mas-a-15-11-9 | Laszlo Lovasz (László Lovász) | http://academic.research.microsoft.com/Author/615494/laszlo-lovasz | organization:Eotvos Lorand University (University of Budapest)
mas-a-15-11-10 | Harald Niederreiter | http://academic.research.microsoft.com/Author/2056105/harald-niederreiter | organization:National University of Singapore
mas-a-15-11-11 | Peter Hall | http://academic.research.microsoft.com/Author/128303/peter-hall | organization:University of Melbourne
mas-a-15-11-12 | Peter Frankl (Péter Frankl) | http://academic.research.microsoft.com/Author/1526998/peter-frankl | organization:Hungarian Academy of Sciences
mas-a-15-11-13 | Paul D. Seymour | http://academic.research.microsoft.com/Author/333576/paul-d-seymour | organization:Princeton University
mas-a-15-11-14 | Andreas W. M. Dress | http://academic.research.microsoft.com/Author/2152653/andreas-w-m-dress | organization:Chinese Academy of Sciences
mas-a-15-11-15 | Charles Alfred Coulson (C. A. Coulson) | http://academic.research.microsoft.com/Author/18057810/charles-alfred-coulson | organization:University of Oxford
mas-a-15-11-16 | M. S. Bartlett | http://academic.research.microsoft.com/Author/56406360/m-s-bartlett | organization:University College London
mas-a-15-11-17 | Endre Szemerédi | http://academic.research.microsoft.com/Author/1367299/endre-szemer-di | organization:Rutgers, The State University of New Jersey
mas-a-15-11-18 | Michael Anthony Steel | http://academic.research.microsoft.com/Author/1670895/michael-anthony-steel | organization:University of Canterbury
mas-a-15-11-19 | Samuel James Taylor | http://academic.research.microsoft.com/Author/7640573/samuel-james-taylor | organization:University of Virginia
mas-a-15-11-20 | Jim Pitman | http://academic.research.microsoft.com/Author/385666/jim-pitman | organization:University of California Berkeley
mas-a-15-11-21 | Anatole B. Katok | http://academic.research.microsoft.com/Author/1047998/anatole-b-katok | organization:Pennsylvania State University
mas-a-15-11-22 | Miklos Ajtai (Miklós Ajtai) | http://academic.research.microsoft.com/Author/787016/miklos-ajtai | organization:IBM
mas-a-15-11-23 | John Frank Charles Kingman | http://academic.research.microsoft.com/Author/1023092/john-frank-charles-kingman | organization:Isaac Newton Institute for Mathematical Sciences
mas-a-15-11-24 | Rudolf Ahlswede | http://academic.research.microsoft.com/Author/1701837/rudolf-ahlswede | organization:University of Bielefeld
mas-a-15-11-25 | Mariusz Urbanski (Mariusz Urbański) | http://academic.research.microsoft.com/Author/354317/mariusz-urbanski | organization:University of North Texas
mas-a-15-11-26 | Sergio Albeverio | http://academic.research.microsoft.com/Author/2278596/sergio-albeverio | organization:University of Bonn
mas-a-15-11-27 | Max Born | http://academic.research.microsoft.com/Author/51171644/max-born | organization:University of Bonn
mas-a-15-11-28 | David J. Aldous | http://academic.research.microsoft.com/Author/476580/david-j-aldous | organization:University of California Berkeley
mas-a-15-11-29 | David Nualart | http://academic.research.microsoft.com/Author/1089402/david-nualart | organization:University of Kansas
mas-a-15-11-30 | Jeffrey C. Lagarias | http://academic.research.microsoft.com/Author/1524653/jeffrey-c-lagarias | organization:University of Michigan
mas-a-15-11-31 | M. S. Bartlett | http://academic.research.microsoft.com/Author/12762451/m-s-bartlett | organization:University of Hertfordshire
mas-a-15-11-32 | Zhen-Qing Chen | http://academic.research.microsoft.com/Author/978228/zhen-qing-chen | organization:University of Washington
mas-a-15-11-33 | JAN SAXL | http://academic.research.microsoft.com/Author/444315/jan-saxl | organization:University of Cambridge
mas-a-15-11-34 | F. Ursell | http://academic.research.microsoft.com/Author/12820652/f-ursell | organization:University of Cambridge
mas-a-15-11-35 | Charles M. Newman | http://academic.research.microsoft.com/Author/1069870/charles-m-newman | organization:New York University
mas-a-15-11-36 | Ravi P. Agarwal | http://academic.research.microsoft.com/Author/53427883/ravi-p-agarwal | organization:Florida Institute of Technology
mas-a-15-11-37 | Hari M. Srivastava | http://academic.research.microsoft.com/Author/2555644/hari-m-srivastava | organization:University of Victoria
mas-a-15-11-38 | Vojtech Rodl (Vojtech Rödl) | http://academic.research.microsoft.com/Author/490732/vojtech-rodl | organization:Emory University
mas-a-15-11-39 | Michel Talagrand | http://academic.research.microsoft.com/Author/12529281/michel-talagrand | organization:Emory University
mas-a-15-11-40 | Imre Z. Ruzsa | http://academic.research.microsoft.com/Author/68683/imre-z-ruzsa | organization:Alfred Renyi Institute of Mathematics HAS
mas-a-15-11-41 | John Edensor Littlewood | http://academic.research.microsoft.com/Author/12599963/john-edensor-littlewood | organization:University of Cambridge
mas-a-15-11-42 | Harold Jeffreys | http://academic.research.microsoft.com/Author/18624318/harold-jeffreys | organization:University of Cambridge
mas-a-15-11-43 | Bernd Fritzsche | http://academic.research.microsoft.com/Author/12990833/bernd-fritzsche | organization:University of Leipzig
mas-a-15-11-44 | Bernd Kirstein | http://academic.research.microsoft.com/Author/12990834/bernd-kirstein | organization:University of Leipzig
mas-a-15-11-45 | Alan M. Frieze | http://academic.research.microsoft.com/Author/834493/alan-m-frieze | organization:Carnegie Mellon University
mas-a-15-11-46 | Martin W. Liebeck | http://academic.research.microsoft.com/Author/265280/martin-w-liebeck | organization:Imperial College London
mas-a-15-11-47 | Zoltan Furedi (Zoltán Füredi) | http://academic.research.microsoft.com/Author/551195/zoltan-furedi | organization:University of Illinois Urbana Champaign
mas-a-15-11-48 | Bruce A. Reed | http://academic.research.microsoft.com/Author/185630/bruce-a-reed | organization:McGill University
mas-a-15-11-49 | William Keith Nicholson | http://academic.research.microsoft.com/Author/13055562/william-keith-nicholson | organization:University of Calgary
mas-a-15-11-50 | J. M. Hammersley | http://academic.research.microsoft.com/Author/1884769/j-m-hammersley | organization:University of Oxford
mas-a-15-11-51 | Edwin A. Perkins | http://academic.research.microsoft.com/Author/812320/edwin-a-perkins | organization:University of British Columbia
mas-a-15-11-52 | Harry Kesten | http://academic.research.microsoft.com/Author/296684/harry-kesten | organization:Cornell University
mas-a-15-11-53 | Murad Taqqu | http://academic.research.microsoft.com/Author/1186679/murad-taqqu | organization:Boston University
mas-a-15-11-54 | John Wishart | http://academic.research.microsoft.com/Author/12752002/john-wishart | organization:University of Cambridge
mas-a-15-11-55 | Avi Wigderson | http://academic.research.microsoft.com/Author/594318/avi-wigderson | organization:Institute for Advanced Study
mas-a-15-11-56 | Freddy Van Oystaeyen | http://academic.research.microsoft.com/Author/154548/freddy-van-oystaeyen | organization:University of Antwerp
mas-a-15-11-57 | Wolfgang E. Schmidt | http://academic.research.microsoft.com/Author/5282478/wolfgang-e-schmidt | organization:Academia Sinica
mas-a-15-11-58 | Edmund Hlawka | http://academic.research.microsoft.com/Author/18663600/edmund-hlawka | organization:Academia Sinica
mas-a-15-11-59 | Huanyin Chen | http://academic.research.microsoft.com/Author/12831093/huanyin-chen | organization:Hangzhou Normal University
mas-a-15-11-60 | Walter Philipp | http://academic.research.microsoft.com/Author/12601220/walter-philipp | organization:University of Illinois Urbana Champaign
mas-a-15-11-61 | Andras Sarkozy (András Sárközy) | http://academic.research.microsoft.com/Author/3312714/andras-sarkozy | organization:Eotvos Lorand University (University of Budapest)
mas-a-15-11-62 | Wolfgang M. Schmidt | http://academic.research.microsoft.com/Author/12756935/wolfgang-m-schmidt | organization:Frankfurt School of Finance &amp; Management
mas-a-15-11-63 | D. R. Heath-Brown | http://academic.research.microsoft.com/Author/518883/d-r-heath-brown | organization:University of Oxford
mas-a-15-11-64 | Yiqiang Zhou | http://academic.research.microsoft.com/Author/3914447/yiqiang-zhou | organization:Memorial University of Newfoundland
mas-a-15-11-65 | Jianlong Chen | http://academic.research.microsoft.com/Author/53681569/jianlong-chen | organization:Southeast University China
mas-a-15-11-66 | Horace W. Davenport | http://academic.research.microsoft.com/Author/12782265/horace-w-davenport | organization:University of Michigan
mas-a-15-11-67 | Carsten Thomassen | http://academic.research.microsoft.com/Author/1259912/carsten-thomassen | organization:Technical University of Denmark
mas-a-15-11-68 | Heinz Langer | http://academic.research.microsoft.com/Author/2591899/heinz-langer | organization:Vienna University of Technology
mas-a-15-11-69 | Mikhail A. Chebotar | http://academic.research.microsoft.com/Author/3973702/mikhail-a-chebotar | organization:Kent State University
mas-a-15-11-70 | Robert C. Vaughan | http://academic.research.microsoft.com/Author/10220311/robert-c-vaughan | organization:Pennsylvania State University
mas-a-15-11-71 | P. A. M. Dirac | http://academic.research.microsoft.com/Author/23386745/p-a-m-dirac | organization:Pennsylvania State University
mas-a-15-11-72 | Ken Ono | http://academic.research.microsoft.com/Author/1052972/ken-ono | organization:University of Wisconsin Madison
mas-a-15-11-73 | Fachbereich Mathematik | http://academic.research.microsoft.com/Author/12519846/fachbereich-mathematik | organization:Darmstadt University of Technology
mas-a-15-11-74 | Nan-jing Huang | http://academic.research.microsoft.com/Author/1086508/nan-jing-huang | organization:Sichuan University
mas-a-15-11-75 | Richard F. Bass | http://academic.research.microsoft.com/Author/1277198/richard-f-bass | organization:US Naval Research Laboratory
mas-a-15-11-76 | Martin N. Huxley | http://academic.research.microsoft.com/Author/12782282/martin-n-huxley | organization:Cardiff University
mas-a-15-11-77 | Moshe Zakai | http://academic.research.microsoft.com/Author/12767197/moshe-zakai | organization:Technion Israel Institute of Technology
mas-a-15-11-78 | James J. Zhang | http://academic.research.microsoft.com/Author/47511316/james-j-zhang | organization:Shanghai University
mas-a-15-11-79 | Colin J. H. McDiarmid | http://academic.research.microsoft.com/Author/745528/colin-j-h-mcdiarmid | organization:University of Oxford
mas-a-15-11-80 | J. Theodore Cox | http://academic.research.microsoft.com/Author/375747/j-theodore-cox | organization:Syracuse University
mas-a-15-11-81 | Michael E. Saks | http://academic.research.microsoft.com/Author/1660334/michael-e-saks | organization:Rutgers, The State University of New Jersey
mas-a-15-11-82 | Hans Triebel | http://academic.research.microsoft.com/Author/426175/hans-triebel | organization:University of Jena
mas-a-15-11-83 | Jean Jacod | http://academic.research.microsoft.com/Author/52908395/jean-jacod | organization:University of Rennes 1
mas-a-15-11-84 | Fan R. K. Chung (金芳蓉) | http://academic.research.microsoft.com/Author/953527/fan-r-k-chung | organization:University of California San Diego
mas-a-15-11-85 | Michael Atiyah | http://academic.research.microsoft.com/Author/2652594/michael-atiyah | organization:University of Edinburgh
mas-a-15-11-86 | John Hawkes | http://academic.research.microsoft.com/Author/12830940/john-hawkes | organization:Swansea University
mas-a-15-11-87 | Nicholas H. Bingham | http://academic.research.microsoft.com/Author/3146985/nicholas-h-bingham | organization:University College London
mas-a-15-11-88 | P. Hall | http://academic.research.microsoft.com/Author/52032259/p-hall | organization:University College London
mas-a-15-11-89 | Bernd Sturmfels | http://academic.research.microsoft.com/Author/498231/bernd-sturmfels | organization:University of California Berkeley
mas-a-15-11-90 | Ronald Graham | http://academic.research.microsoft.com/Author/1167585/ronald-graham | organization:University of California San Diego
mas-a-15-11-91 | Donald A. Dawson | http://academic.research.microsoft.com/Author/263149/donald-a-dawson | organization:Carleton University
mas-a-15-11-92 | George Keith Batchelor | http://academic.research.microsoft.com/Author/12800230/george-keith-batchelor | organization:University of Cambridge
mas-a-15-11-93 | Donatas Surgailis | http://academic.research.microsoft.com/Author/52801810/donatas-surgailis | organization:Institute of Mathematics
mas-a-15-11-94 | Richard Durrett | http://academic.research.microsoft.com/Author/53360606/richard-durrett | organization:University of California Los Angeles
mas-a-15-11-95 | Bernard Host | http://academic.research.microsoft.com/Author/1152371/bernard-host | organization:University of Marne la Vallée
mas-a-15-11-96 | Giuseppe Toscani | http://academic.research.microsoft.com/Author/1540192/giuseppe-toscani | organization:Università degli Studi di Pavia
mas-a-15-11-97 | William E. Pruitt | http://academic.research.microsoft.com/Author/2780735/william-e-pruitt | organization:Università degli Studi di Pavia
mas-a-15-11-98 | Etienne Pardoux | http://academic.research.microsoft.com/Author/12524120/etienne-pardoux | organization:Université de Provence
mas-a-15-11-99 | Donal O'regan | http://academic.research.microsoft.com/Author/906413/donal-o-regan | organization:National University of Ireland Galway
mas-a-15-11-100 | Igor E. Shparlinski | http://academic.research.microsoft.com/Author/79827/igor-e-shparlinski | organization:Macquarie University
