mas-a-4-11-1 | Kazuo Shinozaki (篠崎一雄) | http://academic.research.microsoft.com/Author/1307584/kazuo-shinozaki | organization:Institute of Physical and Chemical Research
mas-a-4-11-2 | Steven D. Tanksley | http://academic.research.microsoft.com/Author/559856/steven-d-tanksley | organization:Cornell University
mas-a-4-11-3 | Dirk Inze | http://academic.research.microsoft.com/Author/4058526/dirk-inze | organization:Ghent University
mas-a-4-11-4 | Mark Stitt | http://academic.research.microsoft.com/Author/17907265/mark-stitt | organization:Max Planck Gesellschaft
mas-a-4-11-5 | Marc C. E. van Montagu | http://academic.research.microsoft.com/Author/23365607/marc-c-e-van-montagu | organization:Ghent University
mas-a-4-11-6 | Maarten Koornneef | http://academic.research.microsoft.com/Author/23441831/maarten-koornneef | organization:Max Planck Gesellschaft
mas-a-4-11-7 | Christine Helen Foyer | http://academic.research.microsoft.com/Author/2874863/christine-helen-foyer | organization:Biotechnology and Biological Sciences Research Council
mas-a-4-11-8 | Horst Marschner | http://academic.research.microsoft.com/Author/23453300/horst-marschner | organization:University of Leeds
mas-a-4-11-9 | Daniel F. Klessig | http://academic.research.microsoft.com/Author/3873533/daniel-f-klessig | organization:Cornell University
mas-a-4-11-10 | Douglas E. Soltis | http://academic.research.microsoft.com/Author/2793018/douglas-e-soltis | organization:University of Florida
mas-a-4-11-11 | Nam-Hai Chua | http://academic.research.microsoft.com/Author/945840/nam-hai-chua | organization:Rockefeller University
mas-a-4-11-12 | Graham Farquhar | http://academic.research.microsoft.com/Author/1253120/graham-farquhar | organization:Australian National University
mas-a-4-11-13 | Kazuko Yamaguchi-Shinozaki (篠崎和子) | http://academic.research.microsoft.com/Author/4418779/kazuko-yamaguchi-shinozaki | organization:University of Tokyo
mas-a-4-11-14 | Richard A. F. Dixon | http://academic.research.microsoft.com/Author/18226740/richard-a-f-dixon | organization:Samuel Roberts Noble Foundation
mas-a-4-11-15 | Jian-Kang Zhu | http://academic.research.microsoft.com/Author/3640934/jian-kang-zhu | organization:Purdue University
mas-a-4-11-16 | Russel J. Reiter | http://academic.research.microsoft.com/Author/23398318/russel-j-reiter | organization:University of Texas Health Science Center at San Antonio
mas-a-4-11-17 | Thomas Boller | http://academic.research.microsoft.com/Author/2624648/thomas-boller | organization:Universität Basel
mas-a-4-11-18 | Pamela S. Soltis | http://academic.research.microsoft.com/Author/2793017/pamela-s-soltis | organization:University of Florida
mas-a-4-11-19 | Jonathan D. G. Jones | http://academic.research.microsoft.com/Author/684669/jonathan-d-g-jones | organization:Biotechnology and Biological Sciences Research Council
mas-a-4-11-20 | Peter K. Hepler | http://academic.research.microsoft.com/Author/2773876/peter-k-hepler | organization:University of Massachusetts
mas-a-4-11-21 | John S. Sperry | http://academic.research.microsoft.com/Author/24155282/john-s-sperry | organization:University of Utah
mas-a-4-11-22 | Maarten J. Chrispeels | http://academic.research.microsoft.com/Author/23523129/maarten-j-chrispeels | organization:University of California San Diego
mas-a-4-11-23 | Erik Jeppesen | http://academic.research.microsoft.com/Author/23660755/erik-jeppesen | organization:National Environmental Research Institute, Denmark
mas-a-4-11-24 | Hans J. Bohnert | http://academic.research.microsoft.com/Author/17989577/hans-j-bohnert | organization:Gyeongsang National University
mas-a-4-11-25 | John A. Raven | http://academic.research.microsoft.com/Author/23558868/john-a-raven | organization:University of Dundee
mas-a-4-11-26 | Mark W. Chase | http://academic.research.microsoft.com/Author/2793016/mark-w-chase | organization:Royal Botanic Gardens Kew
mas-a-4-11-27 | Ian Thomas Baldwin | http://academic.research.microsoft.com/Author/4042757/ian-thomas-baldwin | organization:Max Planck Gesellschaft
mas-a-4-11-28 | Makoto P Matsuoka | http://academic.research.microsoft.com/Author/3868905/makoto-p-matsuoka | organization:Nagoya University
mas-a-4-11-29 | Thomas P. Quinn | http://academic.research.microsoft.com/Author/23553367/thomas-p-quinn | organization:University of Washington
mas-a-4-11-30 | Lothar Willmitzer | http://academic.research.microsoft.com/Author/557407/lothar-willmitzer | organization:Max Planck Gesellschaft
mas-a-4-11-31 | Francesco Salamini | http://academic.research.microsoft.com/Author/18335373/francesco-salamini | organization:Max Planck Gesellschaft
mas-a-4-11-32 | Joseph B. Rasmussen | http://academic.research.microsoft.com/Author/23489843/joseph-b-rasmussen | organization:University of Lethbridge
mas-a-4-11-33 | Leon V. Kochian | http://academic.research.microsoft.com/Author/23464269/leon-v-kochian | organization:Cornell University
mas-a-4-11-34 | Corné M. J. Pieterse | http://academic.research.microsoft.com/Author/4340687/corn-m-j-pieterse | organization:Utrecht University
mas-a-4-11-35 | David J. Read | http://academic.research.microsoft.com/Author/23395579/david-j-read | organization:University of Sheffield
mas-a-4-11-36 | Robert M. Seyfarth | http://academic.research.microsoft.com/Author/23421991/robert-m-seyfarth | organization:University of Pennsylvania
mas-a-4-11-37 | Heinz Rennenberg | http://academic.research.microsoft.com/Author/18173914/heinz-rennenberg | organization:University of Fribourg
mas-a-4-11-38 | Ray A. Bressan | http://academic.research.microsoft.com/Author/23576112/ray-a-bressan | organization:Gyeongsang National University
mas-a-4-11-39 | Michel Caboche | http://academic.research.microsoft.com/Author/17985744/michel-caboche | organization:Institut National de la Recherche Agronomique INRA
mas-a-4-11-40 | Paul M. Hasegawa | http://academic.research.microsoft.com/Author/10802319/paul-m-hasegawa | organization:Purdue University
mas-a-4-11-41 | Motoaki Seki (関原明) | http://academic.research.microsoft.com/Author/3150888/motoaki-seki | organization:Institute of Physical and Chemical Research
mas-a-4-11-42 | John A. Gatehouse | http://academic.research.microsoft.com/Author/23672490/john-a-gatehouse | organization:Durham University
mas-a-4-11-43 | Yuji Kamiya (神谷勇治) | http://academic.research.microsoft.com/Author/3950284/yuji-kamiya | organization:Institute of Physical and Chemical Research
mas-a-4-11-44 | Leendert C. van Loon | http://academic.research.microsoft.com/Author/4242095/leendert-c-van-loon | organization:Utrecht University
mas-a-4-11-45 | Stephen P. Long | http://academic.research.microsoft.com/Author/23730104/stephen-p-long | organization:Changsha University of Science and Technology
mas-a-4-11-46 | Dorothy L. Cheney | http://academic.research.microsoft.com/Author/23421992/dorothy-l-cheney | organization:University of Pennsylvania
mas-a-4-11-47 | E. Tapio Palva | http://academic.research.microsoft.com/Author/23509579/e-tapio-palva | organization:University of Helsinki
mas-a-4-11-48 | Alisdair R. Fernie | http://academic.research.microsoft.com/Author/10835102/alisdair-r-fernie | organization:Ben Gurion University of the Negev
mas-a-4-11-49 | Jonathan Gershenzon | http://academic.research.microsoft.com/Author/2743145/jonathan-gershenzon | organization:Max Planck Gesellschaft
mas-a-4-11-50 | M. Yano | http://academic.research.microsoft.com/Author/95087/m-yano | organization:University of Tokushima
mas-a-4-11-51 | Eran Pichersky | http://academic.research.microsoft.com/Author/2655656/eran-pichersky | organization:University of Michigan
mas-a-4-11-52 | Tim H. Clutton-Brock | http://academic.research.microsoft.com/Author/2725463/tim-h-clutton-brock | organization:University of Cambridge
mas-a-4-11-53 | John E. Mullet | http://academic.research.microsoft.com/Author/18211942/john-e-mullet | organization:Texas A&M University
mas-a-4-11-54 | Richard M. Amasino | http://academic.research.microsoft.com/Author/4144208/richard-m-amasino | organization:University of Wisconsin Madison
mas-a-4-11-55 | Bikram S. Gill | http://academic.research.microsoft.com/Author/23398597/bikram-s-gill | organization:Kansas State University
mas-a-4-11-56 | Volker Romheld (Volker Römheld) | http://academic.research.microsoft.com/Author/18268451/volker-romheld | organization:University of Hohenheim
mas-a-4-11-57 | Neil R. Baker | http://academic.research.microsoft.com/Author/18520066/neil-r-baker | organization:University of Essex
mas-a-4-11-58 | Winslow R. Briggs | http://academic.research.microsoft.com/Author/20652535/winslow-r-briggs | organization:Stanford University
mas-a-4-11-59 | Vivienne Gianinazzi-Pearson | http://academic.research.microsoft.com/Author/23424622/vivienne-gianinazzi-pearson | organization:Institut National de la Recherche Agronomique INRA
mas-a-4-11-60 | Werner M. Kaiser | http://academic.research.microsoft.com/Author/27742643/werner-m-kaiser | organization:University of Würzburg
mas-a-4-11-61 | Uwe Sonnewald | http://academic.research.microsoft.com/Author/23405654/uwe-sonnewald | organization:University of Erlangen Nuremberg
mas-a-4-11-62 | John C. Wingfield | http://academic.research.microsoft.com/Author/861695/john-c-wingfield | organization:University of California Davis
mas-a-4-11-63 | Elizabeth S. Dennis | http://academic.research.microsoft.com/Author/18227018/elizabeth-s-dennis | organization:Commonwealth Scientific and Industrial Research Organization
mas-a-4-11-64 | Beat Keller | http://academic.research.microsoft.com/Author/23406020/beat-keller | organization:Universität Zürich
mas-a-4-11-65 | Anthony D. M. Glass | http://academic.research.microsoft.com/Author/52252428/anthony-d-m-glass | organization:University of British Columbia
mas-a-4-11-66 | Susan R. McCouch | http://academic.research.microsoft.com/Author/761402/susan-r-mccouch | organization:Cornell University
mas-a-4-11-67 | Daniel J. Cosgrove | http://academic.research.microsoft.com/Author/23599999/daniel-j-cosgrove | organization:Pennsylvania State University
mas-a-4-11-68 | JOHN R. KREBS | http://academic.research.microsoft.com/Author/2720465/john-r-krebs | organization:University of Oxford
mas-a-4-11-69 | Simon Jennings | http://academic.research.microsoft.com/Author/43021335/simon-jennings | organization:Centre for the Environment Fisheries and Aquaculture Science
mas-a-4-11-70 | Takuji Sasaki | http://academic.research.microsoft.com/Author/56701338/takuji-sasaki | organization:Agriculture Forestry and Fisheries Research Council
mas-a-4-11-71 | Thomas D. Sharkey | http://academic.research.microsoft.com/Author/23905900/thomas-d-sharkey | organization:Michigan State University
mas-a-4-11-72 | Ernst Steudle | http://academic.research.microsoft.com/Author/23688198/ernst-steudle | organization:University of Bayreuth
mas-a-4-11-73 | David C. Baulcombe | http://academic.research.microsoft.com/Author/1493970/david-c-baulcombe | organization:University of Cambridge
mas-a-4-11-74 | Marcel Dicke | http://academic.research.microsoft.com/Author/23834247/marcel-dicke | organization:Wageningen University & Research Centre
mas-a-4-11-75 | Donald Anderson | http://academic.research.microsoft.com/Author/13132657/donald-anderson | organization:Woods Hole Oceanographic Institution
mas-a-4-11-76 | Gynheung An (안진흥) | http://academic.research.microsoft.com/Author/3695694/gynheung-an | organization:Pohang University of Science & Technology
mas-a-4-11-77 | Yves Bergeron | http://academic.research.microsoft.com/Author/23718063/yves-bergeron | organization:Université du Quebec Abitibi-Temiscamingue
mas-a-4-11-78 | Shigeo Yoshida | http://academic.research.microsoft.com/Author/47286425/shigeo-yoshida | organization:RIKEN Brain Science Institute
mas-a-4-11-79 | Natasha V. Raikhel | http://academic.research.microsoft.com/Author/2756695/natasha-v-raikhel | organization:University of California Riverside
mas-a-4-11-80 | Steven C. Huber | http://academic.research.microsoft.com/Author/23816623/steven-c-huber | organization:North Carolina State University
mas-a-4-11-81 | Bror Jonsson | http://academic.research.microsoft.com/Author/21412986/bror-jonsson | organization:Boston University
mas-a-4-11-82 | Lise Jouanin | http://academic.research.microsoft.com/Author/23192256/lise-jouanin | organization:Institut National de la Recherche Agronomique INRA
mas-a-4-11-83 | Paul J. Harrison | http://academic.research.microsoft.com/Author/55780205/paul-j-harrison | organization:University of British Columbia
mas-a-4-11-84 | Horst Lorz (Horst Lörz) | http://academic.research.microsoft.com/Author/23723552/horst-lorz | organization:University of Hamburg
mas-a-4-11-85 | Dorothea Bartels | http://academic.research.microsoft.com/Author/4103509/dorothea-bartels | organization:University of Bonn
mas-a-4-11-86 | Ton Bisseling | http://academic.research.microsoft.com/Author/18118679/ton-bisseling | organization:Wageningen University & Research Centre
mas-a-4-11-87 | Paul Christou | http://academic.research.microsoft.com/Author/23440869/paul-christou | organization:Universitat de Lleida
mas-a-4-11-88 | David M. Karl | http://academic.research.microsoft.com/Author/21305362/david-m-karl | organization:University of Hawaii System
mas-a-4-11-89 | Alan B. Bennett | http://academic.research.microsoft.com/Author/4174378/alan-b-bennett | organization:University of California Davis
mas-a-4-11-90 | Mark Stitt | http://academic.research.microsoft.com/Author/53056157/mark-stitt | organization:University of York
mas-a-4-11-91 | Chris J. Lamb | http://academic.research.microsoft.com/Author/2730939/chris-j-lamb | organization:Biotechnology and Biological Sciences Research Council
mas-a-4-11-92 | Peter Albersheim | http://academic.research.microsoft.com/Author/23368392/peter-albersheim | organization:University of Georgia
mas-a-4-11-93 | Peter H. Quail | http://academic.research.microsoft.com/Author/23549098/peter-h-quail | organization:University of California Berkeley
mas-a-4-11-94 | Steve P. McGrath | http://academic.research.microsoft.com/Author/36983244/steve-p-mcgrath | organization:Biotechnology and Biological Sciences Research Council
mas-a-4-11-95 | Julian I. Schroeder | http://academic.research.microsoft.com/Author/18584177/julian-i-schroeder | organization:University of California San Diego
mas-a-4-11-96 | Michael L. Pace | http://academic.research.microsoft.com/Author/10544209/michael-l-pace | organization:University of Virginia
mas-a-4-11-97 | Christopher M. Wood | http://academic.research.microsoft.com/Author/765798/christopher-m-wood | organization:McMaster University
mas-a-4-11-98 | Gerald E. Edwards | http://academic.research.microsoft.com/Author/23736233/gerald-e-edwards | organization:Washington State University
mas-a-4-11-99 | Carlos M. Duarte | http://academic.research.microsoft.com/Author/18021491/carlos-m-duarte | organization:University of Western Australia
mas-a-4-11-100 | Stephen C. Fry | http://academic.research.microsoft.com/Author/18175137/stephen-c-fry | organization:University of Edinburgh
