mas-a-7-18-1 | C. F. Sirmans | http://academic.research.microsoft.com/Author/561228/c-f-sirmans | organization:Florida State University
mas-a-7-18-2 | William C. Wheaton | http://academic.research.microsoft.com/Author/2578921/william-c-wheaton | organization:Massachusetts Institute of Technology
mas-a-7-18-3 | John M. Quigley | http://academic.research.microsoft.com/Author/189515/john-m-quigley | organization:University of California Berkeley
mas-a-7-18-4 | John M. Clapp | http://academic.research.microsoft.com/Author/13017656/john-m-clapp | organization:University of Connecticut
mas-a-7-18-5 | Dennis R. Capozza | http://academic.research.microsoft.com/Author/954792/dennis-r-capozza | organization:University of Michigan
mas-a-7-18-6 | Patric H. Hendershott | http://academic.research.microsoft.com/Author/2469061/patric-h-hendershott | organization:University of Aberdeen
mas-a-7-18-7 | Donald R. Haurin | http://academic.research.microsoft.com/Author/2636234/donald-r-haurin | organization:Ohio State University
mas-a-7-18-8 | David Michael Geltner | http://academic.research.microsoft.com/Author/2715795/david-michael-geltner | organization:Massachusetts Institute of Technology
mas-a-7-18-9 | Peter D. Linneman | http://academic.research.microsoft.com/Author/3002471/peter-d-linneman | organization:University of Pennsylvania
mas-a-7-18-10 | David Ngo Chek Ling | http://academic.research.microsoft.com/Author/10757602/david-ngo-chek-ling | organization:University of Florida
mas-a-7-18-11 | Daniel P. McMillen | http://academic.research.microsoft.com/Author/2657702/daniel-p-mcmillen | organization:University of Illinois Urbana Champaign
mas-a-7-18-12 | Allen C. Goodman | http://academic.research.microsoft.com/Author/3167759/allen-c-goodman | organization:Wayne State University
mas-a-7-18-13 | J. Vernon Henderson | http://academic.research.microsoft.com/Author/72640/j-vernon-henderson | organization:Brown University
mas-a-7-18-14 | Thomas G. Thibodeau | http://academic.research.microsoft.com/Author/10802259/thomas-g-thibodeau | organization:University of Colorado Boulder
mas-a-7-18-15 | Jan K. Brueckner | http://academic.research.microsoft.com/Author/963748/jan-k-brueckner | organization:University of California Irvine
mas-a-7-18-16 | Brent W. Ambrose | http://academic.research.microsoft.com/Author/1785822/brent-w-ambrose | organization:Pennsylvania State University
mas-a-7-18-17 | Geoffrey K. Turnbull | http://academic.research.microsoft.com/Author/3905487/geoffrey-k-turnbull | organization:University of Central Florida
mas-a-7-18-18 | Peter F. Colwell | http://academic.research.microsoft.com/Author/23357309/peter-f-colwell | organization:University of Illinois Urbana Champaign
mas-a-7-18-19 | Susan M. Wachter | http://academic.research.microsoft.com/Author/2929206/susan-m-wachter | organization:University of Pennsylvania
mas-a-7-18-20 | William C. Strange | http://academic.research.microsoft.com/Author/2223442/william-c-strange | organization:University of Toronto
mas-a-7-18-21 | Keith R. Ihlanfeldt | http://academic.research.microsoft.com/Author/11649687/keith-r-ihlanfeldt | organization:Florida State University
mas-a-7-18-22 | Joseph E. Gyourko | http://academic.research.microsoft.com/Author/1006147/joseph-e-gyourko | organization:University of Pennsylvania
mas-a-7-18-23 | Edward Glaeser | http://academic.research.microsoft.com/Author/498362/edward-glaeser | organization:Harvard University
mas-a-7-18-24 | David J. Hartzell | http://academic.research.microsoft.com/Author/10748111/david-j-hartzell | organization:University of North Carolina Chapel Hill
mas-a-7-18-25 | James D. Shilling | http://academic.research.microsoft.com/Author/23389725/james-d-shilling | organization:Depaul University
mas-a-7-18-26 | Ross H. McLeod | http://academic.research.microsoft.com/Author/23503727/ross-h-mcleod | organization:Australian National University
mas-a-7-18-27 | Abdullah Yavas | http://academic.research.microsoft.com/Author/2376131/abdullah-yavas | organization:University of Wisconsin Madison
mas-a-7-18-28 | Thomas J. Miceli | http://academic.research.microsoft.com/Author/1583787/thomas-j-miceli | organization:University of Connecticut
mas-a-7-18-29 | Martin E. Hoesli | http://academic.research.microsoft.com/Author/927795/martin-e-hoesli | organization:Université de Geneve
mas-a-7-18-30 | N. Edward Coulson | http://academic.research.microsoft.com/Author/2855927/n-edward-coulson | organization:Pennsylvania State University
mas-a-7-18-31 | Stuart Rosenthal | http://academic.research.microsoft.com/Author/2723048/stuart-rosenthal | organization:Syracuse University
mas-a-7-18-32 | Timothy J. Riddiough | http://academic.research.microsoft.com/Author/2762330/timothy-j-riddiough | organization:University of Wisconsin Madison
mas-a-7-18-33 | John L. Glascock | http://academic.research.microsoft.com/Author/52574993/john-l-glascock | organization:University of Connecticut
mas-a-7-18-34 | Kerry D. Vandell | http://academic.research.microsoft.com/Author/3184963/kerry-d-vandell | organization:University of California Irvine
mas-a-7-18-35 | Hal Hill | http://academic.research.microsoft.com/Author/53989802/hal-hill | organization:Australian National University
mas-a-7-18-36 | Scott Rozelle | http://academic.research.microsoft.com/Author/2188241/scott-rozelle | organization:Stanford University
mas-a-7-18-37 | Matthew E. Kahn | http://academic.research.microsoft.com/Author/1415714/matthew-e-kahn | organization:University of California Los Angeles
mas-a-7-18-38 | Piet Rietveld | http://academic.research.microsoft.com/Author/13139680/piet-rietveld | organization:VU University of Amsterdam
mas-a-7-18-39 | Ronald C. Rutherford | http://academic.research.microsoft.com/Author/23537120/ronald-c-rutherford | organization:University of Texas San Antonio
mas-a-7-18-40 | James B. Kau | http://academic.research.microsoft.com/Author/53287955/james-b-kau | organization:University of Georgia
mas-a-7-18-41 | Kevin K. W. Wang | http://academic.research.microsoft.com/Author/10238110/kevin-k-w-wang | organization:City University of New York
mas-a-7-18-42 | Edwin S. Mills | http://academic.research.microsoft.com/Author/23387108/edwin-s-mills | organization:Northwestern University
mas-a-7-18-43 | Henry J. Munneke | http://academic.research.microsoft.com/Author/2361977/henry-j-munneke | organization:University of Georgia
mas-a-7-18-44 | John P. Harding | http://academic.research.microsoft.com/Author/10915630/john-p-harding | organization:University of Connecticut
mas-a-7-18-45 | Jacques-françois Thisse | http://academic.research.microsoft.com/Author/843198/jacques-fran-ois-thisse | organization:Université Catholique de Louvain
mas-a-7-18-46 | Yannis M. Ioannides | http://academic.research.microsoft.com/Author/205991/yannis-m-ioannides | organization:Tufts University
mas-a-7-18-47 | Crocker H. Liu | http://academic.research.microsoft.com/Author/52553183/crocker-h-liu | organization:New York University
mas-a-7-18-48 | Peter T. Chinloy | http://academic.research.microsoft.com/Author/1746489/peter-t-chinloy | organization:American University Washington DC
mas-a-7-18-49 | Wing Thye Woo (胡永泰) | http://academic.research.microsoft.com/Author/12869175/wing-thye-woo | organization:University of California Davis
mas-a-7-18-50 | Chris Manning | http://academic.research.microsoft.com/Author/23457820/chris-manning | organization:Australian National University
mas-a-7-18-51 | G. Donald Jud | http://academic.research.microsoft.com/Author/23357218/g-donald-jud | organization:University of North Carolina Greensboro
mas-a-7-18-52 | John Yinger | http://academic.research.microsoft.com/Author/585200/john-yinger | organization:Syracuse University
mas-a-7-18-53 | Chinmoy Ghosh | http://academic.research.microsoft.com/Author/1466363/chinmoy-ghosh | organization:University of Connecticut
mas-a-7-18-54 | Richard K. Green | http://academic.research.microsoft.com/Author/2917632/richard-k-green | organization:Vanderbilt University
mas-a-7-18-55 | Stephen Malpezzi | http://academic.research.microsoft.com/Author/1115326/stephen-malpezzi | organization:University of Wisconsin Madison
mas-a-7-18-56 | George W. Gau | http://academic.research.microsoft.com/Author/23399563/george-w-gau | organization:University of Wisconsin Madison
mas-a-7-18-57 | Steven C. Bourassa | http://academic.research.microsoft.com/Author/2121564/steven-c-bourassa | organization:University of Louisville
mas-a-7-18-58 | Stephen L. Ross | http://academic.research.microsoft.com/Author/2842077/stephen-l-ross | organization:University of Connecticut
mas-a-7-18-59 | James R. Follain | http://academic.research.microsoft.com/Author/10786990/james-r-follain | organization:Syracuse University
mas-a-7-18-60 | John F. McDonald | http://academic.research.microsoft.com/Author/23384580/john-f-mcdonald | organization:Roosevelt University
mas-a-7-18-61 | Richard J. Arnott | http://academic.research.microsoft.com/Author/42267737/richard-j-arnott | organization:University of California Riverside
mas-a-7-18-62 | John R. Knight | http://academic.research.microsoft.com/Author/53686992/john-r-knight | organization:University of the Pacific
mas-a-7-18-63 | Bryan D. MacGregor | http://academic.research.microsoft.com/Author/2690723/bryan-d-macgregor | organization:University of Aberdeen
mas-a-7-18-64 | Yves Zenou | http://academic.research.microsoft.com/Author/2842078/yves-zenou | organization:Stockholm University
mas-a-7-18-65 | R. Kelley Pace | http://academic.research.microsoft.com/Author/17993876/r-kelley-pace | organization:Louisiana State University
mas-a-7-18-66 | Richard P. Voith | http://academic.research.microsoft.com/Author/42259738/richard-p-voith | organization:University of Pennsylvania
mas-a-7-18-67 | Raphael W. Bostic | http://academic.research.microsoft.com/Author/10843611/raphael-w-bostic | organization:University of Southern California
mas-a-7-18-68 | Jonathan Dombrow | http://academic.research.microsoft.com/Author/23438681/jonathan-dombrow | organization:Depaul University
mas-a-7-18-69 | Peter Englund | http://academic.research.microsoft.com/Author/2911436/peter-englund | organization:Stockholm School of Economics
mas-a-7-18-70 | Paul Westhead | http://academic.research.microsoft.com/Author/23405991/paul-westhead | organization:Durham University
mas-a-7-18-71 | Denise DiPasquale | http://academic.research.microsoft.com/Author/10783420/denise-dipasquale | organization:Harvard University
mas-a-7-18-72 | Katherine Kiel | http://academic.research.microsoft.com/Author/12503628/katherine-kiel | organization:Harvard University
mas-a-7-18-73 | Peter Nijkamp | http://academic.research.microsoft.com/Author/802319/peter-nijkamp | organization:VU University of Amsterdam
mas-a-7-18-74 | Prema-chandra Athukorala | http://academic.research.microsoft.com/Author/2864410/prema-chandra-athukorala | organization:Australian National University
mas-a-7-18-75 | Jikun Huang | http://academic.research.microsoft.com/Author/1740451/jikun-huang | organization:Chinese Academy of Sciences
mas-a-7-18-76 | Anne Booth | http://academic.research.microsoft.com/Author/53866815/anne-booth | organization:School of Oriental and African Studies University of London
mas-a-7-18-77 | Robert D. Tollison | http://academic.research.microsoft.com/Author/10686268/robert-d-tollison | organization:Clemson University
mas-a-7-18-78 | James R. Webb | http://academic.research.microsoft.com/Author/23451945/james-r-webb | organization:Cleveland State University
mas-a-7-18-79 | Robert A. Van Order | http://academic.research.microsoft.com/Author/2059532/robert-a-van-order | organization:George Washington University
mas-a-7-18-80 | Thomas M. Springer | http://academic.research.microsoft.com/Author/52722843/thomas-m-springer | organization:Clemson University
mas-a-7-18-81 | Michael LaCour-Little | http://academic.research.microsoft.com/Author/798600/michael-lacour-little | organization:California State University Fullerton
mas-a-7-18-82 | Donald C. Keenan | http://academic.research.microsoft.com/Author/2605430/donald-c-keenan | organization:University of Georgia
mas-a-7-18-83 | Simon Stevenson | http://academic.research.microsoft.com/Author/4005698/simon-stevenson | organization:University of Reading
mas-a-7-18-84 | George Fane | http://academic.research.microsoft.com/Author/23388448/george-fane | organization:Australian National University
mas-a-7-18-85 | Stuart A. Gabriel | http://academic.research.microsoft.com/Author/2616056/stuart-a-gabriel | organization:University of California Los Angeles
mas-a-7-18-86 | Frank E. Nothaft | http://academic.research.microsoft.com/Author/2795544/frank-e-nothaft | organization:The MITRE Corporation
mas-a-7-18-87 | Richard J. Arnott | http://academic.research.microsoft.com/Author/10238751/richard-j-arnott | organization:University of California Riverside
mas-a-7-18-88 | Eric D. Ramstetter | http://academic.research.microsoft.com/Author/23414126/eric-d-ramstetter | organization:Kyushu University
mas-a-7-18-89 | Robert W. Helsley | http://academic.research.microsoft.com/Author/159177/robert-w-helsley | organization:University of California Berkeley
mas-a-7-18-90 | Andy Naranjo | http://academic.research.microsoft.com/Author/208429/andy-naranjo | organization:University of Florida
mas-a-7-18-91 | Anthony B. Sanders | http://academic.research.microsoft.com/Author/374825/anthony-b-sanders | organization:National Aeronautics and Space Administration, United States
mas-a-7-18-92 | Andrey D. Pavlov | http://academic.research.microsoft.com/Author/2955958/andrey-d-pavlov | organization:Queen's University Kingston
mas-a-7-18-93 | Isaac F. Megbolugbe | http://academic.research.microsoft.com/Author/3806324/isaac-f-megbolugbe | organization:Florida State University
mas-a-7-18-94 | Richard Harrison | http://academic.research.microsoft.com/Author/106568/richard-harrison | organization:Kobe University
mas-a-7-18-95 | Kym Anderson | http://academic.research.microsoft.com/Author/320568/kym-anderson | organization:University of Adelaide
mas-a-7-18-96 | William N. Goetzmann | http://academic.research.microsoft.com/Author/997092/william-n-goetzmann | organization:Yale University
mas-a-7-18-97 | Xin He Meng | http://academic.research.microsoft.com/Author/1429901/xin-he-meng | organization:Australian National University
mas-a-7-18-98 | Nancy E. Wallace | http://academic.research.microsoft.com/Author/1804343/nancy-e-wallace | organization:University of California Berkeley
mas-a-7-18-99 | Carmelo Giaccotto | http://academic.research.microsoft.com/Author/2858886/carmelo-giaccotto | organization:University of Connecticut
mas-a-7-18-100 | Jeffrey E. Zabel | http://academic.research.microsoft.com/Author/44573505/jeffrey-e-zabel | organization:Tufts University
