mas-a-15-9-1 | Peter Hall | http://academic.research.microsoft.com/Author/128303/peter-hall | organization:University of Melbourne
mas-a-15-9-2 | G. E. P. Box | http://academic.research.microsoft.com/Author/238911/g-e-p-box | organization:University of Wisconsin Madison
mas-a-15-9-3 | Bradley Efron | http://academic.research.microsoft.com/Author/522437/bradley-efron | organization:Stanford University
mas-a-15-9-4 | Robert J. Tibshirani | http://academic.research.microsoft.com/Author/21290/robert-j-tibshirani | organization:Stanford University
mas-a-15-9-5 | Trevor J. Hastie | http://academic.research.microsoft.com/Author/1742265/trevor-j-hastie | organization:Stanford University
mas-a-15-9-6 | Jianqing Fan (范剑青) | http://academic.research.microsoft.com/Author/981087/jianqing-fan | organization:Princeton University
mas-a-15-9-7 | Peter J. Bickel | http://academic.research.microsoft.com/Author/12530685/peter-j-bickel | organization:University of California Berkeley
mas-a-15-9-8 | James Stephen Marron | http://academic.research.microsoft.com/Author/874736/james-stephen-marron | organization:University of North Carolina Chapel Hill
mas-a-15-9-9 | Donald Rubin | http://academic.research.microsoft.com/Author/5577/donald-rubin | organization:Harvard University
mas-a-15-9-10 | Erich Leo Lehmann | http://academic.research.microsoft.com/Author/17955845/erich-leo-lehmann | organization:University of California Berkeley
mas-a-15-9-11 | Raymond Carroll | http://academic.research.microsoft.com/Author/54992/raymond-carroll | organization:Texas A&M University
mas-a-15-9-12 | Theodore W. Anderson | http://academic.research.microsoft.com/Author/10566443/theodore-w-anderson | organization:Stanford University
mas-a-15-9-13 | Kanti V. Mardia | http://academic.research.microsoft.com/Author/784842/kanti-v-mardia | organization:University of Leeds
mas-a-15-9-14 | Dan-Yu Lin | http://academic.research.microsoft.com/Author/4329417/dan-yu-lin | organization:University of North Carolina Chapel Hill
mas-a-15-9-15 | Abraham Wald | http://academic.research.microsoft.com/Author/47688245/abraham-wald | organization:Columbia University
mas-a-15-9-16 | David Donoho | http://academic.research.microsoft.com/Author/848706/david-donoho | organization:Stanford University
mas-a-15-9-17 | James Berger | http://academic.research.microsoft.com/Author/2249572/james-berger | organization:Duke University
mas-a-15-9-18 | Gareth O. Roberts | http://academic.research.microsoft.com/Author/1398574/gareth-o-roberts | organization:University of Warwick
mas-a-15-9-19 | Zhiliang Ying | http://academic.research.microsoft.com/Author/1409154/zhiliang-ying | organization:Columbia University
mas-a-15-9-20 | Peter Gavin Hall | http://academic.research.microsoft.com/Author/18768824/peter-gavin-hall | organization:University of Melbourne
mas-a-15-9-21 | C. F. Jeff Wu | http://academic.research.microsoft.com/Author/12604663/c-f-jeff-wu | organization:Georgia Institute of Technology
mas-a-15-9-22 | Larry Alan Wasserman | http://academic.research.microsoft.com/Author/37902/larry-alan-wasserman | organization:Carnegie Mellon University
mas-a-15-9-23 | David O. Siegmund | http://academic.research.microsoft.com/Author/185194/david-o-siegmund | organization:Stanford University
mas-a-15-9-24 | Geert Molenberghs | http://academic.research.microsoft.com/Author/12791918/geert-molenberghs | organization:Hasselt University (University of Limburg)
mas-a-15-9-25 | Pranab Kumar Sen | http://academic.research.microsoft.com/Author/12597789/pranab-kumar-sen | organization:University of North Carolina Chapel Hill
mas-a-15-9-26 | Lawrence D. Brown | http://academic.research.microsoft.com/Author/12537366/lawrence-d-brown | organization:University of Pennsylvania
mas-a-15-9-27 | John W. Tukey | http://academic.research.microsoft.com/Author/39015/john-w-tukey | organization:Princeton University
mas-a-15-9-28 | Enno Mammen | http://academic.research.microsoft.com/Author/2129107/enno-mammen | organization:University of Mannheim
mas-a-15-9-29 | David Ruppert | http://academic.research.microsoft.com/Author/1682244/david-ruppert | organization:Moscow State Open Pedagogical University M.A. Sholokhov
mas-a-15-9-30 | Margaret Sullivan Pepe | http://academic.research.microsoft.com/Author/12796324/margaret-sullivan-pepe | organization:University of Washington
mas-a-15-9-31 | Norman L. Johnson | http://academic.research.microsoft.com/Author/17917942/norman-l-johnson | organization:National Aeronautics and Space Administration, United States
mas-a-15-9-32 | Ingram Olkin | http://academic.research.microsoft.com/Author/10531489/ingram-olkin | organization:Stanford University
mas-a-15-9-33 | David A. Freedman | http://academic.research.microsoft.com/Author/12756967/david-a-freedman | organization:University of California Berkeley
mas-a-15-9-34 | David V. Hinkley | http://academic.research.microsoft.com/Author/12757261/david-v-hinkley | organization:University of Texas Austin
mas-a-15-9-35 | D. R. Cox | http://academic.research.microsoft.com/Author/53867017/d-r-cox | organization:Imperial College London
mas-a-15-9-36 | Ole BARNDORFF-NIELSEN | http://academic.research.microsoft.com/Author/223145/ole-barndorff-nielsen | organization:Aarhus University
mas-a-15-9-37 | Matthew P. Wand | http://academic.research.microsoft.com/Author/2595050/matthew-p-wand | organization:University of Wollongong
mas-a-15-9-38 | Alan Gelfand | http://academic.research.microsoft.com/Author/2065466/alan-gelfand | organization:Duke University
mas-a-15-9-39 | Wolfgang Karl Hardle (Wolfgang Karl Härdle) | http://academic.research.microsoft.com/Author/12530409/wolfgang-karl-hardle | organization:Humboldt University of Berlin
mas-a-15-9-40 | Michael B. Woodroofe | http://academic.research.microsoft.com/Author/754088/michael-b-woodroofe | organization:University of Michigan
mas-a-15-9-41 | J. Kiefer | http://academic.research.microsoft.com/Author/2759628/j-kiefer | organization:University of Michigan
mas-a-15-9-42 | Ross L. Prentice | http://academic.research.microsoft.com/Author/52588483/ross-l-prentice | organization:Fred Hutchinson Cancer Research Center
mas-a-15-9-43 | F. N. David | http://academic.research.microsoft.com/Author/12760509/f-n-david | organization:University College London
mas-a-15-9-44 | Joseph G. Ibrahim | http://academic.research.microsoft.com/Author/12537780/joseph-g-ibrahim | organization:University of North Carolina Chapel Hill
mas-a-15-9-45 | Geoffrey S. Watson | http://academic.research.microsoft.com/Author/12760224/geoffrey-s-watson | organization:Princeton University
mas-a-15-9-46 | George Casella | http://academic.research.microsoft.com/Author/2317395/george-casella | organization:University of Florida
mas-a-15-9-47 | Hans-Georg Muller (Hans-Georg Müller) | http://academic.research.microsoft.com/Author/2581319/hans-georg-muller | organization:University of California Davis
mas-a-15-9-48 | Andrew Gelman | http://academic.research.microsoft.com/Author/12376843/andrew-gelman | organization:Columbia University
mas-a-15-9-49 | Anastasios A. Tsiatis | http://academic.research.microsoft.com/Author/902279/anastasios-a-tsiatis | organization:North Carolina State University
mas-a-15-9-50 | Peter Buhlmann | http://academic.research.microsoft.com/Author/1766159/peter-buhlmann | organization:Swiss Federal Institute of Technology Zurich
mas-a-15-9-51 | Alexandre B. Tsybakov | http://academic.research.microsoft.com/Author/183988/alexandre-b-tsybakov | organization:GDR2602 Centre de Calcul Recherche et Enseignement
mas-a-15-9-52 | Peter J. Rousseeuw | http://academic.research.microsoft.com/Author/1053178/peter-j-rousseeuw | organization:University of Antwerp
mas-a-15-9-53 | Hira Lal Koul | http://academic.research.microsoft.com/Author/2592365/hira-lal-koul | organization:Michigan State University
mas-a-15-9-54 | Peter Diggle | http://academic.research.microsoft.com/Author/124344/peter-diggle | organization:Lancaster University
mas-a-15-9-55 | Iain M. Johnstone | http://academic.research.microsoft.com/Author/293536/iain-m-johnstone | organization:Stanford University
mas-a-15-9-56 | Bernard W. Silverman | http://academic.research.microsoft.com/Author/1449891/bernard-w-silverman | organization:University of Oxford
mas-a-15-9-57 | Jerome H. Friedman | http://academic.research.microsoft.com/Author/1633363/jerome-h-friedman | organization:The MITRE Corporation
mas-a-15-9-58 | Harvey Goldstein | http://academic.research.microsoft.com/Author/2453674/harvey-goldstein | organization:University of Bristol
mas-a-15-9-59 | Narayanaswamy Balakrishnan | http://academic.research.microsoft.com/Author/12535907/narayanaswamy-balakrishnan | organization:McMaster University
mas-a-15-9-60 | Holger Dette | http://academic.research.microsoft.com/Author/261546/holger-dette | organization:Ruhr University Bochum
mas-a-15-9-61 | David B. Dunson | http://academic.research.microsoft.com/Author/1515802/david-b-dunson | organization:Duke University
mas-a-15-9-62 | Hirotugu Akaike (赤池弘次) | http://academic.research.microsoft.com/Author/688531/hirotugu-akaike | organization:Institute of Statistical Mathematics
mas-a-15-9-63 | Christian Genest | http://academic.research.microsoft.com/Author/12534197/christian-genest | organization:McGill University
mas-a-15-9-64 | Christian P. Robert | http://academic.research.microsoft.com/Author/1498189/christian-p-robert | organization:Paris Dauphine University
mas-a-15-9-65 | Frank Proschan | http://academic.research.microsoft.com/Author/18014094/frank-proschan | organization:Florida State University
mas-a-15-9-66 | Jon A. Wellner | http://academic.research.microsoft.com/Author/702040/jon-a-wellner | organization:University of Washington
mas-a-15-9-67 | Alan Agresti | http://academic.research.microsoft.com/Author/12602858/alan-agresti | organization:University of Florida
mas-a-15-9-68 | Irène Gijbels | http://academic.research.microsoft.com/Author/3320637/ir-ne-gijbels | organization:Catholic University of Leuven
mas-a-15-9-69 | Laurens F. M. de Haan | http://academic.research.microsoft.com/Author/220084/laurens-f-m-de-haan | organization:Erasmus University of Rotterdam
mas-a-15-9-70 | Michael G. Kenward | http://academic.research.microsoft.com/Author/735313/michael-g-kenward | organization:London School of Hygiene & Tropical Medicine
mas-a-15-9-71 | Stephen L. Portnoy | http://academic.research.microsoft.com/Author/12545299/stephen-l-portnoy | organization:University of Illinois Urbana Champaign
mas-a-15-9-72 | Shanti S. Gupta | http://academic.research.microsoft.com/Author/53309444/shanti-s-gupta | organization:Purdue University
mas-a-15-9-73 | Clifford M. Hurvich | http://academic.research.microsoft.com/Author/3979603/clifford-m-hurvich | organization:New York University
mas-a-15-9-74 | Rudolf Beran | http://academic.research.microsoft.com/Author/55254123/rudolf-beran | organization:University of California Berkeley
mas-a-15-9-75 | Karl Pearson | http://academic.research.microsoft.com/Author/12757721/karl-pearson | organization:University of California Berkeley
mas-a-15-9-76 | Norman R. Draper | http://academic.research.microsoft.com/Author/12394866/norman-r-draper | organization:University of Wisconsin Madison
mas-a-15-9-77 | Noel Cressie | http://academic.research.microsoft.com/Author/277530/noel-cressie | organization:Ohio State University
mas-a-15-9-78 | Paul Rosenbaum | http://academic.research.microsoft.com/Author/324169/paul-rosenbaum | organization:University of Pennsylvania
mas-a-15-9-79 | Anthony C. Atkinson | http://academic.research.microsoft.com/Author/1719028/anthony-c-atkinson | organization:London School of Economics and Political Science
mas-a-15-9-80 | Nancy Reid | http://academic.research.microsoft.com/Author/12539566/nancy-reid | organization:University of Toronto
mas-a-15-9-81 | Marc Hallin | http://academic.research.microsoft.com/Author/309603/marc-hallin | organization:Université Libre de Bruxelles
mas-a-15-9-82 | Stuart R. Lipsitz | http://academic.research.microsoft.com/Author/53514963/stuart-r-lipsitz | organization:Medical University of South Carolina
mas-a-15-9-83 | Marc Yor | http://academic.research.microsoft.com/Author/1077880/marc-yor | organization:Pierre and Marie Curie University
mas-a-15-9-84 | Chih-Ling Tsai | http://academic.research.microsoft.com/Author/188494/chih-ling-tsai | organization:National Central University, Taiwan
mas-a-15-9-85 | Joseph B. Kadane | http://academic.research.microsoft.com/Author/10679055/joseph-b-kadane | organization:Carnegie Mellon University
mas-a-15-9-86 | Bruce Lindsay | http://academic.research.microsoft.com/Author/48455/bruce-lindsay | organization:Pennsylvania State University
mas-a-15-9-87 | Murad Taqqu | http://academic.research.microsoft.com/Author/1186679/murad-taqqu | organization:Boston University
mas-a-15-9-88 | George C. Tiao | http://academic.research.microsoft.com/Author/242239/george-c-tiao | organization:University of Wisconsin Madison
mas-a-15-9-89 | William E. Strawderman | http://academic.research.microsoft.com/Author/8200469/william-e-strawderman | organization:Rutgers, The State University of New Jersey
mas-a-15-9-90 | E. J. Hannan | http://academic.research.microsoft.com/Author/12886241/e-j-hannan | organization:Australian National University
mas-a-15-9-91 | Byron J. T. Morgan | http://academic.research.microsoft.com/Author/12548056/byron-j-t-morgan | organization:University of Kent
mas-a-15-9-92 | Persi Diaconis | http://academic.research.microsoft.com/Author/831322/persi-diaconis | organization:Stanford University
mas-a-15-9-93 | Luc Devroye | http://academic.research.microsoft.com/Author/1434993/luc-devroye | organization:McGill University
mas-a-15-9-94 | Leo Breiman | http://academic.research.microsoft.com/Author/211125/leo-breiman | organization:University of California Berkeley
mas-a-15-9-95 | Adrian Raftery | http://academic.research.microsoft.com/Author/743892/adrian-raftery | organization:University of Washington
mas-a-15-9-96 | James M. Robins | http://academic.research.microsoft.com/Author/10680339/james-m-robins | organization:Harvard University
mas-a-15-9-97 | Ricardo Fraiman | http://academic.research.microsoft.com/Author/2155577/ricardo-fraiman | organization:Universidad de San Andrés Buenos Aires
mas-a-15-9-98 | Peter M. Robinson | http://academic.research.microsoft.com/Author/10219269/peter-m-robinson | organization:London School of Economics and Political Science
mas-a-15-9-99 | J. Wolfowitz | http://academic.research.microsoft.com/Author/41980207/j-wolfowitz | organization:London School of Economics and Political Science
mas-a-15-9-100 | Richard David Gill | http://academic.research.microsoft.com/Author/742562/richard-david-gill | organization:Leiden University
