reference-1-1 | navigation | https://en.wikipedia.org/wiki/#mw-head | 
reference-2-2 | search | https://en.wikipedia.org/wiki/#p-search | 
reference-3-3 | List of members of the National Academy of Sciences | https://en.wikipedia.org/wiki/List_of_members_of_the_National_Academy_of_Sciences | 
reference-4-4 | United States | https://en.wikipedia.org/wiki/United_States | 
reference-5-5 | National Academy of Sciences | https://en.wikipedia.org/wiki/United_States_National_Academy_of_Sciences | 
reference-6-6 | David Allis | https://en.wikipedia.org/wiki/David_Allis | 
reference-7-7 | The Rockefeller University | https://en.wikipedia.org/wiki/The_Rockefeller_University | 
reference-8-8 | Paul Berg | https://en.wikipedia.org/wiki/Paul_Berg | 
reference-9-9 | Stanford University | https://en.wikipedia.org/wiki/Stanford_University | 
reference-10-10 | Max Birnstiel | https://en.wikipedia.org/wiki/Max_Birnstiel | 
reference-11-11 | Intercell | https://en.wikipedia.org/wiki/Intercell | 
reference-12-12 | J. Michael Bishop | https://en.wikipedia.org/wiki/J._Michael_Bishop | 
reference-13-13 | University of California, San Francisco | https://en.wikipedia.org/wiki/University_of_California,_San_Francisco | 
reference-14-14 | Mina Bissell | https://en.wikipedia.org/wiki/Mina_Bissell | 
reference-15-15 | University of California, Berkeley | https://en.wikipedia.org/wiki/University_of_California,_Berkeley | 
reference-16-16 | Günter Blobel | https://en.wikipedia.org/wiki/G%C3%BCnter_Blobel | 
reference-17-17 | Rockefeller University | https://en.wikipedia.org/wiki/Rockefeller_University | 
reference-18-18 | Gary G. Borisy | https://en.wikipedia.org/w/index.php?title=Gary_G._Borisy&action=edit&redlink=1 | 
reference-19-19 | Marine Biological Laboratory | https://en.wikipedia.org/wiki/Marine_Biological_Laboratory | 
reference-20-20 | Piet Borst | https://en.wikipedia.org/wiki/Piet_Borst | 
reference-21-21 | Netherlands Cancer Institute | https://en.wikipedia.org/wiki/Netherlands_Cancer_Institute | 
reference-22-22 | R. L. Brinster | https://en.wikipedia.org/w/index.php?title=R._L._Brinster&action=edit&redlink=1 | 
reference-23-23 | University of Pennsylvania | https://en.wikipedia.org/wiki/University_of_Pennsylvania | 
reference-24-24 | Donald Brown | https://en.wikipedia.org/w/index.php?title=Donald_Brown_(biologist)&action=edit&redlink=1 | 
reference-25-25 | Carnegie Institution of Washington | https://en.wikipedia.org/wiki/Carnegie_Institution_of_Washington | 
reference-26-26 | Joan Brugge | https://en.wikipedia.org/wiki/Joan_Brugge | 
reference-27-27 | Harvard University | https://en.wikipedia.org/wiki/Harvard_University | 
reference-28-28 | Margaret Buckingham | https://en.wikipedia.org/wiki/Margaret_Buckingham | 
reference-29-29 | Institut Pasteur | https://en.wikipedia.org/wiki/Institut_Pasteur | 
reference-30-30 | Lewis Cantley | https://en.wikipedia.org/w/index.php?title=Lewis_Cantley&action=edit&redlink=1 | 
reference-31-31 | Mario Capecchi | https://en.wikipedia.org/wiki/Mario_Capecchi | 
reference-32-32 | University of Utah | https://en.wikipedia.org/wiki/University_of_Utah | 
reference-33-33 | John Carlson | https://en.wikipedia.org/wiki/John_Carlson_(biologist) | 
reference-34-34 | Yale University | https://en.wikipedia.org/wiki/Yale_University | 
reference-35-35 | Constance Cepko | https://en.wikipedia.org/wiki/Constance_Cepko | 
reference-36-36 | Pierre Chambon | https://en.wikipedia.org/wiki/Pierre_Chambon | 
reference-37-37 | Institut de Genetique et de Biologie Moleculaire et Cellulaire (IGBMC) | https://en.wikipedia.org/w/index.php?title=Institut_de_Genetique_et_de_Biologie_Moleculaire_et_Cellulaire_(IGBMC)&action=edit&redlink=1 | 
reference-38-38 | Don W. Cleveland | https://en.wikipedia.org/wiki/Don_W._Cleveland | 
reference-39-39 | University of California, San Diego | https://en.wikipedia.org/wiki/University_of_California,_San_Diego | 
reference-40-40 | Stanley Cohen | https://en.wikipedia.org/wiki/Stanley_Cohen_(neurologist) | 
reference-41-41 | Vanderbilt University | https://en.wikipedia.org/wiki/Vanderbilt_University | 
reference-42-42 | James Darnell | https://en.wikipedia.org/wiki/James_Darnell | 
reference-43-43 | Igor Dawid | https://en.wikipedia.org/w/index.php?title=Igor_Dawid&action=edit&redlink=1 | 
reference-44-44 | National Institutes of Health | https://en.wikipedia.org/wiki/National_Institutes_of_Health | 
reference-45-45 | Edward M. De Robertis | https://en.wikipedia.org/wiki/Edward_M._De_Robertis | 
reference-46-46 | University of California, Los Angeles | https://en.wikipedia.org/wiki/University_of_California,_Los_Angeles | 
reference-47-47 | Eugenia Del Pino | https://en.wikipedia.org/wiki/Eugenia_Del_Pino | 
reference-48-48 | Pontificia Universidad Católica del Ecuador | https://en.wikipedia.org/wiki/Pontificia_Universidad_Cat%C3%B3lica_del_Ecuador | 
reference-49-49 | Denis Duboule | https://en.wikipedia.org/wiki/Denis_Duboule | 
reference-50-50 | École Polytechnique Fédérale de Lausanne | https://en.wikipedia.org/wiki/%C3%89cole_Polytechnique_F%C3%A9d%C3%A9rale_de_Lausanne | 
reference-51-51 | Peter Duesberg | https://en.wikipedia.org/wiki/Peter_Duesberg | 
reference-52-52 | Scott Emr | https://en.wikipedia.org/w/index.php?title=Scott_Emr&action=edit&redlink=1 | 
reference-53-53 | Cornell University | https://en.wikipedia.org/wiki/Cornell_University | 
reference-54-54 | R. L. Erikson | https://en.wikipedia.org/w/index.php?title=R._L._Erikson&action=edit&redlink=1 | 
reference-55-55 | Madilyn Gist Farquhar | https://en.wikipedia.org/w/index.php?title=Madilyn_Gist_Farquhar&action=edit&redlink=1 | 
reference-56-56 | Don Fawcett | https://en.wikipedia.org/wiki/Don_Fawcett | 
reference-57-57 | Elaine Fuchs | https://en.wikipedia.org/wiki/Elaine_Fuchs | 
reference-58-58 | Margaret T. Fuller | https://en.wikipedia.org/wiki/Margaret_T._Fuller | 
reference-59-59 | Joseph Gall | https://en.wikipedia.org/wiki/Joseph_Gall | 
reference-60-60 | Walter Gehring | https://en.wikipedia.org/wiki/Walter_Gehring | 
reference-61-61 | University of Basel | https://en.wikipedia.org/wiki/University_of_Basel | 
reference-62-62 | John C. Gerhart | https://en.wikipedia.org/wiki/John_C._Gerhart | 
reference-63-63 | Howard Green | https://en.wikipedia.org/w/index.php?title=Howard_Green_(biologist)&action=edit&redlink=1 | 
reference-64-64 | Jerome Gross | https://en.wikipedia.org/w/index.php?title=Jerome_Gross&action=edit&redlink=1 | 
reference-65-65 | John Gurdon | https://en.wikipedia.org/wiki/John_Gurdon | 
reference-66-66 | University of Cambridge | https://en.wikipedia.org/wiki/University_of_Cambridge | 
reference-67-67 | W. A. Hagins | https://en.wikipedia.org/w/index.php?title=W._A._Hagins&action=edit&redlink=1 | 
reference-68-68 | Leland Hartwell | https://en.wikipedia.org/wiki/Leland_Hartwell | 
reference-69-69 | Fred Hutchinson Cancer Research Center | https://en.wikipedia.org/wiki/Fred_Hutchinson_Cancer_Research_Center | 
reference-70-70 | Elizabeth Hay | https://en.wikipedia.org/wiki/Betty_Hay | 
reference-71-71 | Brigid L. Hogan | https://en.wikipedia.org/wiki/Brigid_Hogan | 
reference-72-72 | Duke University | https://en.wikipedia.org/wiki/Duke_University | 
reference-73-73 | David Hogness | https://en.wikipedia.org/wiki/David_Hogness | 
reference-74-74 | Tim Hunt | https://en.wikipedia.org/wiki/Tim_Hunt | 
reference-75-75 | Cancer Research UK | https://en.wikipedia.org/wiki/Cancer_Research_UK | 
reference-76-76 | Richard Hynes | https://en.wikipedia.org/wiki/Richard_Hynes | 
reference-77-77 | Massachusetts Institute of Technology | https://en.wikipedia.org/wiki/Massachusetts_Institute_of_Technology | 
reference-78-78 | Shinya Inoue | https://en.wikipedia.org/wiki/Shinya_Inoue | 
reference-79-79 | Fotis Kafatos | https://en.wikipedia.org/wiki/Fotis_Kafatos | 
reference-80-80 | European Molecular Biology Laboratory | https://en.wikipedia.org/wiki/European_Molecular_Biology_Laboratory | 
reference-81-81 | Thomas C. Kaufman | https://en.wikipedia.org/w/index.php?title=Thomas_C._Kaufman&action=edit&redlink=1 | 
reference-82-82 | Indiana University | https://en.wikipedia.org/wiki/Indiana_University | 
reference-83-83 | Judith Kimble | https://en.wikipedia.org/wiki/Judith_Kimble | 
reference-84-84 | University of Wisconsin–Madison | https://en.wikipedia.org/wiki/University_of_Wisconsin%E2%80%93Madison | 
reference-85-85 | David Kingsley | https://en.wikipedia.org/wiki/David_Kingsley | 
reference-86-86 | Marc Kirschner | https://en.wikipedia.org/wiki/Marc_Kirschner | 
reference-87-87 | Aaron Klug | https://en.wikipedia.org/wiki/Aaron_Klug | 
reference-88-88 | Medical Research Council | https://en.wikipedia.org/wiki/Medical_Research_Council_(UK) | 
reference-89-89 | Philip Leder | https://en.wikipedia.org/wiki/Philip_Leder | 
reference-90-90 | Ruth Lehmann | https://en.wikipedia.org/wiki/Ruth_Lehmann | 
reference-91-91 | New York University | https://en.wikipedia.org/wiki/New_York_University | 
reference-92-92 | Michael Levine | https://en.wikipedia.org/wiki/Michael_Levine_(biologist) | 
reference-93-93 | Jennifer Lippincott-Schwartz | https://en.wikipedia.org/wiki/Jennifer_Lippincott-Schwartz | 
reference-94-94 | Harvey Lodish | https://en.wikipedia.org/wiki/Harvey_Lodish | 
reference-95-95 | Richard Losick | https://en.wikipedia.org/wiki/Richard_Losick | 
reference-96-96 | Anthony Mahowald | https://en.wikipedia.org/w/index.php?title=Anthony_Mahowald&action=edit&redlink=1 | 
reference-97-97 | University of Chicago | https://en.wikipedia.org/wiki/University_of_Chicago | 
reference-98-98 | Nicole Marthe Le Douarin | https://en.wikipedia.org/wiki/Nicole_Marthe_Le_Douarin | 
reference-99-99 | Académie des Sciences de l'Institut de France | https://en.wikipedia.org/wiki/French_Academy_of_Sciences | 
reference-100-100 | Gail R. Martin | https://en.wikipedia.org/wiki/Gail_R._Martin | 
reference-101-101 | Joan Massague | https://en.wikipedia.org/wiki/Joan_Massague | 
reference-102-102 | Memorial Sloan-Kettering Cancer Center | https://en.wikipedia.org/wiki/Memorial_Sloan-Kettering_Cancer_Center | 
reference-103-103 | J. Richard McIntosh | https://en.wikipedia.org/w/index.php?title=J._Richard_McIntosh&action=edit&redlink=1 | 
reference-104-104 | University of Colorado at Boulder | https://en.wikipedia.org/wiki/University_of_Colorado_at_Boulder | 
reference-105-105 | Steven McKnight | https://en.wikipedia.org/w/index.php?title=Steven_McKnight&action=edit&redlink=1 | 
reference-106-106 | University of Texas Southwestern Medical Center at Dallas | https://en.wikipedia.org/wiki/University_of_Texas_Southwestern_Medical_Center_at_Dallas | 
reference-107-107 | Ira Mellman | https://en.wikipedia.org/wiki/Ira_Mellman | 
reference-108-108 | Genentech | https://en.wikipedia.org/wiki/Genentech | 
reference-109-109 | Douglas Melton | https://en.wikipedia.org/wiki/Douglas_Melton | 
reference-110-110 | Oscar Miller | https://en.wikipedia.org/w/index.php?title=Oscar_Miller_(scientist)&action=edit&redlink=1 | 
reference-111-111 | University of Virginia | https://en.wikipedia.org/wiki/University_of_Virginia | 
reference-112-112 | Aron Arthur Moscona | https://en.wikipedia.org/wiki/Aron_Arthur_Moscona | 
reference-113-113 | Paul Nurse | https://en.wikipedia.org/wiki/Paul_Nurse | 
reference-114-114 | Roeland Nusse | https://en.wikipedia.org/wiki/Roeland_Nusse | 
reference-115-115 | Christiane Nüsslein-Volhard | https://en.wikipedia.org/wiki/Christiane_N%C3%BCsslein-Volhard | 
reference-116-116 | Max Planck Institute for Developmental Biology | https://en.wikipedia.org/wiki/Max_Planck_Institute_for_Developmental_Biology | 
reference-117-117 | Eric Olson | https://en.wikipedia.org/w/index.php?title=Eric_Olson_(biologist)&action=edit&redlink=1 | 
reference-118-118 | Lelio Orci | https://en.wikipedia.org/w/index.php?title=Lelio_Orci&action=edit&redlink=1 | 
reference-119-119 | University of Geneva | https://en.wikipedia.org/wiki/University_of_Geneva | 
reference-120-120 | George Emil Palade | https://en.wikipedia.org/wiki/George_Emil_Palade | 
reference-121-121 | Arthur Pardee | https://en.wikipedia.org/wiki/Arthur_Pardee | 
reference-122-122 | Sheldon Penman | https://en.wikipedia.org/w/index.php?title=Sheldon_Penman&action=edit&redlink=1 | 
reference-123-123 | Norbert Perrimon | https://en.wikipedia.org/wiki/Norbert_Perrimon | 
reference-124-124 | Robert P. Perry | https://en.wikipedia.org/w/index.php?title=Robert_P._Perry&action=edit&redlink=1 | 
reference-125-125 | Fox Chase Cancer Center | https://en.wikipedia.org/wiki/Fox_Chase_Cancer_Center | 
reference-126-126 | Lennart Philipson | https://en.wikipedia.org/w/index.php?title=Lennart_Philipson&action=edit&redlink=1 | 
reference-127-127 | Karolinska Institute | https://en.wikipedia.org/wiki/Karolinska_Institute | 
reference-128-128 | David Prescott | https://en.wikipedia.org/wiki/David_Prescott | 
reference-129-129 | Martin Raff | https://en.wikipedia.org/wiki/Martin_Raff | 
reference-130-130 | University of London | https://en.wikipedia.org/wiki/University_of_London | 
reference-131-131 | Anjana Rao | https://en.wikipedia.org/w/index.php?title=Anjana_Rao&action=edit&redlink=1 | 
reference-132-132 | La Jolla Institute for Allergy and Immunology | https://en.wikipedia.org/wiki/La_Jolla_Institute_for_Allergy_and_Immunology | 
reference-133-133 | Robert G. Roeder | https://en.wikipedia.org/wiki/Robert_G._Roeder | 
reference-134-134 | Michael Rosbash | https://en.wikipedia.org/wiki/Michael_Rosbash | 
reference-135-135 | Brandeis University | https://en.wikipedia.org/wiki/Brandeis_University | 
reference-136-136 | Janet Rossant | https://en.wikipedia.org/wiki/Janet_Rossant | 
reference-137-137 | University of Toronto | https://en.wikipedia.org/wiki/University_of_Toronto | 
reference-138-138 | James Rothman | https://en.wikipedia.org/wiki/James_Rothman | 
reference-139-139 | Columbia University | https://en.wikipedia.org/wiki/Columbia_University | 
reference-140-140 | Francis Ruddle | https://en.wikipedia.org/wiki/Francis_Ruddle | 
reference-141-141 | Joan Ruderman | https://en.wikipedia.org/wiki/Joan_Ruderman | 
reference-142-142 | David Sabatini | https://en.wikipedia.org/wiki/David_Sabatini | 
reference-143-143 | John W. Saunders, Jr. | https://en.wikipedia.org/w/index.php?title=John_W._Saunders,_Jr.&action=edit&redlink=1 | 
reference-144-144 | State University of New York at Albany | https://en.wikipedia.org/wiki/State_University_of_New_York_at_Albany | 
reference-145-145 | Gordon Sato | https://en.wikipedia.org/wiki/Gordon_Sato | 
reference-146-146 | Ministry of Fisheries of Eritrea | https://en.wikipedia.org/w/index.php?title=Ministry_of_Fisheries_of_Eritrea&action=edit&redlink=1 | 
reference-147-147 | Gertrud Schüpbach | https://en.wikipedia.org/wiki/Gertrud_Sch%C3%BCpbach | 
reference-148-148 | Princeton University | https://en.wikipedia.org/wiki/Princeton_University | 
reference-149-149 | Lucy Shapiro | https://en.wikipedia.org/wiki/Lucy_Shapiro | 
reference-150-150 | Phillip Sharp | https://en.wikipedia.org/wiki/Phillip_Sharp | 
reference-151-151 | Aaron Shatkin | https://en.wikipedia.org/w/index.php?title=Aaron_Shatkin&action=edit&redlink=1 | 
reference-152-152 | Center for Advanced Biotechnology and Medicine | https://en.wikipedia.org/wiki/Center_for_Advanced_Biotechnology_and_Medicine | 
reference-153-153 | Philip Siekevitz | https://en.wikipedia.org/w/index.php?title=Philip_Siekevitz&action=edit&redlink=1 | 
reference-154-154 | Kai Simons | https://en.wikipedia.org/wiki/Kai_Simons | 
reference-155-155 | Max Planck Institute for Molecular Cell Biology and Genetics | https://en.wikipedia.org/wiki/Max_Planck_Institute_for_Molecular_Cell_Biology_and_Genetics | 
reference-156-156 | Robert H. Singer | https://en.wikipedia.org/wiki/Robert_H._Singer | 
reference-157-157 | Albert Einstein College of Medicine of Yeshiva University | https://en.wikipedia.org/wiki/Albert_Einstein_College_of_Medicine_of_Yeshiva_University | 
reference-158-158 | S. J. Singer | https://en.wikipedia.org/wiki/S._J._Singer | 
reference-159-159 | James Spudich | https://en.wikipedia.org/wiki/James_Spudich | 
reference-160-160 | Paul W. Sternberg | https://en.wikipedia.org/w/index.php?title=Paul_W._Sternberg&action=edit&redlink=1 | 
reference-161-161 | California Institute of Technology | https://en.wikipedia.org/wiki/California_Institute_of_Technology | 
reference-162-162 | Gary Struhl | https://en.wikipedia.org/w/index.php?title=Gary_Struhl&action=edit&redlink=1 | 
reference-163-163 | Kevin Struhl | https://en.wikipedia.org/w/index.php?title=Kevin_Struhl&action=edit&redlink=1 | 
reference-164-164 | Clifford J. Tabin | https://en.wikipedia.org/w/index.php?title=Clifford_J._Tabin&action=edit&redlink=1 | 
reference-165-165 | Masatoshi Takeichi | https://en.wikipedia.org/wiki/Masatoshi_Takeichi | 
reference-166-166 | RIKEN | https://en.wikipedia.org/wiki/RIKEN | 
reference-167-167 | Edwin Taylor | https://en.wikipedia.org/w/index.php?title=Edwin_Taylor_(biologist)&action=edit&redlink=1 | 
reference-168-168 | Northwestern University | https://en.wikipedia.org/wiki/Northwestern_University | 
reference-169-169 | Shirley M. Tilghman | https://en.wikipedia.org/wiki/Shirley_M._Tilghman | 
reference-170-170 | Lewis Tilney | https://en.wikipedia.org/w/index.php?title=Lewis_Tilney&action=edit&redlink=1 | 
reference-171-171 | Robert Tjian | https://en.wikipedia.org/wiki/Robert_Tjian | 
reference-172-172 | Susumu Tonegawa | https://en.wikipedia.org/wiki/Susumu_Tonegawa | 
reference-173-173 | Ronald Vale | https://en.wikipedia.org/wiki/Ronald_Vale | 
reference-174-174 | Salome Waelsch | https://en.wikipedia.org/wiki/Salome_Waelsch | 
reference-175-175 | Yeshiva University | https://en.wikipedia.org/wiki/Yeshiva_University | 
reference-176-176 | Eric F. Wieschaus | https://en.wikipedia.org/wiki/Eric_F._Wieschaus | 
reference-177-177 | Keith Yamamoto | https://en.wikipedia.org/wiki/Keith_Yamamoto | 
reference-178-178 | Michael W. Young | https://en.wikipedia.org/wiki/Michael_W._Young | 
reference-179-179 | Richard A. Young | https://en.wikipedia.org/wiki/Richard_A._Young | 
reference-180-180 | edit | https://en.wikipedia.org/w/index.php?title=Template:List_of_members_of_the_National_Academy_of_Sciences/refcats&action=edit&section=T-1 | 
reference-181-181 | Members directory | http://www.nasonline.org/site/Dir?sid=1011&view=basic&pg=srch | 
reference-182-182 | v | https://en.wikipedia.org/wiki/Template:National_Academy_of_Sciences | 
reference-183-183 | t | https://en.wikipedia.org/w/index.php?title=Template_talk:National_Academy_of_Sciences&action=edit&redlink=1 | 
reference-184-184 | e | http://en.wikipedia.org/w/index.php?title=Template:National_Academy_of_Sciences&action=edit | 
reference-185-185 | National Academy of Sciences | https://en.wikipedia.org/wiki/National_Academy_of_Sciences | 
reference-186-186 | Alexander Hollaender Award in Biophysics | https://en.wikipedia.org/wiki/Alexander_Hollaender_Award_in_Biophysics | 
reference-187-187 | Gilbert Morgan Smith Medal | https://en.wikipedia.org/wiki/Gilbert_Morgan_Smith_Medal | 
reference-188-188 | Jessie Stevenson Kovalenko Medal | https://en.wikipedia.org/wiki/Jessie_Stevenson_Kovalenko_Medal | 
reference-189-189 | NAS Award in Molecular Biology | https://en.wikipedia.org/wiki/NAS_Award_in_Molecular_Biology | 
reference-190-190 | NAS Award in the Neurosciences | https://en.wikipedia.org/wiki/NAS_Award_in_the_Neurosciences | 
reference-191-191 | Richard Lounsbery Award | https://en.wikipedia.org/wiki/Richard_Lounsbery_Award | 
reference-192-192 | Selman A. Waksman Award in Microbiology | https://en.wikipedia.org/wiki/Selman_A._Waksman_Award_in_Microbiology | 
reference-193-193 | Alexander Agassiz Medal | https://en.wikipedia.org/wiki/Alexander_Agassiz_Medal | 
reference-194-194 | Arthur L. Day Prize and Lectureship | https://en.wikipedia.org/wiki/Arthur_L._Day_Prize_and_Lectureship | 
reference-195-195 | Daniel Giraud Elliot Medal | https://en.wikipedia.org/wiki/Daniel_Giraud_Elliot_Medal | 
reference-196-196 | G. K. Warren Prize | https://en.wikipedia.org/wiki/G._K._Warren_Prize | 
reference-197-197 | Mary Clark Thompson Medal | https://en.wikipedia.org/wiki/Mary_Clark_Thompson_Medal | 
reference-198-198 | Charles Doolittle Walcott Medal | https://en.wikipedia.org/wiki/Charles_Doolittle_Walcott_Medal | 
reference-199-199 | Stanley Miller Medal | https://en.wikipedia.org/wiki/Stanley_Miller_Medal | 
reference-200-200 | Gibbs Brothers Medal | https://en.wikipedia.org/wiki/Gibbs_Brothers_Medal | 
reference-201-201 | NAS Award for the Industrial Application of Science | https://en.wikipedia.org/wiki/NAS_Award_for_the_Industrial_Application_of_Science | 
reference-202-202 | J.C. Hunsaker Award in Aeronautical Engineering | https://en.wikipedia.org/wiki/NAS_Award_in_Aeronautical_Engineering | 
reference-203-203 | Arctowski Medal | https://en.wikipedia.org/wiki/Arctowski_Medal | 
reference-204-204 | Comstock Prize in Physics | https://en.wikipedia.org/wiki/Comstock_Prize_in_Physics | 
reference-205-205 | Henry Draper Medal | https://en.wikipedia.org/wiki/Henry_Draper_Medal | 
reference-206-206 | J. Lawrence Smith Medal | https://en.wikipedia.org/wiki/J._Lawrence_Smith_Medal | 
reference-207-207 | James Craig Watson Medal | https://en.wikipedia.org/wiki/James_Craig_Watson_Medal | 
reference-208-208 | NAS Award in Chemical Sciences | https://en.wikipedia.org/wiki/NAS_Award_in_Chemical_Sciences | 
reference-209-209 | NAS Award for Chemistry in Service to Society | https://en.wikipedia.org/wiki/NAS_Award_for_Chemistry_in_Service_to_Society | 
reference-210-210 | NAS Award in Mathematics | https://en.wikipedia.org/wiki/NAS_Award_in_Mathematics | 
reference-211-211 | William O. Baker Award for Initiatives in Research | https://en.wikipedia.org/wiki/William_O._Baker_Award_for_Initiatives_in_Research | 
reference-212-212 | NAS Award for Behavioral Research Relevant to the Prevention of Nuclear War | https://en.wikipedia.org/wiki/NAS_Award_for_Behavioral_Research_Relevant_to_the_Prevention_of_Nuclear_War | 
reference-213-213 | Troland Research Awards | https://en.wikipedia.org/wiki/Troland_Research_Awards | 
reference-214-214 | Public Welfare Medal | https://en.wikipedia.org/wiki/Public_Welfare_Medal | 
reference-215-215 | John J. Carty Award for the Advancement of Science | https://en.wikipedia.org/wiki/John_J._Carty_Award_for_the_Advancement_of_Science | 
reference-216-216 | NAS Award for Scientific Reviewing | https://en.wikipedia.org/wiki/NAS_Award_for_Scientific_Reviewing | 
reference-217-217 | National Academy of Engineering | https://en.wikipedia.org/wiki/National_Academy_of_Engineering | 
reference-218-218 | National Academy of Medicine | https://en.wikipedia.org/wiki/National_Academy_of_Medicine | 
reference-219-219 | https://en.wikipedia.org/w/index.php?title=List_of_members_of_the_National_Academy_of_Sciences_(Cellular_and_developmental_biology)&oldid=743874563 | https://en.wikipedia.org/w/index.php?title=List_of_members_of_the_National_Academy_of_Sciences_(Cellular_and_developmental_biology)&oldid=743874563 | 
reference-220-220 | Categories | https://en.wikipedia.org/wiki/Help:Category | 
reference-221-221 | Lists of members of learned societies | https://en.wikipedia.org/wiki/Category:Lists_of_members_of_learned_societies | 
reference-222-222 | Members of the United States National Academy of Sciences | https://en.wikipedia.org/wiki/Category:Members_of_the_United_States_National_Academy_of_Sciences | 
reference-223-223 | Lists of members of the National Academy of Sciences | https://en.wikipedia.org/wiki/Category:Lists_of_members_of_the_National_Academy_of_Sciences | 
reference-224-224 | Talk | https://en.wikipedia.org/wiki/Special:MyTalk | 
reference-225-225 | Contributions | https://en.wikipedia.org/wiki/Special:MyContributions | 
reference-226-226 | Create account | https://en.wikipedia.org/w/index.php?title=Special:CreateAccount&returnto=List+of+members+of+the+National+Academy+of+Sciences+%28Cellular+and+developmental+biology%29 | 
reference-227-227 | Log in | https://en.wikipedia.org/w/index.php?title=Special:UserLogin&returnto=List+of+members+of+the+National+Academy+of+Sciences+%28Cellular+and+developmental+biology%29 | 
reference-228-228 | Article | https://en.wikipedia.org/wiki/List_of_members_of_the_National_Academy_of_Sciences_(Cellular_and_developmental_biology) | 
reference-229-229 | Talk | https://en.wikipedia.org/wiki/Talk:List_of_members_of_the_National_Academy_of_Sciences_(Cellular_and_developmental_biology) | 
reference-230-230 | # | https://en.wikipedia.org/wiki/# | 
reference-231-231 | Edit | https://en.wikipedia.org/w/index.php?title=List_of_members_of_the_National_Academy_of_Sciences_(Cellular_and_developmental_biology)&action=edit | 
reference-232-232 | View history | https://en.wikipedia.org/w/index.php?title=List_of_members_of_the_National_Academy_of_Sciences_(Cellular_and_developmental_biology)&action=history | 
reference-233-233 | /wiki/Main_Page | https://en.wikipedia.org/wiki/Main_Page | 
reference-234-234 | Contents | https://en.wikipedia.org/wiki/Portal:Contents | 
reference-235-235 | Featured content | https://en.wikipedia.org/wiki/Portal:Featured_content | 
reference-236-236 | Current events | https://en.wikipedia.org/wiki/Portal:Current_events | 
reference-237-237 | Random article | https://en.wikipedia.org/wiki/Special:Random | 
reference-238-238 | Donate to Wikipedia | https://donate.wikimedia.org/wiki/Special:FundraiserRedirector?utm_source=donate&utm_medium=sidebar&utm_campaign=C13_en.wikipedia.org&uselang=en | 
reference-239-239 | Wikipedia store | http://shop.wikimedia.org | 
reference-240-240 | Help | https://en.wikipedia.org/wiki/Help:Contents | 
reference-241-241 | About Wikipedia | https://en.wikipedia.org/wiki/Wikipedia:About | 
reference-242-242 | Community portal | https://en.wikipedia.org/wiki/Wikipedia:Community_portal | 
reference-243-243 | Recent changes | https://en.wikipedia.org/wiki/Special:RecentChanges | 
reference-244-244 | Contact page | http://en.wikipedia.org/wiki/Wikipedia:Contact_us | 
reference-245-245 | What links here | https://en.wikipedia.org/wiki/Special:WhatLinksHere/List_of_members_of_the_National_Academy_of_Sciences_(Cellular_and_developmental_biology) | 
reference-246-246 | Related changes | https://en.wikipedia.org/wiki/Special:RecentChangesLinked/List_of_members_of_the_National_Academy_of_Sciences_(Cellular_and_developmental_biology) | 
reference-247-247 | Upload file | https://en.wikipedia.org/wiki/Wikipedia:File_Upload_Wizard | 
reference-248-248 | Special pages | https://en.wikipedia.org/wiki/Special:SpecialPages | 
reference-249-249 | Permanent link | https://en.wikipedia.org/w/index.php?title=List_of_members_of_the_National_Academy_of_Sciences_(Cellular_and_developmental_biology)&oldid=743874563 | 
reference-250-250 | Page information | https://en.wikipedia.org/w/index.php?title=List_of_members_of_the_National_Academy_of_Sciences_(Cellular_and_developmental_biology)&action=info | 
reference-251-251 | Wikidata item | https://www.wikidata.org/wiki/Q6628168 | 
reference-252-252 | Cite this page | https://en.wikipedia.org/w/index.php?title=Special:CiteThisPage&page=List_of_members_of_the_National_Academy_of_Sciences_%28Cellular_and_developmental_biology%29&id=743874563 | 
reference-253-253 | Create a book | https://en.wikipedia.org/w/index.php?title=Special:Book&bookcmd=book_creator&referer=List+of+members+of+the+National+Academy+of+Sciences+%28Cellular+and+developmental+biology%29 | 
reference-254-254 | Download as PDF | https://en.wikipedia.org/w/index.php?title=Special:Book&bookcmd=render_article&arttitle=List+of+members+of+the+National+Academy+of+Sciences+%28Cellular+and+developmental+biology%29&returnto=List+of+members+of+the+National+Academy+of+Sciences+%28Cellular+and+developmental+biology%29&oldid=743874563&writer=rdf2latex | 
reference-255-255 | Printable version | https://en.wikipedia.org/w/index.php?title=List_of_members_of_the_National_Academy_of_Sciences_(Cellular_and_developmental_biology)&printable=yes | 
reference-256-256 | Add links | https://www.wikidata.org/wiki/Q6628168#sitelinks-wikipedia | 
reference-257-257 | Creative Commons Attribution-ShareAlike License | http://en.wikipedia.org/wiki/Wikipedia:Text_of_Creative_Commons_Attribution-ShareAlike_3.0_Unported_License | 
reference-258-258 | //creativecommons.org/licenses/by-sa/3.0/ | http://creativecommons.org/licenses/by-sa/3.0/ | 
reference-259-259 | Terms of Use | http://wikimediafoundation.org/wiki/Terms_of_Use | 
reference-260-260 | Privacy Policy | http://wikimediafoundation.org/wiki/Privacy_policy | 
reference-261-261 | Wikimedia Foundation, Inc. | http://www.wikimediafoundation.org/ | 
reference-262-262 | Privacy policy | https://wikimediafoundation.org/wiki/Privacy_policy | 
reference-263-263 | Disclaimers | https://en.wikipedia.org/wiki/Wikipedia:General_disclaimer | 
reference-264-264 | Developers | https://www.mediawiki.org/wiki/Special:MyLanguage/How_to_contribute | 
reference-265-265 | Cookie statement | https://wikimediafoundation.org/wiki/Cookie_statement | 
reference-266-266 | Mobile view | http://en.m.wikipedia.org/w/index.php?title=List_of_members_of_the_National_Academy_of_Sciences_(Cellular_and_developmental_biology)&mobileaction=toggle_view_mobile | 
reference-267-267 | https://wikimediafoundation.org/ | https://wikimediafoundation.org/ | 
reference-268-268 | //mediawiki.org/ | http://www.mediawiki.org/ | 
